0 verbose cli /usr/local/bin/node /usr/local/bin/npm
1 info using npm@11.11.0
2 info using node@v24.14.1
3 silly config load:file:/usr/local/lib/node_modules/npm/npmrc
4 silly config load:file:/Users/derek/Documents/Codex/2026-06-24/adhd-web-app-derek-api-route/.npmrc
5 silly config load:file:/Users/derek/.npmrc
6 silly config load:file:/usr/local/etc/npmrc
7 verbose title npm install
8 verbose argv "install" "--cache" "./work/npm-cache"
9 verbose logfile logs-max:10 dir:/Users/derek/Documents/Codex/2026-06-24/adhd-web-app-derek-api-route/work/npm-cache/_logs/2026-06-24T07_32_45_743Z-
10 verbose logfile /Users/derek/Documents/Codex/2026-06-24/adhd-web-app-derek-api-route/work/npm-cache/_logs/2026-06-24T07_32_45_743Z-debug-0.log
11 silly logfile done cleaning log files
12 silly packumentCache heap:2348810240 maxSize:587202560 maxEntrySize:293601280
13 silly idealTree buildDeps
14 silly fetch manifest @supabase/supabase-js@^2.52.0
15 silly packumentCache full:https://registry.npmjs.org/@supabase%2fsupabase-js cache-miss
16 http fetch GET 200 https://registry.npmjs.org/npm 919ms
17 http fetch GET 200 https://registry.npmjs.org/@supabase%2fsupabase-js 991ms (cache miss)
18 silly packumentCache full:https://registry.npmjs.org/@supabase%2fsupabase-js set size:undefined disposed:false
19 silly fetch manifest clsx@^2.1.1
20 silly packumentCache full:https://registry.npmjs.org/clsx cache-miss
21 http fetch GET 200 https://registry.npmjs.org/clsx 205ms (cache miss)
22 silly packumentCache full:https://registry.npmjs.org/clsx set size:undefined disposed:false
23 silly fetch manifest date-fns@^4.1.0
24 silly packumentCache full:https://registry.npmjs.org/date-fns cache-miss
25 http fetch GET 200 https://registry.npmjs.org/date-fns 523ms (cache miss)
26 silly packumentCache full:https://registry.npmjs.org/date-fns set size:undefined disposed:false
27 silly fetch manifest lucide-react@^0.468.0
28 silly packumentCache full:https://registry.npmjs.org/lucide-react cache-miss
29 http fetch GET 200 https://registry.npmjs.org/lucide-react 290ms (cache miss)
30 silly packumentCache full:https://registry.npmjs.org/lucide-react set size:undefined disposed:false
31 silly fetch manifest react@^19.0.0
32 silly packumentCache full:https://registry.npmjs.org/react cache-miss
33 http fetch GET 200 https://registry.npmjs.org/react 415ms (cache miss)
34 silly packumentCache full:https://registry.npmjs.org/react set size:undefined disposed:false
35 silly fetch manifest next@^15.0.4
36 silly packumentCache full:https://registry.npmjs.org/next cache-miss
37 http fetch GET 200 https://registry.npmjs.org/next 856ms (cache miss)
38 silly packumentCache full:https://registry.npmjs.org/next set size:undefined disposed:false
39 silly fetch manifest @opentelemetry/api@^1.1.0
40 silly packumentCache full:https://registry.npmjs.org/@opentelemetry%2fapi cache-miss
41 http fetch GET 200 https://registry.npmjs.org/@opentelemetry%2fapi 301ms (cache miss)
42 silly packumentCache full:https://registry.npmjs.org/@opentelemetry%2fapi set size:undefined disposed:false
43 silly fetch manifest @playwright/test@^1.51.1
44 silly packumentCache full:https://registry.npmjs.org/@playwright%2ftest cache-miss
45 http fetch GET 200 https://registry.npmjs.org/@playwright%2ftest 533ms (cache miss)
46 silly packumentCache full:https://registry.npmjs.org/@playwright%2ftest set size:undefined disposed:false
47 silly fetch manifest babel-plugin-react-compiler@*
48 silly packumentCache full:https://registry.npmjs.org/babel-plugin-react-compiler cache-miss
49 http fetch GET 200 https://registry.npmjs.org/babel-plugin-react-compiler 128ms (cache miss)
50 silly packumentCache full:https://registry.npmjs.org/babel-plugin-react-compiler set size:undefined disposed:false
51 silly fetch manifest react-dom@^19.0.0
52 silly packumentCache full:https://registry.npmjs.org/react-dom cache-miss
53 http fetch GET 200 https://registry.npmjs.org/react-dom 364ms (cache miss)
54 silly packumentCache full:https://registry.npmjs.org/react-dom set size:undefined disposed:false
55 silly fetch manifest sass@^1.3.0
56 silly packumentCache full:https://registry.npmjs.org/sass cache-miss
57 http fetch GET 200 https://registry.npmjs.org/sass 133ms (cache miss)
58 silly packumentCache full:https://registry.npmjs.org/sass set size:undefined disposed:false
59 silly fetch manifest @types/node@^22.10.1
60 silly packumentCache full:https://registry.npmjs.org/@types%2fnode cache-miss
61 http fetch GET 200 https://registry.npmjs.org/@types%2fnode 400ms (cache miss)
62 silly packumentCache full:https://registry.npmjs.org/@types%2fnode set size:undefined disposed:false
63 silly fetch manifest @types/react@^19.0.1
64 silly packumentCache full:https://registry.npmjs.org/@types%2freact cache-miss
65 http fetch GET 200 https://registry.npmjs.org/@types%2freact 182ms (cache miss)
66 silly packumentCache full:https://registry.npmjs.org/@types%2freact set size:undefined disposed:false
67 silly fetch manifest @types/react-dom@^19.0.1
68 silly packumentCache full:https://registry.npmjs.org/@types%2freact-dom cache-miss
69 http fetch GET 200 https://registry.npmjs.org/@types%2freact-dom 238ms (cache miss)
70 silly packumentCache full:https://registry.npmjs.org/@types%2freact-dom set size:undefined disposed:false
71 silly fetch manifest autoprefixer@^10.4.20
72 silly packumentCache full:https://registry.npmjs.org/autoprefixer cache-miss
73 http fetch GET 200 https://registry.npmjs.org/autoprefixer 135ms (cache miss)
74 silly packumentCache full:https://registry.npmjs.org/autoprefixer set size:undefined disposed:false
75 silly fetch manifest postcss@^8.4.49
76 silly packumentCache full:https://registry.npmjs.org/postcss cache-miss
77 http fetch GET 200 https://registry.npmjs.org/postcss 185ms (cache miss)
78 silly packumentCache full:https://registry.npmjs.org/postcss set size:undefined disposed:false
79 silly fetch manifest eslint@^8.57.1
80 silly packumentCache full:https://registry.npmjs.org/eslint cache-miss
81 http fetch GET 200 https://registry.npmjs.org/eslint 192ms (cache miss)
82 silly packumentCache full:https://registry.npmjs.org/eslint set size:undefined disposed:false
83 silly fetch manifest eslint-config-next@^15.0.4
84 silly packumentCache full:https://registry.npmjs.org/eslint-config-next cache-miss
85 http fetch GET 200 https://registry.npmjs.org/eslint-config-next 374ms (cache miss)
86 silly packumentCache full:https://registry.npmjs.org/eslint-config-next set size:undefined disposed:false
87 silly fetch manifest typescript@^5.7.2
88 silly packumentCache full:https://registry.npmjs.org/typescript cache-miss
89 http fetch GET 200 https://registry.npmjs.org/typescript 476ms (cache miss)
90 silly packumentCache full:https://registry.npmjs.org/typescript set size:undefined disposed:false
91 silly fetch manifest tailwindcss@^3.4.16
92 silly packumentCache full:https://registry.npmjs.org/tailwindcss cache-miss
93 http fetch GET 200 https://registry.npmjs.org/tailwindcss 342ms (cache miss)
94 silly packumentCache full:https://registry.npmjs.org/tailwindcss set size:undefined disposed:false
95 silly placeDep ROOT @supabase/supabase-js@2.108.2 OK for: derek-control-panel@0.1.0 want: ^2.52.0
96 silly placeDep ROOT @types/node@22.20.0 OK for: derek-control-panel@0.1.0 want: ^22.10.1
97 silly placeDep ROOT @types/react@19.2.17 OK for: derek-control-panel@0.1.0 want: ^19.0.1
98 silly placeDep ROOT @types/react-dom@19.2.3 OK for: derek-control-panel@0.1.0 want: ^19.0.1
99 silly placeDep ROOT autoprefixer@10.5.1 OK for: derek-control-panel@0.1.0 want: ^10.4.20
100 silly placeDep ROOT postcss@8.5.15 OK for: autoprefixer@10.5.1 want: ^8.1.0
101 silly placeDep ROOT clsx@2.1.1 OK for: derek-control-panel@0.1.0 want: ^2.1.1
102 silly placeDep ROOT date-fns@4.4.0 OK for: derek-control-panel@0.1.0 want: ^4.1.0
103 silly placeDep ROOT eslint@8.57.1 OK for: derek-control-panel@0.1.0 want: ^8.57.1
104 silly placeDep ROOT eslint-config-next@15.5.19 OK for: derek-control-panel@0.1.0 want: ^15.0.4
105 silly placeDep ROOT lucide-react@0.468.0 OK for: derek-control-panel@0.1.0 want: ^0.468.0
106 silly placeDep ROOT react@19.2.7 OK for: lucide-react@0.468.0 want: ^16.5.1 || ^17.0.0 || ^18.0.0 || ^19.0.0-rc
107 silly placeDep ROOT next@15.5.19 OK for: derek-control-panel@0.1.0 want: ^15.0.4
108 silly placeDep ROOT react-dom@19.2.7 OK for: next@15.5.19 want: ^18.2.0 || 19.0.0-rc-de68d2f4-20241204 || ^19.0.0
109 silly placeDep ROOT tailwindcss@3.4.19 OK for: derek-control-panel@0.1.0 want: ^3.4.16
110 silly placeDep ROOT typescript@5.9.3 OK for: derek-control-panel@0.1.0 want: ^5.7.2
111 silly fetch manifest @supabase/auth-js@2.108.2
112 silly packumentCache full:https://registry.npmjs.org/@supabase%2fauth-js cache-miss
113 silly fetch manifest @supabase/storage-js@2.108.2
114 silly packumentCache full:https://registry.npmjs.org/@supabase%2fstorage-js cache-miss
115 silly fetch manifest @supabase/realtime-js@2.108.2
116 silly packumentCache full:https://registry.npmjs.org/@supabase%2frealtime-js cache-miss
117 silly fetch manifest @supabase/functions-js@2.108.2
118 silly packumentCache full:https://registry.npmjs.org/@supabase%2ffunctions-js cache-miss
119 silly fetch manifest @supabase/postgrest-js@2.108.2
120 silly packumentCache full:https://registry.npmjs.org/@supabase%2fpostgrest-js cache-miss
121 silly fetch manifest undici-types@~6.21.0
122 silly packumentCache full:https://registry.npmjs.org/undici-types cache-miss
123 silly fetch manifest csstype@^3.2.2
124 silly packumentCache full:https://registry.npmjs.org/csstype cache-miss
125 http fetch GET 200 https://registry.npmjs.org/@supabase%2fauth-js 256ms (cache miss)
126 silly packumentCache full:https://registry.npmjs.org/@supabase%2fauth-js set size:undefined disposed:false
127 silly fetch manifest picocolors@^1.1.1
128 silly packumentCache full:https://registry.npmjs.org/picocolors cache-miss
129 http fetch GET 200 https://registry.npmjs.org/@supabase%2fstorage-js 270ms (cache miss)
130 silly packumentCache full:https://registry.npmjs.org/@supabase%2fstorage-js set size:undefined disposed:false
131 silly fetch manifest fraction.js@^5.3.4
132 silly packumentCache full:https://registry.npmjs.org/fraction.js cache-miss
133 http fetch GET 200 https://registry.npmjs.org/picocolors 192ms (cache miss)
134 silly packumentCache full:https://registry.npmjs.org/picocolors set size:undefined disposed:false
135 silly fetch manifest browserslist@^4.28.4
136 silly packumentCache full:https://registry.npmjs.org/browserslist cache-miss
137 http fetch GET 200 https://registry.npmjs.org/fraction.js 217ms (cache miss)
138 silly packumentCache full:https://registry.npmjs.org/fraction.js set size:undefined disposed:false
139 silly fetch manifest caniuse-lite@^1.0.30001799
140 silly packumentCache full:https://registry.npmjs.org/caniuse-lite cache-miss
141 http fetch GET 200 https://registry.npmjs.org/browserslist 233ms (cache miss)
142 silly packumentCache full:https://registry.npmjs.org/browserslist set size:undefined disposed:false
143 silly fetch manifest postcss-value-parser@^4.2.0
144 silly packumentCache full:https://registry.npmjs.org/postcss-value-parser cache-miss
145 http fetch GET 200 https://registry.npmjs.org/undici-types 778ms (cache miss)
146 silly packumentCache full:https://registry.npmjs.org/undici-types set size:undefined disposed:false
147 silly fetch manifest nanoid@^3.3.12
148 silly packumentCache full:https://registry.npmjs.org/nanoid cache-miss
149 http fetch GET 200 https://registry.npmjs.org/caniuse-lite 292ms (cache miss)
150 silly packumentCache full:https://registry.npmjs.org/caniuse-lite set size:undefined disposed:false
151 silly fetch manifest source-map-js@^1.2.1
152 silly packumentCache full:https://registry.npmjs.org/source-map-js cache-miss
153 http fetch GET 200 https://registry.npmjs.org/csstype 875ms (cache miss)
154 silly packumentCache full:https://registry.npmjs.org/csstype set size:undefined disposed:false
155 silly fetch manifest ajv@^6.12.4
156 silly packumentCache full:https://registry.npmjs.org/ajv cache-miss
157 http fetch GET 200 https://registry.npmjs.org/source-map-js 158ms (cache miss)
158 silly packumentCache full:https://registry.npmjs.org/source-map-js set size:undefined disposed:false
159 silly fetch manifest levn@^0.4.1
160 silly packumentCache full:https://registry.npmjs.org/levn cache-miss
161 http fetch GET 200 https://registry.npmjs.org/postcss-value-parser 260ms (cache miss)
162 silly packumentCache full:https://registry.npmjs.org/postcss-value-parser set size:undefined disposed:false
163 silly fetch manifest chalk@^4.0.0
164 silly packumentCache full:https://registry.npmjs.org/chalk cache-miss
165 http fetch GET 200 https://registry.npmjs.org/@supabase%2ffunctions-js 1048ms (cache miss)
166 silly packumentCache full:https://registry.npmjs.org/@supabase%2ffunctions-js set size:undefined disposed:false
167 silly fetch manifest debug@^4.3.2
168 silly packumentCache full:https://registry.npmjs.org/debug cache-miss
169 http fetch GET 200 https://registry.npmjs.org/levn 116ms (cache miss)
170 silly packumentCache full:https://registry.npmjs.org/levn set size:undefined disposed:false
171 silly fetch manifest espree@^9.6.1
172 silly packumentCache full:https://registry.npmjs.org/espree cache-miss
173 http fetch GET 200 https://registry.npmjs.org/chalk 129ms (cache miss)
174 silly packumentCache full:https://registry.npmjs.org/chalk set size:undefined disposed:false
175 silly fetch manifest ignore@^5.2.0
176 silly packumentCache full:https://registry.npmjs.org/ignore cache-miss
177 http fetch GET 200 https://registry.npmjs.org/nanoid 303ms (cache miss)
178 silly packumentCache full:https://registry.npmjs.org/nanoid set size:undefined disposed:false
179 silly fetch manifest esquery@^1.4.2
180 silly packumentCache full:https://registry.npmjs.org/esquery cache-miss
181 http fetch GET 200 https://registry.npmjs.org/@supabase%2frealtime-js 1166ms (cache miss)
182 silly packumentCache full:https://registry.npmjs.org/@supabase%2frealtime-js set size:undefined disposed:false
183 silly fetch manifest esutils@^2.0.2
184 silly packumentCache full:https://registry.npmjs.org/esutils cache-miss
185 http fetch GET 200 https://registry.npmjs.org/espree 112ms (cache miss)
186 silly packumentCache full:https://registry.npmjs.org/espree set size:undefined disposed:false
187 silly fetch manifest find-up@^5.0.0
188 silly packumentCache full:https://registry.npmjs.org/find-up cache-miss
189 http fetch GET 200 https://registry.npmjs.org/esquery 218ms (cache miss)
190 silly packumentCache full:https://registry.npmjs.org/esquery set size:undefined disposed:false
191 silly fetch manifest globals@^13.19.0
192 silly packumentCache full:https://registry.npmjs.org/globals cache-miss
193 http fetch GET 200 https://registry.npmjs.org/debug 254ms (cache miss)
194 silly packumentCache full:https://registry.npmjs.org/debug set size:undefined disposed:false
195 silly fetch manifest is-glob@^4.0.0
196 silly packumentCache full:https://registry.npmjs.org/is-glob cache-miss
197 http fetch GET 200 https://registry.npmjs.org/find-up 128ms (cache miss)
198 silly packumentCache full:https://registry.npmjs.org/find-up set size:undefined disposed:false
199 silly fetch manifest js-yaml@^4.1.0
200 silly packumentCache full:https://registry.npmjs.org/js-yaml cache-miss
201 http fetch GET 200 https://registry.npmjs.org/esutils 138ms (cache miss)
202 silly packumentCache full:https://registry.npmjs.org/esutils set size:undefined disposed:false
203 silly fetch manifest doctrine@^3.0.0
204 silly packumentCache full:https://registry.npmjs.org/doctrine cache-miss
205 http fetch GET 200 https://registry.npmjs.org/ajv 437ms (cache miss)
206 silly packumentCache full:https://registry.npmjs.org/ajv set size:undefined disposed:false
207 silly fetch manifest graphemer@^1.4.0
208 silly packumentCache full:https://registry.npmjs.org/graphemer cache-miss
209 http fetch GET 200 https://registry.npmjs.org/@supabase%2fpostgrest-js 1319ms (cache miss)
210 silly packumentCache full:https://registry.npmjs.org/@supabase%2fpostgrest-js set size:undefined disposed:false
211 silly fetch manifest minimatch@^3.1.2
212 silly packumentCache full:https://registry.npmjs.org/minimatch cache-miss
213 http fetch GET 200 https://registry.npmjs.org/ignore 243ms (cache miss)
214 silly packumentCache full:https://registry.npmjs.org/ignore set size:undefined disposed:false
215 silly fetch manifest @eslint/js@8.57.1
216 silly packumentCache full:https://registry.npmjs.org/@eslint%2fjs cache-miss
217 http fetch GET 200 https://registry.npmjs.org/is-glob 114ms (cache miss)
218 silly packumentCache full:https://registry.npmjs.org/is-glob set size:undefined disposed:false
219 silly fetch manifest optionator@^0.9.3
220 silly packumentCache full:https://registry.npmjs.org/optionator cache-miss
221 http fetch GET 200 https://registry.npmjs.org/js-yaml 120ms (cache miss)
222 silly packumentCache full:https://registry.npmjs.org/js-yaml set size:undefined disposed:false
223 silly fetch manifest strip-ansi@^6.0.1
224 silly packumentCache full:https://registry.npmjs.org/strip-ansi cache-miss
225 http fetch GET 200 https://registry.npmjs.org/doctrine 120ms (cache miss)
226 silly packumentCache full:https://registry.npmjs.org/doctrine set size:undefined disposed:false
227 silly fetch manifest text-table@^0.2.0
228 silly packumentCache full:https://registry.npmjs.org/text-table cache-miss
229 http fetch GET 200 https://registry.npmjs.org/graphemer 129ms (cache miss)
230 silly packumentCache full:https://registry.npmjs.org/graphemer set size:undefined disposed:false
231 silly fetch manifest cross-spawn@^7.0.2
232 silly packumentCache full:https://registry.npmjs.org/cross-spawn cache-miss
233 http fetch GET 200 https://registry.npmjs.org/globals 155ms (cache miss)
234 silly packumentCache full:https://registry.npmjs.org/globals set size:undefined disposed:false
235 silly fetch manifest glob-parent@^6.0.2
236 silly packumentCache full:https://registry.npmjs.org/glob-parent cache-miss
237 http fetch GET 200 https://registry.npmjs.org/@eslint%2fjs 148ms (cache miss)
238 silly packumentCache full:https://registry.npmjs.org/@eslint%2fjs set size:undefined disposed:false
239 silly fetch manifest imurmurhash@^0.1.4
240 silly packumentCache full:https://registry.npmjs.org/imurmurhash cache-miss
241 http fetch GET 200 https://registry.npmjs.org/minimatch 166ms (cache miss)
242 silly packumentCache full:https://registry.npmjs.org/minimatch set size:undefined disposed:false
243 silly fetch manifest eslint-scope@^7.2.2
244 silly packumentCache full:https://registry.npmjs.org/eslint-scope cache-miss
245 http fetch GET 200 https://registry.npmjs.org/text-table 100ms (cache miss)
246 silly packumentCache full:https://registry.npmjs.org/text-table set size:undefined disposed:false
247 silly fetch manifest lodash.merge@^4.6.2
248 silly packumentCache full:https://registry.npmjs.org/lodash.merge cache-miss
249 http fetch GET 200 https://registry.npmjs.org/optionator 110ms (cache miss)
250 silly packumentCache full:https://registry.npmjs.org/optionator set size:undefined disposed:false
251 silly fetch manifest is-path-inside@^3.0.3
252 silly packumentCache full:https://registry.npmjs.org/is-path-inside cache-miss
253 http fetch GET 200 https://registry.npmjs.org/strip-ansi 111ms (cache miss)
254 silly packumentCache full:https://registry.npmjs.org/strip-ansi set size:undefined disposed:false
255 silly fetch manifest fast-deep-equal@^3.1.3
256 silly packumentCache full:https://registry.npmjs.org/fast-deep-equal cache-miss
257 http fetch GET 200 https://registry.npmjs.org/glob-parent 111ms (cache miss)
258 silly packumentCache full:https://registry.npmjs.org/glob-parent set size:undefined disposed:false
259 silly fetch manifest natural-compare@^1.4.0
260 silly packumentCache full:https://registry.npmjs.org/natural-compare cache-miss
261 http fetch GET 200 https://registry.npmjs.org/imurmurhash 105ms (cache miss)
262 silly packumentCache full:https://registry.npmjs.org/imurmurhash set size:undefined disposed:false
263 silly fetch manifest @eslint/eslintrc@^2.1.4
264 silly packumentCache full:https://registry.npmjs.org/@eslint%2feslintrc cache-miss
265 http fetch GET 200 https://registry.npmjs.org/cross-spawn 133ms (cache miss)
266 silly packumentCache full:https://registry.npmjs.org/cross-spawn set size:undefined disposed:false
267 silly fetch manifest @nodelib/fs.walk@^1.2.8
268 silly packumentCache full:https://registry.npmjs.org/@nodelib%2ffs.walk cache-miss
269 http fetch GET 200 https://registry.npmjs.org/eslint-scope 108ms (cache miss)
270 silly packumentCache full:https://registry.npmjs.org/eslint-scope set size:undefined disposed:false
271 silly fetch manifest file-entry-cache@^6.0.1
272 silly packumentCache full:https://registry.npmjs.org/file-entry-cache cache-miss
273 http fetch GET 200 https://registry.npmjs.org/is-path-inside 111ms (cache miss)
274 silly packumentCache full:https://registry.npmjs.org/is-path-inside set size:undefined disposed:false
275 silly fetch manifest eslint-visitor-keys@^3.4.3
276 silly packumentCache full:https://registry.npmjs.org/eslint-visitor-keys cache-miss
277 http fetch GET 200 https://registry.npmjs.org/fast-deep-equal 102ms (cache miss)
278 silly packumentCache full:https://registry.npmjs.org/fast-deep-equal set size:undefined disposed:false
279 silly fetch manifest escape-string-regexp@^4.0.0
280 silly packumentCache full:https://registry.npmjs.org/escape-string-regexp cache-miss
281 http fetch GET 200 https://registry.npmjs.org/lodash.merge 113ms (cache miss)
282 silly packumentCache full:https://registry.npmjs.org/lodash.merge set size:undefined disposed:false
283 silly fetch manifest @ungap/structured-clone@^1.2.0
284 silly packumentCache full:https://registry.npmjs.org/@ungap%2fstructured-clone cache-miss
285 http fetch GET 200 https://registry.npmjs.org/natural-compare 102ms (cache miss)
286 silly packumentCache full:https://registry.npmjs.org/natural-compare set size:undefined disposed:false
287 silly fetch manifest @eslint-community/regexpp@^4.6.1
288 silly packumentCache full:https://registry.npmjs.org/@eslint-community%2fregexpp cache-miss
289 http fetch GET 200 https://registry.npmjs.org/file-entry-cache 120ms (cache miss)
290 silly packumentCache full:https://registry.npmjs.org/file-entry-cache set size:undefined disposed:false
291 silly fetch manifest @humanwhocodes/config-array@^0.13.0
292 silly packumentCache full:https://registry.npmjs.org/@humanwhocodes%2fconfig-array cache-miss
293 http fetch GET 200 https://registry.npmjs.org/@nodelib%2ffs.walk 144ms (cache miss)
294 silly packumentCache full:https://registry.npmjs.org/@nodelib%2ffs.walk set size:undefined disposed:false
295 silly fetch manifest @eslint-community/eslint-utils@^4.2.0
296 silly packumentCache full:https://registry.npmjs.org/@eslint-community%2feslint-utils cache-miss
297 http fetch GET 200 https://registry.npmjs.org/@ungap%2fstructured-clone 180ms (cache miss)
298 silly packumentCache full:https://registry.npmjs.org/@ungap%2fstructured-clone set size:undefined disposed:false
299 silly fetch manifest @humanwhocodes/module-importer@^1.0.1
300 silly packumentCache full:https://registry.npmjs.org/@humanwhocodes%2fmodule-importer cache-miss
301 http fetch GET 200 https://registry.npmjs.org/escape-string-regexp 183ms (cache miss)
302 silly packumentCache full:https://registry.npmjs.org/escape-string-regexp set size:undefined disposed:false
303 silly fetch manifest json-stable-stringify-without-jsonify@^1.0.1
304 silly packumentCache full:https://registry.npmjs.org/json-stable-stringify-without-jsonify cache-miss
305 http fetch GET 200 https://registry.npmjs.org/@eslint%2feslintrc 248ms (cache miss)
306 silly packumentCache full:https://registry.npmjs.org/@eslint%2feslintrc set size:undefined disposed:false
307 silly fetch manifest eslint-plugin-react@^7.37.0
308 silly packumentCache full:https://registry.npmjs.org/eslint-plugin-react cache-miss
309 http fetch GET 200 https://registry.npmjs.org/eslint-visitor-keys 187ms (cache miss)
310 silly packumentCache full:https://registry.npmjs.org/eslint-visitor-keys set size:undefined disposed:false
311 silly fetch manifest eslint-plugin-import@^2.31.0
312 silly packumentCache full:https://registry.npmjs.org/eslint-plugin-import cache-miss
313 http fetch GET 200 https://registry.npmjs.org/@eslint-community%2fregexpp 157ms (cache miss)
314 silly packumentCache full:https://registry.npmjs.org/@eslint-community%2fregexpp set size:undefined disposed:false
315 silly fetch manifest eslint-plugin-jsx-a11y@^6.10.0
316 silly packumentCache full:https://registry.npmjs.org/eslint-plugin-jsx-a11y cache-miss
317 http fetch GET 200 https://registry.npmjs.org/@humanwhocodes%2fconfig-array 169ms (cache miss)
318 silly packumentCache full:https://registry.npmjs.org/@humanwhocodes%2fconfig-array set size:undefined disposed:false
319 silly fetch manifest @rushstack/eslint-patch@^1.10.3
320 silly packumentCache full:https://registry.npmjs.org/@rushstack%2feslint-patch cache-miss
321 http fetch GET 200 https://registry.npmjs.org/json-stable-stringify-without-jsonify 106ms (cache miss)
322 silly packumentCache full:https://registry.npmjs.org/json-stable-stringify-without-jsonify set size:undefined disposed:false
323 silly fetch manifest @next/eslint-plugin-next@15.5.19
324 silly packumentCache full:https://registry.npmjs.org/@next%2feslint-plugin-next cache-miss
325 http fetch GET 200 https://registry.npmjs.org/@eslint-community%2feslint-utils 209ms (cache miss)
326 silly packumentCache full:https://registry.npmjs.org/@eslint-community%2feslint-utils set size:undefined disposed:false
327 silly fetch manifest @typescript-eslint/parser@^5.4.2 || ^6.0.0 || ^7.0.0 || ^8.0.0
328 silly packumentCache full:https://registry.npmjs.org/@typescript-eslint%2fparser cache-miss
329 http fetch GET 200 https://registry.npmjs.org/@humanwhocodes%2fmodule-importer 138ms (cache miss)
330 silly packumentCache full:https://registry.npmjs.org/@humanwhocodes%2fmodule-importer set size:undefined disposed:false
331 silly fetch manifest eslint-plugin-react-hooks@^5.0.0
332 silly packumentCache full:https://registry.npmjs.org/eslint-plugin-react-hooks cache-miss
333 http fetch GET 200 https://registry.npmjs.org/eslint-plugin-jsx-a11y 152ms (cache miss)
334 silly packumentCache full:https://registry.npmjs.org/eslint-plugin-jsx-a11y set size:undefined disposed:false
335 silly fetch manifest eslint-import-resolver-node@^0.3.6
336 silly packumentCache full:https://registry.npmjs.org/eslint-import-resolver-node cache-miss
337 http fetch GET 200 https://registry.npmjs.org/eslint-plugin-import 164ms (cache miss)
338 silly packumentCache full:https://registry.npmjs.org/eslint-plugin-import set size:undefined disposed:false
339 silly fetch manifest @typescript-eslint/eslint-plugin@^5.4.2 || ^6.0.0 || ^7.0.0 || ^8.0.0
340 silly packumentCache full:https://registry.npmjs.org/@typescript-eslint%2feslint-plugin cache-miss
341 http fetch GET 200 https://registry.npmjs.org/@rushstack%2feslint-patch 144ms (cache miss)
342 silly packumentCache full:https://registry.npmjs.org/@rushstack%2feslint-patch set size:undefined disposed:false
343 silly fetch manifest eslint-import-resolver-typescript@^3.5.2
344 silly packumentCache full:https://registry.npmjs.org/eslint-import-resolver-typescript cache-miss
345 http fetch GET 200 https://registry.npmjs.org/eslint-plugin-react 220ms (cache miss)
346 silly packumentCache full:https://registry.npmjs.org/eslint-plugin-react set size:undefined disposed:false
347 silly fetch manifest postcss@8.4.31
348 silly packumentCache full:https://registry.npmjs.org/postcss cache-miss
349 http cache https://registry.npmjs.org/postcss 4ms (cache hit)
350 silly packumentCache full:https://registry.npmjs.org/postcss set size:723316 disposed:false
351 silly fetch manifest @next/env@15.5.19
352 silly packumentCache full:https://registry.npmjs.org/@next%2fenv cache-miss
353 http fetch GET 200 https://registry.npmjs.org/eslint-import-resolver-node 124ms (cache miss)
354 silly packumentCache full:https://registry.npmjs.org/eslint-import-resolver-node set size:undefined disposed:false
355 silly fetch manifest styled-jsx@5.1.6
356 silly packumentCache full:https://registry.npmjs.org/styled-jsx cache-miss
357 http fetch GET 200 https://registry.npmjs.org/eslint-import-resolver-typescript 166ms (cache miss)
358 silly packumentCache full:https://registry.npmjs.org/eslint-import-resolver-typescript set size:undefined disposed:false
359 silly fetch manifest @swc/helpers@0.5.15
360 silly packumentCache full:https://registry.npmjs.org/@swc%2fhelpers cache-miss
361 http fetch GET 200 https://registry.npmjs.org/styled-jsx 270ms (cache miss)
362 silly packumentCache full:https://registry.npmjs.org/styled-jsx set size:undefined disposed:false
363 silly fetch manifest caniuse-lite@^1.0.30001579
364 silly packumentCache full:https://registry.npmjs.org/caniuse-lite cache-miss
365 http cache https://registry.npmjs.org/caniuse-lite 4ms (cache hit)
366 silly packumentCache full:https://registry.npmjs.org/caniuse-lite set size:2297040 disposed:false
367 silly fetch manifest sharp@^0.34.3
368 silly packumentCache full:https://registry.npmjs.org/sharp cache-miss
369 http fetch GET 200 https://registry.npmjs.org/eslint-plugin-react-hooks 429ms (cache miss)
370 silly packumentCache full:https://registry.npmjs.org/eslint-plugin-react-hooks set size:undefined disposed:false
371 silly fetch manifest @next/swc-darwin-x64@15.5.19
372 silly packumentCache full:https://registry.npmjs.org/@next%2fswc-darwin-x64 cache-miss
373 http fetch GET 200 https://registry.npmjs.org/@swc%2fhelpers 226ms (cache miss)
374 silly packumentCache full:https://registry.npmjs.org/@swc%2fhelpers set size:undefined disposed:false
375 silly fetch manifest @next/swc-darwin-arm64@15.5.19
376 silly packumentCache full:https://registry.npmjs.org/@next%2fswc-darwin-arm64 cache-miss
377 http fetch GET 200 https://registry.npmjs.org/@next%2feslint-plugin-next 503ms (cache miss)
378 silly packumentCache full:https://registry.npmjs.org/@next%2feslint-plugin-next set size:undefined disposed:false
379 silly fetch manifest @next/swc-linux-x64-gnu@15.5.19
380 silly packumentCache full:https://registry.npmjs.org/@next%2fswc-linux-x64-gnu cache-miss
381 http fetch GET 200 https://registry.npmjs.org/sharp 192ms (cache miss)
382 silly packumentCache full:https://registry.npmjs.org/sharp set size:undefined disposed:false
383 silly fetch manifest @next/swc-linux-x64-musl@15.5.19
384 silly packumentCache full:https://registry.npmjs.org/@next%2fswc-linux-x64-musl cache-miss
385 http fetch GET 200 https://registry.npmjs.org/@next%2fswc-darwin-x64 485ms (cache miss)
386 silly packumentCache full:https://registry.npmjs.org/@next%2fswc-darwin-x64 set size:undefined disposed:false
387 silly fetch manifest @next/swc-win32-x64-msvc@15.5.19
388 silly packumentCache full:https://registry.npmjs.org/@next%2fswc-win32-x64-msvc cache-miss
389 http fetch GET 200 https://registry.npmjs.org/@next%2fenv 861ms (cache miss)
390 silly packumentCache full:https://registry.npmjs.org/@next%2fenv set size:undefined disposed:false
391 silly fetch manifest @next/swc-linux-arm64-gnu@15.5.19
392 silly packumentCache full:https://registry.npmjs.org/@next%2fswc-linux-arm64-gnu cache-miss
393 http fetch GET 200 https://registry.npmjs.org/@next%2fswc-linux-x64-musl 422ms (cache miss)
394 silly packumentCache full:https://registry.npmjs.org/@next%2fswc-linux-x64-musl set size:undefined disposed:false
395 silly fetch manifest @next/swc-linux-arm64-musl@15.5.19
396 silly packumentCache full:https://registry.npmjs.org/@next%2fswc-linux-arm64-musl cache-miss
397 http fetch GET 200 https://registry.npmjs.org/@typescript-eslint%2fparser 1252ms (cache miss)
398 silly packumentCache full:https://registry.npmjs.org/@typescript-eslint%2fparser set size:undefined disposed:false
399 silly fetch manifest @next/swc-win32-arm64-msvc@15.5.19
400 silly packumentCache full:https://registry.npmjs.org/@next%2fswc-win32-arm64-msvc cache-miss
401 http fetch GET 200 https://registry.npmjs.org/@next%2fswc-win32-x64-msvc 351ms (cache miss)
402 silly packumentCache full:https://registry.npmjs.org/@next%2fswc-win32-x64-msvc set size:undefined disposed:false
403 silly fetch manifest scheduler@^0.27.0
404 silly packumentCache full:https://registry.npmjs.org/scheduler cache-miss
405 http fetch GET 200 https://registry.npmjs.org/@next%2fswc-darwin-arm64 973ms (cache miss)
406 silly packumentCache full:https://registry.npmjs.org/@next%2fswc-darwin-arm64 set size:undefined disposed:false
407 silly fetch manifest arg@^5.0.2
408 silly packumentCache full:https://registry.npmjs.org/arg cache-miss
409 http fetch GET 200 https://registry.npmjs.org/@next%2fswc-linux-arm64-gnu 508ms (cache miss)
410 silly packumentCache full:https://registry.npmjs.org/@next%2fswc-linux-arm64-gnu set size:undefined disposed:false
411 silly fetch manifest dlv@^1.1.3
412 silly packumentCache full:https://registry.npmjs.org/dlv cache-miss
413 http fetch GET 200 https://registry.npmjs.org/@next%2fswc-linux-x64-gnu 1034ms (cache miss)
414 silly packumentCache full:https://registry.npmjs.org/@next%2fswc-linux-x64-gnu set size:undefined disposed:false
415 silly fetch manifest jiti@^1.21.7
416 silly packumentCache full:https://registry.npmjs.org/jiti cache-miss
417 http fetch GET 200 https://registry.npmjs.org/@next%2fswc-linux-arm64-musl 510ms (cache miss)
418 silly packumentCache full:https://registry.npmjs.org/@next%2fswc-linux-arm64-musl set size:undefined disposed:false
419 silly fetch manifest is-glob@^4.0.3
420 silly packumentCache full:https://registry.npmjs.org/is-glob cache-miss
421 http cache https://registry.npmjs.org/is-glob 13ms (cache hit)
422 silly packumentCache full:https://registry.npmjs.org/is-glob set size:40530 disposed:false
423 silly fetch manifest resolve@^1.22.8
424 silly packumentCache full:https://registry.npmjs.org/resolve cache-miss
425 http fetch GET 200 https://registry.npmjs.org/arg 142ms (cache miss)
426 silly packumentCache full:https://registry.npmjs.org/arg set size:undefined disposed:false
427 silly fetch manifest sucrase@^3.35.0
428 silly packumentCache full:https://registry.npmjs.org/sucrase cache-miss
429 http fetch GET 200 https://registry.npmjs.org/dlv 114ms (cache miss)
430 silly packumentCache full:https://registry.npmjs.org/dlv set size:undefined disposed:false
431 silly fetch manifest chokidar@^3.6.0
432 silly packumentCache full:https://registry.npmjs.org/chokidar cache-miss
433 http fetch GET 200 https://registry.npmjs.org/@next%2fswc-win32-arm64-msvc 360ms (cache miss)
434 silly packumentCache full:https://registry.npmjs.org/@next%2fswc-win32-arm64-msvc set size:undefined disposed:false
435 silly fetch manifest fast-glob@^3.3.2
436 silly packumentCache full:https://registry.npmjs.org/fast-glob cache-miss
437 http fetch GET 200 https://registry.npmjs.org/scheduler 325ms (cache miss)
438 silly packumentCache full:https://registry.npmjs.org/scheduler set size:undefined disposed:false
439 silly fetch manifest lilconfig@^3.1.3
440 silly packumentCache full:https://registry.npmjs.org/lilconfig cache-miss
441 http fetch GET 200 https://registry.npmjs.org/@typescript-eslint%2feslint-plugin 1644ms (cache miss)
442 silly packumentCache full:https://registry.npmjs.org/@typescript-eslint%2feslint-plugin set size:undefined disposed:false
443 silly fetch manifest didyoumean@^1.2.2
444 silly packumentCache full:https://registry.npmjs.org/didyoumean cache-miss
445 http fetch GET 200 https://registry.npmjs.org/resolve 151ms (cache miss)
446 silly packumentCache full:https://registry.npmjs.org/resolve set size:undefined disposed:false
447 silly fetch manifest micromatch@^4.0.8
448 silly packumentCache full:https://registry.npmjs.org/micromatch cache-miss
449 http fetch GET 200 https://registry.npmjs.org/jiti 219ms (cache miss)
450 silly packumentCache full:https://registry.npmjs.org/jiti set size:undefined disposed:false
451 silly fetch manifest postcss-js@^4.0.1
452 silly packumentCache full:https://registry.npmjs.org/postcss-js cache-miss
453 http fetch GET 200 https://registry.npmjs.org/sucrase 158ms (cache miss)
454 silly packumentCache full:https://registry.npmjs.org/sucrase set size:undefined disposed:false
455 silly fetch manifest object-hash@^3.0.0
456 silly packumentCache full:https://registry.npmjs.org/object-hash cache-miss
457 http fetch GET 200 https://registry.npmjs.org/chokidar 151ms (cache miss)
458 silly packumentCache full:https://registry.npmjs.org/chokidar set size:undefined disposed:false
459 silly fetch manifest normalize-path@^3.0.0
460 silly packumentCache full:https://registry.npmjs.org/normalize-path cache-miss
461 http fetch GET 200 https://registry.npmjs.org/lilconfig 107ms (cache miss)
462 silly packumentCache full:https://registry.npmjs.org/lilconfig set size:undefined disposed:false
463 silly fetch manifest postcss-import@^15.1.0
464 silly packumentCache full:https://registry.npmjs.org/postcss-import cache-miss
465 http fetch GET 200 https://registry.npmjs.org/fast-glob 134ms (cache miss)
466 silly packumentCache full:https://registry.npmjs.org/fast-glob set size:undefined disposed:false
467 silly fetch manifest postcss-nested@^6.2.0
468 silly packumentCache full:https://registry.npmjs.org/postcss-nested cache-miss
469 http fetch GET 200 https://registry.npmjs.org/didyoumean 117ms (cache miss)
470 silly packumentCache full:https://registry.npmjs.org/didyoumean set size:undefined disposed:false
471 silly fetch manifest @alloc/quick-lru@^5.2.0
472 silly packumentCache full:https://registry.npmjs.org/@alloc%2fquick-lru cache-miss
473 http fetch GET 200 https://registry.npmjs.org/normalize-path 185ms (cache miss)
474 silly packumentCache full:https://registry.npmjs.org/normalize-path set size:undefined disposed:false
475 silly fetch manifest postcss-load-config@^4.0.2 || ^5.0 || ^6.0
476 silly packumentCache full:https://registry.npmjs.org/postcss-load-config cache-miss
477 http fetch GET 200 https://registry.npmjs.org/postcss-js 195ms (cache miss)
478 silly packumentCache full:https://registry.npmjs.org/postcss-js set size:undefined disposed:false
479 silly fetch manifest postcss-selector-parser@^6.1.2
480 silly packumentCache full:https://registry.npmjs.org/postcss-selector-parser cache-miss
481 http fetch GET 200 https://registry.npmjs.org/postcss-nested 184ms (cache miss)
482 silly packumentCache full:https://registry.npmjs.org/postcss-nested set size:undefined disposed:false
483 http fetch GET 200 https://registry.npmjs.org/object-hash 193ms (cache miss)
484 silly packumentCache full:https://registry.npmjs.org/object-hash set size:undefined disposed:false
485 http fetch GET 200 https://registry.npmjs.org/postcss-import 189ms (cache miss)
486 silly packumentCache full:https://registry.npmjs.org/postcss-import set size:undefined disposed:false
487 http fetch GET 200 https://registry.npmjs.org/micromatch 207ms (cache miss)
488 silly packumentCache full:https://registry.npmjs.org/micromatch set size:undefined disposed:false
489 http fetch GET 200 https://registry.npmjs.org/postcss-load-config 121ms (cache miss)
490 silly packumentCache full:https://registry.npmjs.org/postcss-load-config set size:undefined disposed:false
491 http fetch GET 200 https://registry.npmjs.org/@alloc%2fquick-lru 243ms (cache miss)
492 silly packumentCache full:https://registry.npmjs.org/@alloc%2fquick-lru set size:undefined disposed:false
493 http fetch GET 200 https://registry.npmjs.org/postcss-selector-parser 142ms (cache miss)
494 silly packumentCache full:https://registry.npmjs.org/postcss-selector-parser set size:undefined disposed:false
495 silly placeDep ROOT @supabase/auth-js@2.108.2 OK for: @supabase/supabase-js@2.108.2 want: 2.108.2
496 silly placeDep ROOT @supabase/functions-js@2.108.2 OK for: @supabase/supabase-js@2.108.2 want: 2.108.2
497 silly placeDep ROOT @supabase/postgrest-js@2.108.2 OK for: @supabase/supabase-js@2.108.2 want: 2.108.2
498 silly placeDep ROOT @supabase/realtime-js@2.108.2 OK for: @supabase/supabase-js@2.108.2 want: 2.108.2
499 silly placeDep ROOT @supabase/storage-js@2.108.2 OK for: @supabase/supabase-js@2.108.2 want: 2.108.2
500 silly fetch manifest tslib@2.8.1
501 silly packumentCache full:https://registry.npmjs.org/tslib cache-miss
502 silly fetch manifest tslib@2.8.1
503 silly packumentCache full:https://registry.npmjs.org/tslib cache-miss
504 silly fetch manifest tslib@2.8.1
505 silly packumentCache full:https://registry.npmjs.org/tslib cache-miss
506 silly fetch manifest tslib@2.8.1
507 silly packumentCache full:https://registry.npmjs.org/tslib cache-miss
508 silly fetch manifest @supabase/phoenix@^0.4.2
509 silly packumentCache full:https://registry.npmjs.org/@supabase%2fphoenix cache-miss
510 silly fetch manifest tslib@2.8.1
511 silly packumentCache full:https://registry.npmjs.org/tslib cache-miss
512 silly fetch manifest iceberg-js@^0.8.1
513 silly packumentCache full:https://registry.npmjs.org/iceberg-js cache-miss
514 http fetch GET 200 https://registry.npmjs.org/iceberg-js 133ms (cache miss)
515 silly packumentCache full:https://registry.npmjs.org/iceberg-js set size:undefined disposed:false
516 http fetch GET 200 https://registry.npmjs.org/tslib 134ms (cache miss)
517 silly packumentCache full:https://registry.npmjs.org/tslib set size:undefined disposed:false
518 http fetch GET 200 https://registry.npmjs.org/tslib 136ms (cache miss)
519 silly packumentCache full:https://registry.npmjs.org/tslib set size:undefined disposed:false
520 http fetch GET 200 https://registry.npmjs.org/tslib 142ms (cache miss)
521 silly packumentCache full:https://registry.npmjs.org/tslib set size:undefined disposed:false
522 http fetch GET 200 https://registry.npmjs.org/tslib 143ms (cache miss)
523 silly packumentCache full:https://registry.npmjs.org/tslib set size:undefined disposed:false
524 http fetch GET 200 https://registry.npmjs.org/tslib 157ms (cache miss)
525 silly packumentCache full:https://registry.npmjs.org/tslib set size:undefined disposed:false
526 http fetch GET 200 https://registry.npmjs.org/@supabase%2fphoenix 159ms (cache miss)
527 silly packumentCache full:https://registry.npmjs.org/@supabase%2fphoenix set size:undefined disposed:false
528 silly placeDep ROOT tslib@2.8.1 OK for: @supabase/auth-js@2.108.2 want: 2.8.1
529 silly placeDep ROOT @supabase/phoenix@0.4.4 OK for: @supabase/realtime-js@2.108.2 want: ^0.4.2
530 silly placeDep ROOT iceberg-js@0.8.1 OK for: @supabase/storage-js@2.108.2 want: ^0.8.1
531 silly placeDep ROOT undici-types@6.21.0 OK for: @types/node@22.20.0 want: ~6.21.0
532 silly placeDep ROOT csstype@3.2.3 OK for: @types/react@19.2.17 want: ^3.2.2
533 silly placeDep ROOT browserslist@4.28.4 OK for: autoprefixer@10.5.1 want: ^4.28.4
534 silly placeDep ROOT caniuse-lite@1.0.30001799 OK for: autoprefixer@10.5.1 want: ^1.0.30001799
535 silly placeDep ROOT fraction.js@5.3.4 OK for: autoprefixer@10.5.1 want: ^5.3.4
536 silly placeDep ROOT picocolors@1.1.1 OK for: autoprefixer@10.5.1 want: ^1.1.1
537 silly placeDep ROOT postcss-value-parser@4.2.0 OK for: autoprefixer@10.5.1 want: ^4.2.0
538 silly fetch manifest node-releases@^2.0.48
539 silly packumentCache full:https://registry.npmjs.org/node-releases cache-miss
540 silly fetch manifest electron-to-chromium@^1.5.376
541 silly packumentCache full:https://registry.npmjs.org/electron-to-chromium cache-miss
542 silly fetch manifest update-browserslist-db@^1.2.3
543 silly packumentCache full:https://registry.npmjs.org/update-browserslist-db cache-miss
544 silly fetch manifest baseline-browser-mapping@^2.10.38
545 silly packumentCache full:https://registry.npmjs.org/baseline-browser-mapping cache-miss
546 http fetch GET 200 https://registry.npmjs.org/update-browserslist-db 116ms (cache miss)
547 silly packumentCache full:https://registry.npmjs.org/update-browserslist-db set size:undefined disposed:false
548 http fetch GET 200 https://registry.npmjs.org/node-releases 222ms (cache miss)
549 silly packumentCache full:https://registry.npmjs.org/node-releases set size:undefined disposed:false
550 http fetch GET 200 https://registry.npmjs.org/baseline-browser-mapping 223ms (cache miss)
551 silly packumentCache full:https://registry.npmjs.org/baseline-browser-mapping set size:undefined disposed:false
552 http fetch GET 200 https://registry.npmjs.org/electron-to-chromium 267ms (cache miss)
553 silly packumentCache full:https://registry.npmjs.org/electron-to-chromium set size:undefined disposed:false
554 silly fetch manifest browserslist@>= 4.21.0
555 silly packumentCache full:https://registry.npmjs.org/browserslist cache-miss
556 http cache https://registry.npmjs.org/browserslist 8ms (cache hit)
557 silly packumentCache full:https://registry.npmjs.org/browserslist set size:509301 disposed:false
558 silly placeDep ROOT baseline-browser-mapping@2.10.38 OK for: browserslist@4.28.4 want: ^2.10.38
559 silly placeDep ROOT electron-to-chromium@1.5.378 OK for: browserslist@4.28.4 want: ^1.5.376
560 silly placeDep ROOT node-releases@2.0.49 OK for: browserslist@4.28.4 want: ^2.0.48
561 silly placeDep ROOT update-browserslist-db@1.2.3 OK for: browserslist@4.28.4 want: ^1.2.3
562 silly fetch manifest escalade@^3.2.0
563 silly packumentCache full:https://registry.npmjs.org/escalade cache-miss
564 http fetch GET 200 https://registry.npmjs.org/escalade 121ms (cache miss)
565 silly packumentCache full:https://registry.npmjs.org/escalade set size:undefined disposed:false
566 silly fetch manifest eslint@^6.0.0 || ^7.0.0 || >=8.0.0
567 silly packumentCache full:https://registry.npmjs.org/eslint cache-miss
568 http cache https://registry.npmjs.org/eslint 3ms (cache hit)
569 silly packumentCache full:https://registry.npmjs.org/eslint set size:2011545 disposed:false
570 silly fetch manifest jiti@*
571 silly packumentCache full:https://registry.npmjs.org/jiti cache-miss
572 http cache https://registry.npmjs.org/jiti 12ms (cache hit)
573 silly packumentCache full:https://registry.npmjs.org/jiti set size:387989 disposed:false
574 silly placeDep ROOT @eslint-community/eslint-utils@4.9.1 OK for: eslint@8.57.1 want: ^4.2.0
575 silly placeDep ROOT @eslint-community/regexpp@4.12.2 OK for: eslint@8.57.1 want: ^4.6.1
576 silly placeDep ROOT @eslint/eslintrc@2.1.4 OK for: eslint@8.57.1 want: ^2.1.4
577 silly placeDep ROOT @eslint/js@8.57.1 OK for: eslint@8.57.1 want: 8.57.1
578 silly placeDep ROOT @humanwhocodes/config-array@0.13.0 OK for: eslint@8.57.1 want: ^0.13.0
579 silly placeDep ROOT @humanwhocodes/module-importer@1.0.1 OK for: eslint@8.57.1 want: ^1.0.1
580 silly placeDep ROOT @nodelib/fs.walk@1.2.8 OK for: eslint@8.57.1 want: ^1.2.8
581 silly placeDep ROOT @ungap/structured-clone@1.3.2 OK for: eslint@8.57.1 want: ^1.2.0
582 silly placeDep ROOT ajv@6.15.0 OK for: eslint@8.57.1 want: ^6.12.4
583 silly placeDep ROOT chalk@4.1.2 OK for: eslint@8.57.1 want: ^4.0.0
584 silly placeDep ROOT cross-spawn@7.0.6 OK for: eslint@8.57.1 want: ^7.0.2
585 silly placeDep ROOT debug@4.4.3 OK for: eslint@8.57.1 want: ^4.3.2
586 silly placeDep ROOT doctrine@3.0.0 OK for: eslint@8.57.1 want: ^3.0.0
587 silly placeDep ROOT escape-string-regexp@4.0.0 OK for: eslint@8.57.1 want: ^4.0.0
588 silly placeDep ROOT eslint-scope@7.2.2 OK for: eslint@8.57.1 want: ^7.2.2
589 silly placeDep ROOT eslint-visitor-keys@3.4.3 OK for: eslint@8.57.1 want: ^3.4.3
590 silly placeDep ROOT espree@9.6.1 OK for: eslint@8.57.1 want: ^9.6.1
591 silly placeDep ROOT esquery@1.7.0 OK for: eslint@8.57.1 want: ^1.4.2
592 silly placeDep ROOT esutils@2.0.3 OK for: eslint@8.57.1 want: ^2.0.2
593 silly placeDep ROOT fast-deep-equal@3.1.3 OK for: eslint@8.57.1 want: ^3.1.3
594 silly placeDep ROOT file-entry-cache@6.0.1 OK for: eslint@8.57.1 want: ^6.0.1
595 silly placeDep ROOT find-up@5.0.0 OK for: eslint@8.57.1 want: ^5.0.0
596 silly placeDep ROOT glob-parent@6.0.2 OK for: eslint@8.57.1 want: ^6.0.2
597 silly placeDep ROOT globals@13.24.0 OK for: eslint@8.57.1 want: ^13.19.0
598 silly placeDep ROOT graphemer@1.4.0 OK for: eslint@8.57.1 want: ^1.4.0
599 silly placeDep ROOT ignore@5.3.2 OK for: eslint@8.57.1 want: ^5.2.0
600 silly placeDep ROOT imurmurhash@0.1.4 OK for: eslint@8.57.1 want: ^0.1.4
601 silly placeDep ROOT is-glob@4.0.3 OK for: eslint@8.57.1 want: ^4.0.0
602 silly placeDep ROOT is-path-inside@3.0.3 OK for: eslint@8.57.1 want: ^3.0.3
603 silly placeDep ROOT js-yaml@4.2.0 OK for: eslint@8.57.1 want: ^4.1.0
604 silly placeDep ROOT json-stable-stringify-without-jsonify@1.0.1 OK for: eslint@8.57.1 want: ^1.0.1
605 silly placeDep ROOT levn@0.4.1 OK for: eslint@8.57.1 want: ^0.4.1
606 silly placeDep ROOT lodash.merge@4.6.2 OK for: eslint@8.57.1 want: ^4.6.2
607 silly placeDep ROOT minimatch@3.1.5 OK for: eslint@8.57.1 want: ^3.1.2
608 silly placeDep ROOT natural-compare@1.4.0 OK for: eslint@8.57.1 want: ^1.4.0
609 silly placeDep ROOT optionator@0.9.4 OK for: eslint@8.57.1 want: ^0.9.3
610 silly placeDep ROOT strip-ansi@6.0.1 OK for: eslint@8.57.1 want: ^6.0.1
611 silly placeDep ROOT text-table@0.2.0 OK for: eslint@8.57.1 want: ^0.2.0
612 silly fetch manifest espree@^9.6.0
613 silly packumentCache full:https://registry.npmjs.org/espree cache-miss
614 silly fetch manifest import-fresh@^3.2.1
615 silly packumentCache full:https://registry.npmjs.org/import-fresh cache-miss
616 silly fetch manifest strip-json-comments@^3.1.1
617 silly packumentCache full:https://registry.npmjs.org/strip-json-comments cache-miss
618 silly fetch manifest debug@^4.3.1
619 silly packumentCache full:https://registry.npmjs.org/debug cache-miss
620 silly fetch manifest minimatch@^3.0.5
621 silly packumentCache full:https://registry.npmjs.org/minimatch cache-miss
622 silly fetch manifest @humanwhocodes/object-schema@^2.0.3
623 silly packumentCache full:https://registry.npmjs.org/@humanwhocodes%2fobject-schema cache-miss
624 silly fetch manifest fastq@^1.6.0
625 silly packumentCache full:https://registry.npmjs.org/fastq cache-miss
626 http cache https://registry.npmjs.org/espree 5ms (cache hit)
627 silly packumentCache full:https://registry.npmjs.org/espree set size:326080 disposed:false
628 silly fetch manifest @nodelib/fs.scandir@2.1.5
629 silly packumentCache full:https://registry.npmjs.org/@nodelib%2ffs.scandir cache-miss
630 http cache https://registry.npmjs.org/minimatch 7ms (cache hit)
631 silly packumentCache full:https://registry.npmjs.org/minimatch set size:375282 disposed:false
632 silly fetch manifest uri-js@^4.2.2
633 silly packumentCache full:https://registry.npmjs.org/uri-js cache-miss
634 http cache https://registry.npmjs.org/debug 11ms (cache hit)
635 silly packumentCache full:https://registry.npmjs.org/debug set size:195840 disposed:false
636 silly fetch manifest fast-deep-equal@^3.1.1
637 silly packumentCache full:https://registry.npmjs.org/fast-deep-equal cache-miss
638 http cache https://registry.npmjs.org/fast-deep-equal 3ms (cache hit)
639 silly packumentCache full:https://registry.npmjs.org/fast-deep-equal set size:48634 disposed:false
640 silly fetch manifest json-schema-traverse@^0.4.1
641 silly packumentCache full:https://registry.npmjs.org/json-schema-traverse cache-miss
642 http fetch GET 200 https://registry.npmjs.org/uri-js 102ms (cache miss)
643 silly packumentCache full:https://registry.npmjs.org/uri-js set size:undefined disposed:false
644 silly fetch manifest fast-json-stable-stringify@^2.0.0
645 silly packumentCache full:https://registry.npmjs.org/fast-json-stable-stringify cache-miss
646 http fetch GET 200 https://registry.npmjs.org/import-fresh 118ms (cache miss)
647 silly packumentCache full:https://registry.npmjs.org/import-fresh set size:undefined disposed:false
648 silly fetch manifest ansi-styles@^4.1.0
649 silly packumentCache full:https://registry.npmjs.org/ansi-styles cache-miss
650 http fetch GET 200 https://registry.npmjs.org/json-schema-traverse 103ms (cache miss)
651 silly packumentCache full:https://registry.npmjs.org/json-schema-traverse set size:undefined disposed:false
652 silly fetch manifest supports-color@^7.1.0
653 silly packumentCache full:https://registry.npmjs.org/supports-color cache-miss
654 http fetch GET 200 https://registry.npmjs.org/strip-json-comments 119ms (cache miss)
655 silly packumentCache full:https://registry.npmjs.org/strip-json-comments set size:undefined disposed:false
656 silly fetch manifest which@^2.0.1
657 silly packumentCache full:https://registry.npmjs.org/which cache-miss
658 http fetch GET 200 https://registry.npmjs.org/fastq 119ms (cache miss)
659 silly packumentCache full:https://registry.npmjs.org/fastq set size:undefined disposed:false
660 silly fetch manifest path-key@^3.1.0
661 silly packumentCache full:https://registry.npmjs.org/path-key cache-miss
662 http fetch GET 200 https://registry.npmjs.org/@nodelib%2ffs.scandir 127ms (cache miss)
663 silly packumentCache full:https://registry.npmjs.org/@nodelib%2ffs.scandir set size:undefined disposed:false
664 silly fetch manifest shebang-command@^2.0.0
665 silly packumentCache full:https://registry.npmjs.org/shebang-command cache-miss
666 http fetch GET 200 https://registry.npmjs.org/@humanwhocodes%2fobject-schema 142ms (cache miss)
667 silly packumentCache full:https://registry.npmjs.org/@humanwhocodes%2fobject-schema set size:undefined disposed:false
668 silly fetch manifest ms@^2.1.3
669 silly packumentCache full:https://registry.npmjs.org/ms cache-miss
670 http fetch GET 200 https://registry.npmjs.org/fast-json-stable-stringify 167ms (cache miss)
671 silly packumentCache full:https://registry.npmjs.org/fast-json-stable-stringify set size:undefined disposed:false
672 silly fetch manifest esrecurse@^4.3.0
673 silly packumentCache full:https://registry.npmjs.org/esrecurse cache-miss
674 http fetch GET 200 https://registry.npmjs.org/supports-color 162ms (cache miss)
675 silly packumentCache full:https://registry.npmjs.org/supports-color set size:undefined disposed:false
676 silly fetch manifest estraverse@^5.2.0
677 silly packumentCache full:https://registry.npmjs.org/estraverse cache-miss
678 http fetch GET 200 https://registry.npmjs.org/path-key 162ms (cache miss)
679 silly packumentCache full:https://registry.npmjs.org/path-key set size:undefined disposed:false
680 silly fetch manifest acorn@^8.9.0
681 silly packumentCache full:https://registry.npmjs.org/acorn cache-miss
682 http fetch GET 200 https://registry.npmjs.org/which 164ms (cache miss)
683 silly packumentCache full:https://registry.npmjs.org/which set size:undefined disposed:false
684 silly fetch manifest acorn-jsx@^5.3.2
685 silly packumentCache full:https://registry.npmjs.org/acorn-jsx cache-miss
686 http fetch GET 200 https://registry.npmjs.org/shebang-command 150ms (cache miss)
687 silly packumentCache full:https://registry.npmjs.org/shebang-command set size:undefined disposed:false
688 silly fetch manifest estraverse@^5.1.0
689 silly packumentCache full:https://registry.npmjs.org/estraverse cache-miss
690 http fetch GET 200 https://registry.npmjs.org/ansi-styles 168ms (cache miss)
691 silly packumentCache full:https://registry.npmjs.org/ansi-styles set size:undefined disposed:false
692 silly fetch manifest flat-cache@^3.0.4
693 silly packumentCache full:https://registry.npmjs.org/flat-cache cache-miss
694 http fetch GET 200 https://registry.npmjs.org/ms 144ms (cache miss)
695 silly packumentCache full:https://registry.npmjs.org/ms set size:undefined disposed:false
696 silly fetch manifest locate-path@^6.0.0
697 silly packumentCache full:https://registry.npmjs.org/locate-path cache-miss
698 http fetch GET 200 https://registry.npmjs.org/esrecurse 143ms (cache miss)
699 silly packumentCache full:https://registry.npmjs.org/esrecurse set size:undefined disposed:false
700 silly fetch manifest path-exists@^4.0.0
701 silly packumentCache full:https://registry.npmjs.org/path-exists cache-miss
702 http fetch GET 200 https://registry.npmjs.org/flat-cache 152ms (cache miss)
703 silly packumentCache full:https://registry.npmjs.org/flat-cache set size:undefined disposed:false
704 silly fetch manifest type-fest@^0.20.2
705 silly packumentCache full:https://registry.npmjs.org/type-fest cache-miss
706 http fetch GET 200 https://registry.npmjs.org/estraverse 158ms (cache miss)
707 silly packumentCache full:https://registry.npmjs.org/estraverse set size:undefined disposed:false
708 silly fetch manifest is-extglob@^2.1.1
709 silly packumentCache full:https://registry.npmjs.org/is-extglob cache-miss
710 http fetch GET 200 https://registry.npmjs.org/locate-path 154ms (cache miss)
711 silly packumentCache full:https://registry.npmjs.org/locate-path set size:undefined disposed:false
712 silly fetch manifest argparse@^2.0.1
713 silly packumentCache full:https://registry.npmjs.org/argparse cache-miss
714 http fetch GET 200 https://registry.npmjs.org/estraverse 159ms (cache miss)
715 silly packumentCache full:https://registry.npmjs.org/estraverse set size:undefined disposed:false
716 silly fetch manifest prelude-ls@^1.2.1
717 silly packumentCache full:https://registry.npmjs.org/prelude-ls cache-miss
718 http fetch GET 200 https://registry.npmjs.org/acorn 172ms (cache miss)
719 silly packumentCache full:https://registry.npmjs.org/acorn set size:undefined disposed:false
720 silly fetch manifest type-check@~0.4.0
721 silly packumentCache full:https://registry.npmjs.org/type-check cache-miss
722 http fetch GET 200 https://registry.npmjs.org/acorn-jsx 175ms (cache miss)
723 silly packumentCache full:https://registry.npmjs.org/acorn-jsx set size:undefined disposed:false
724 silly fetch manifest brace-expansion@^1.1.7
725 silly packumentCache full:https://registry.npmjs.org/brace-expansion cache-miss
726 http fetch GET 200 https://registry.npmjs.org/path-exists 99ms (cache miss)
727 silly packumentCache full:https://registry.npmjs.org/path-exists set size:undefined disposed:false
728 silly fetch manifest prelude-ls@^1.2.1
729 silly packumentCache full:https://registry.npmjs.org/prelude-ls cache-miss
730 http fetch GET 200 https://registry.npmjs.org/is-extglob 99ms (cache miss)
731 silly packumentCache full:https://registry.npmjs.org/is-extglob set size:undefined disposed:false
732 silly fetch manifest deep-is@^0.1.3
733 silly packumentCache full:https://registry.npmjs.org/deep-is cache-miss
734 http fetch GET 200 https://registry.npmjs.org/argparse 103ms (cache miss)
735 silly packumentCache full:https://registry.npmjs.org/argparse set size:undefined disposed:false
736 silly fetch manifest word-wrap@^1.2.5
737 silly packumentCache full:https://registry.npmjs.org/word-wrap cache-miss
738 http fetch GET 200 https://registry.npmjs.org/prelude-ls 105ms (cache miss)
739 silly packumentCache full:https://registry.npmjs.org/prelude-ls set size:undefined disposed:false
740 silly fetch manifest type-check@^0.4.0
741 silly packumentCache full:https://registry.npmjs.org/type-check cache-miss
742 http fetch GET 200 https://registry.npmjs.org/type-check 113ms (cache miss)
743 silly packumentCache full:https://registry.npmjs.org/type-check set size:undefined disposed:false
744 silly fetch manifest fast-levenshtein@^2.0.6
745 silly packumentCache full:https://registry.npmjs.org/fast-levenshtein cache-miss
746 http fetch GET 200 https://registry.npmjs.org/brace-expansion 116ms (cache miss)
747 silly packumentCache full:https://registry.npmjs.org/brace-expansion set size:undefined disposed:false
748 silly fetch manifest ansi-regex@^5.0.1
749 silly packumentCache full:https://registry.npmjs.org/ansi-regex cache-miss
750 http fetch GET 200 https://registry.npmjs.org/type-fest 147ms (cache miss)
751 silly packumentCache full:https://registry.npmjs.org/type-fest set size:undefined disposed:false
752 http fetch GET 200 https://registry.npmjs.org/prelude-ls 88ms (cache miss)
753 silly packumentCache full:https://registry.npmjs.org/prelude-ls set size:undefined disposed:false
754 http fetch GET 200 https://registry.npmjs.org/deep-is 104ms (cache miss)
755 silly packumentCache full:https://registry.npmjs.org/deep-is set size:undefined disposed:false
756 http fetch GET 200 https://registry.npmjs.org/type-check 112ms (cache miss)
757 silly packumentCache full:https://registry.npmjs.org/type-check set size:undefined disposed:false
758 http fetch GET 200 https://registry.npmjs.org/word-wrap 117ms (cache miss)
759 silly packumentCache full:https://registry.npmjs.org/word-wrap set size:undefined disposed:false
760 http fetch GET 200 https://registry.npmjs.org/fast-levenshtein 109ms (cache miss)
761 silly packumentCache full:https://registry.npmjs.org/fast-levenshtein set size:undefined disposed:false
762 http fetch GET 200 https://registry.npmjs.org/ansi-regex 119ms (cache miss)
763 silly packumentCache full:https://registry.npmjs.org/ansi-regex set size:undefined disposed:false
764 silly placeDep ROOT import-fresh@3.3.1 OK for: @eslint/eslintrc@2.1.4 want: ^3.2.1
765 silly placeDep ROOT strip-json-comments@3.1.1 OK for: @eslint/eslintrc@2.1.4 want: ^3.1.1
766 silly fetch manifest resolve-from@^4.0.0
767 silly packumentCache full:https://registry.npmjs.org/resolve-from cache-miss
768 silly fetch manifest parent-module@^1.0.0
769 silly packumentCache full:https://registry.npmjs.org/parent-module cache-miss
770 http fetch GET 200 https://registry.npmjs.org/parent-module 113ms (cache miss)
771 silly packumentCache full:https://registry.npmjs.org/parent-module set size:undefined disposed:false
772 http fetch GET 200 https://registry.npmjs.org/resolve-from 113ms (cache miss)
773 silly packumentCache full:https://registry.npmjs.org/resolve-from set size:undefined disposed:false
774 silly placeDep ROOT @humanwhocodes/object-schema@2.0.3 OK for: @humanwhocodes/config-array@0.13.0 want: ^2.0.3
775 silly placeDep ROOT @nodelib/fs.scandir@2.1.5 OK for: @nodelib/fs.walk@1.2.8 want: 2.1.5
776 silly placeDep ROOT fastq@1.20.1 OK for: @nodelib/fs.walk@1.2.8 want: ^1.6.0
777 silly fetch manifest run-parallel@^1.1.9
778 silly packumentCache full:https://registry.npmjs.org/run-parallel cache-miss
779 silly fetch manifest @nodelib/fs.stat@2.0.5
780 silly packumentCache full:https://registry.npmjs.org/@nodelib%2ffs.stat cache-miss
781 silly fetch manifest reusify@^1.0.4
782 silly packumentCache full:https://registry.npmjs.org/reusify cache-miss
783 http fetch GET 200 https://registry.npmjs.org/run-parallel 101ms (cache miss)
784 silly packumentCache full:https://registry.npmjs.org/run-parallel set size:undefined disposed:false
785 http fetch GET 200 https://registry.npmjs.org/reusify 119ms (cache miss)
786 silly packumentCache full:https://registry.npmjs.org/reusify set size:undefined disposed:false
787 http fetch GET 200 https://registry.npmjs.org/@nodelib%2ffs.stat 138ms (cache miss)
788 silly packumentCache full:https://registry.npmjs.org/@nodelib%2ffs.stat set size:undefined disposed:false
789 silly placeDep ROOT @nodelib/fs.stat@2.0.5 OK for: @nodelib/fs.scandir@2.1.5 want: 2.0.5
790 silly placeDep ROOT run-parallel@1.2.0 OK for: @nodelib/fs.scandir@2.1.5 want: ^1.1.9
791 silly fetch manifest queue-microtask@^1.2.2
792 silly packumentCache full:https://registry.npmjs.org/queue-microtask cache-miss
793 http fetch GET 200 https://registry.npmjs.org/queue-microtask 154ms (cache miss)
794 silly packumentCache full:https://registry.npmjs.org/queue-microtask set size:undefined disposed:false
795 silly placeDep ROOT fast-json-stable-stringify@2.1.0 OK for: ajv@6.15.0 want: ^2.0.0
796 silly placeDep ROOT json-schema-traverse@0.4.1 OK for: ajv@6.15.0 want: ^0.4.1
797 silly placeDep ROOT uri-js@4.4.1 OK for: ajv@6.15.0 want: ^4.2.2
798 silly fetch manifest punycode@^2.1.0
799 silly packumentCache full:https://registry.npmjs.org/punycode cache-miss
800 http fetch GET 200 https://registry.npmjs.org/punycode 119ms (cache miss)
801 silly packumentCache full:https://registry.npmjs.org/punycode set size:undefined disposed:false
802 silly placeDep ROOT ansi-styles@4.3.0 OK for: chalk@4.1.2 want: ^4.1.0
803 silly placeDep ROOT supports-color@7.2.0 OK for: chalk@4.1.2 want: ^7.1.0
804 silly fetch manifest color-convert@^2.0.1
805 silly packumentCache full:https://registry.npmjs.org/color-convert cache-miss
806 silly fetch manifest has-flag@^4.0.0
807 silly packumentCache full:https://registry.npmjs.org/has-flag cache-miss
808 http fetch GET 200 https://registry.npmjs.org/has-flag 202ms (cache miss)
809 silly packumentCache full:https://registry.npmjs.org/has-flag set size:undefined disposed:false
810 http fetch GET 200 https://registry.npmjs.org/color-convert 206ms (cache miss)
811 silly packumentCache full:https://registry.npmjs.org/color-convert set size:undefined disposed:false
812 silly placeDep ROOT color-convert@2.0.1 OK for: ansi-styles@4.3.0 want: ^2.0.1
813 silly fetch manifest color-name@~1.1.4
814 silly packumentCache full:https://registry.npmjs.org/color-name cache-miss
815 http fetch GET 200 https://registry.npmjs.org/color-name 126ms (cache miss)
816 silly packumentCache full:https://registry.npmjs.org/color-name set size:undefined disposed:false
817 silly placeDep ROOT color-name@1.1.4 OK for: color-convert@2.0.1 want: ~1.1.4
818 silly placeDep ROOT path-key@3.1.1 OK for: cross-spawn@7.0.6 want: ^3.1.0
819 silly placeDep ROOT shebang-command@2.0.0 OK for: cross-spawn@7.0.6 want: ^2.0.0
820 silly placeDep ROOT which@2.0.2 OK for: cross-spawn@7.0.6 want: ^2.0.1
821 silly fetch manifest shebang-regex@^3.0.0
822 silly packumentCache full:https://registry.npmjs.org/shebang-regex cache-miss
823 silly fetch manifest isexe@^2.0.0
824 silly packumentCache full:https://registry.npmjs.org/isexe cache-miss
825 http fetch GET 200 https://registry.npmjs.org/isexe 121ms (cache miss)
826 silly packumentCache full:https://registry.npmjs.org/isexe set size:undefined disposed:false
827 http fetch GET 200 https://registry.npmjs.org/shebang-regex 126ms (cache miss)
828 silly packumentCache full:https://registry.npmjs.org/shebang-regex set size:undefined disposed:false
829 silly placeDep ROOT ms@2.1.3 OK for: debug@4.4.3 want: ^2.1.3
830 silly fetch manifest eslint@^7.23.0 || ^8.0.0 || ^9.0.0
831 silly packumentCache full:https://registry.npmjs.org/eslint cache-miss
832 http cache https://registry.npmjs.org/eslint 4ms (cache hit)
833 silly packumentCache full:https://registry.npmjs.org/eslint set size:2011545 disposed:false
834 silly fetch manifest typescript@>=3.3.1
835 silly packumentCache full:https://registry.npmjs.org/typescript cache-miss
836 http cache https://registry.npmjs.org/typescript 30ms (cache hit)
837 silly packumentCache full:https://registry.npmjs.org/typescript set size:15410956 disposed:false
838 silly fetch manifest eslint-plugin-import-x@*
839 silly packumentCache full:https://registry.npmjs.org/eslint-plugin-import-x cache-miss
840 http fetch GET 200 https://registry.npmjs.org/eslint-plugin-import-x 171ms (cache miss)
841 silly packumentCache full:https://registry.npmjs.org/eslint-plugin-import-x set size:undefined disposed:false
842 silly fetch manifest @typescript-eslint/utils@^8.56.0
843 silly packumentCache full:https://registry.npmjs.org/@typescript-eslint%2futils cache-miss
844 http fetch GET 200 https://registry.npmjs.org/@typescript-eslint%2futils 651ms (cache miss)
845 silly packumentCache full:https://registry.npmjs.org/@typescript-eslint%2futils set size:undefined disposed:false
846 silly placeDep ROOT @next/eslint-plugin-next@15.5.19 OK for: eslint-config-next@15.5.19 want: 15.5.19
847 silly placeDep ROOT @rushstack/eslint-patch@1.16.1 OK for: eslint-config-next@15.5.19 want: ^1.10.3
848 silly placeDep ROOT @typescript-eslint/eslint-plugin@8.62.0 OK for: eslint-config-next@15.5.19 want: ^5.4.2 || ^6.0.0 || ^7.0.0 || ^8.0.0
849 silly placeDep ROOT @typescript-eslint/parser@8.62.0 OK for: @typescript-eslint/eslint-plugin@8.62.0 want: ^8.62.0
850 silly placeDep ROOT eslint-import-resolver-node@0.3.10 OK for: eslint-config-next@15.5.19 want: ^0.3.6
851 silly placeDep ROOT eslint-import-resolver-typescript@3.10.1 OK for: eslint-config-next@15.5.19 want: ^3.5.2
852 silly placeDep ROOT eslint-plugin-import@2.32.0 OK for: eslint-config-next@15.5.19 want: ^2.31.0
853 silly placeDep ROOT eslint-plugin-jsx-a11y@6.10.2 OK for: eslint-config-next@15.5.19 want: ^6.10.0
854 silly placeDep ROOT eslint-plugin-react@7.37.5 OK for: eslint-config-next@15.5.19 want: ^7.37.0
855 silly placeDep ROOT eslint-plugin-react-hooks@5.2.0 OK for: eslint-config-next@15.5.19 want: ^5.0.0
856 silly fetch manifest fast-glob@3.3.1
857 silly packumentCache full:https://registry.npmjs.org/fast-glob cache-miss
858 silly fetch manifest ignore@^7.0.5
859 silly packumentCache full:https://registry.npmjs.org/ignore cache-miss
860 silly fetch manifest ts-api-utils@^2.5.0
861 silly packumentCache full:https://registry.npmjs.org/ts-api-utils cache-miss
862 silly fetch manifest @typescript-eslint/utils@8.62.0
863 silly packumentCache full:https://registry.npmjs.org/@typescript-eslint%2futils cache-miss
864 silly fetch manifest @typescript-eslint/type-utils@8.62.0
865 silly packumentCache full:https://registry.npmjs.org/@typescript-eslint%2ftype-utils cache-miss
866 silly fetch manifest @typescript-eslint/visitor-keys@8.62.0
867 silly packumentCache full:https://registry.npmjs.org/@typescript-eslint%2fvisitor-keys cache-miss
868 silly fetch manifest @typescript-eslint/scope-manager@8.62.0
869 silly packumentCache full:https://registry.npmjs.org/@typescript-eslint%2fscope-manager cache-miss
870 http cache https://registry.npmjs.org/fast-glob 9ms (cache hit)
871 silly packumentCache full:https://registry.npmjs.org/fast-glob set size:220556 disposed:false
872 silly fetch manifest @typescript-eslint/types@8.62.0
873 silly packumentCache full:https://registry.npmjs.org/@typescript-eslint%2ftypes cache-miss
874 http cache https://registry.npmjs.org/ignore 13ms (cache hit)
875 silly packumentCache full:https://registry.npmjs.org/ignore set size:237380 disposed:false
876 silly fetch manifest @typescript-eslint/visitor-keys@8.62.0
877 silly packumentCache full:https://registry.npmjs.org/@typescript-eslint%2fvisitor-keys cache-miss
878 http cache https://registry.npmjs.org/@typescript-eslint%2futils 24ms (cache hit)
879 silly packumentCache full:https://registry.npmjs.org/@typescript-eslint%2futils set size:10300275 disposed:false
880 silly fetch manifest @typescript-eslint/scope-manager@8.62.0
881 silly packumentCache full:https://registry.npmjs.org/@typescript-eslint%2fscope-manager cache-miss
882 http fetch GET 200 https://registry.npmjs.org/ts-api-utils 139ms (cache miss)
883 silly packumentCache full:https://registry.npmjs.org/ts-api-utils set size:undefined disposed:false
884 silly fetch manifest @typescript-eslint/typescript-estree@8.62.0
885 silly packumentCache full:https://registry.npmjs.org/@typescript-eslint%2ftypescript-estree cache-miss
886 http fetch GET 200 https://registry.npmjs.org/@typescript-eslint%2ftype-utils 572ms (cache miss)
887 silly packumentCache full:https://registry.npmjs.org/@typescript-eslint%2ftype-utils set size:undefined disposed:false
888 silly fetch manifest debug@^3.2.7
889 silly packumentCache full:https://registry.npmjs.org/debug cache-hit
890 silly fetch manifest resolve@^2.0.0-next.6
891 silly packumentCache full:https://registry.npmjs.org/resolve cache-miss
892 http cache https://registry.npmjs.org/resolve 13ms (cache hit)
893 silly packumentCache full:https://registry.npmjs.org/resolve set size:244568 disposed:false
894 silly fetch manifest is-core-module@^2.16.1
895 silly packumentCache full:https://registry.npmjs.org/is-core-module cache-miss
896 http fetch GET 200 https://registry.npmjs.org/is-core-module 280ms (cache miss)
897 silly packumentCache full:https://registry.npmjs.org/is-core-module set size:undefined disposed:false
898 silly fetch manifest tinyglobby@^0.2.13
899 silly packumentCache full:https://registry.npmjs.org/tinyglobby cache-miss
900 http fetch GET 200 https://registry.npmjs.org/@typescript-eslint%2ftypes 997ms (cache miss)
901 silly packumentCache full:https://registry.npmjs.org/@typescript-eslint%2ftypes set size:undefined disposed:false
902 silly fetch manifest stable-hash@^0.0.5
903 silly packumentCache full:https://registry.npmjs.org/stable-hash cache-miss
904 http fetch GET 200 https://registry.npmjs.org/tinyglobby 176ms (cache miss)
905 silly packumentCache full:https://registry.npmjs.org/tinyglobby set size:undefined disposed:false
906 silly fetch manifest get-tsconfig@^4.10.0
907 silly packumentCache full:https://registry.npmjs.org/get-tsconfig cache-miss
908 http fetch GET 200 https://registry.npmjs.org/@typescript-eslint%2fscope-manager 1083ms (cache miss)
909 silly packumentCache full:https://registry.npmjs.org/@typescript-eslint%2fscope-manager set size:undefined disposed:false
910 silly fetch manifest is-bun-module@^2.0.0
911 silly packumentCache full:https://registry.npmjs.org/is-bun-module cache-miss
912 http fetch GET 200 https://registry.npmjs.org/@typescript-eslint%2ftypescript-estree 998ms (cache miss)
913 silly packumentCache full:https://registry.npmjs.org/@typescript-eslint%2ftypescript-estree set size:undefined disposed:false
914 silly fetch manifest unrs-resolver@^1.6.2
915 silly packumentCache full:https://registry.npmjs.org/unrs-resolver cache-miss
916 http fetch GET 200 https://registry.npmjs.org/stable-hash 164ms (cache miss)
917 silly packumentCache full:https://registry.npmjs.org/stable-hash set size:undefined disposed:false
918 silly fetch manifest @nolyfill/is-core-module@1.0.39
919 silly packumentCache full:https://registry.npmjs.org/@nolyfill%2fis-core-module cache-miss
920 http fetch GET 200 https://registry.npmjs.org/get-tsconfig 150ms (cache miss)
921 silly packumentCache full:https://registry.npmjs.org/get-tsconfig set size:undefined disposed:false
922 silly fetch manifest @rtsao/scc@^1.1.0
923 silly packumentCache full:https://registry.npmjs.org/@rtsao%2fscc cache-miss
924 http fetch GET 200 https://registry.npmjs.org/@typescript-eslint%2fvisitor-keys 1236ms (cache miss)
925 silly packumentCache full:https://registry.npmjs.org/@typescript-eslint%2fvisitor-keys set size:undefined disposed:false
926 silly fetch manifest array-includes@^3.1.9
927 silly packumentCache full:https://registry.npmjs.org/array-includes cache-miss
928 http fetch GET 200 https://registry.npmjs.org/@typescript-eslint%2fscope-manager 1245ms (cache miss)
929 silly packumentCache full:https://registry.npmjs.org/@typescript-eslint%2fscope-manager set size:undefined disposed:false
930 silly fetch manifest array.prototype.findlastindex@^1.2.6
931 silly packumentCache full:https://registry.npmjs.org/array.prototype.findlastindex cache-miss
932 http fetch GET 200 https://registry.npmjs.org/is-bun-module 228ms (cache miss)
933 silly packumentCache full:https://registry.npmjs.org/is-bun-module set size:undefined disposed:false
934 silly fetch manifest array.prototype.flat@^1.3.3
935 silly packumentCache full:https://registry.npmjs.org/array.prototype.flat cache-miss
936 http fetch GET 200 https://registry.npmjs.org/@typescript-eslint%2fvisitor-keys 1345ms (cache miss)
937 silly packumentCache full:https://registry.npmjs.org/@typescript-eslint%2fvisitor-keys set size:undefined disposed:false
938 silly fetch manifest array.prototype.flatmap@^1.3.3
939 silly packumentCache full:https://registry.npmjs.org/array.prototype.flatmap cache-miss
940 http fetch GET 200 https://registry.npmjs.org/unrs-resolver 219ms (cache miss)
941 silly packumentCache full:https://registry.npmjs.org/unrs-resolver set size:undefined disposed:false
942 silly fetch manifest doctrine@^2.1.0
943 silly packumentCache full:https://registry.npmjs.org/doctrine cache-miss
944 http fetch GET 200 https://registry.npmjs.org/array-includes 142ms (cache miss)
945 silly packumentCache full:https://registry.npmjs.org/array-includes set size:undefined disposed:false
946 silly fetch manifest eslint-module-utils@^2.12.1
947 silly packumentCache full:https://registry.npmjs.org/eslint-module-utils cache-miss
948 http fetch GET 200 https://registry.npmjs.org/@rtsao%2fscc 209ms (cache miss)
949 silly packumentCache full:https://registry.npmjs.org/@rtsao%2fscc set size:undefined disposed:false
950 silly fetch manifest hasown@^2.0.2
951 silly packumentCache full:https://registry.npmjs.org/hasown cache-miss
952 http cache https://registry.npmjs.org/doctrine 8ms (cache hit)
953 silly packumentCache full:https://registry.npmjs.org/doctrine set size:64052 disposed:false
954 silly fetch manifest object.fromentries@^2.0.8
955 silly packumentCache full:https://registry.npmjs.org/object.fromentries cache-miss
956 http fetch GET 200 https://registry.npmjs.org/array.prototype.findlastindex 114ms (cache miss)
957 silly packumentCache full:https://registry.npmjs.org/array.prototype.findlastindex set size:undefined disposed:false
958 silly fetch manifest object.groupby@^1.0.3
959 silly packumentCache full:https://registry.npmjs.org/object.groupby cache-miss
960 http fetch GET 200 https://registry.npmjs.org/array.prototype.flat 103ms (cache miss)
961 silly packumentCache full:https://registry.npmjs.org/array.prototype.flat set size:undefined disposed:false
962 silly fetch manifest object.values@^1.2.1
963 silly packumentCache full:https://registry.npmjs.org/object.values cache-miss
964 http fetch GET 200 https://registry.npmjs.org/@nolyfill%2fis-core-module 244ms (cache miss)
965 silly packumentCache full:https://registry.npmjs.org/@nolyfill%2fis-core-module set size:undefined disposed:false
966 silly fetch manifest semver@^6.3.1
967 silly packumentCache full:https://registry.npmjs.org/semver cache-miss
968 http fetch GET 200 https://registry.npmjs.org/array.prototype.flatmap 110ms (cache miss)
969 silly packumentCache full:https://registry.npmjs.org/array.prototype.flatmap set size:undefined disposed:false
970 silly fetch manifest string.prototype.trimend@^1.0.9
971 silly packumentCache full:https://registry.npmjs.org/string.prototype.trimend cache-miss
972 http fetch GET 200 https://registry.npmjs.org/object.fromentries 97ms (cache miss)
973 silly packumentCache full:https://registry.npmjs.org/object.fromentries set size:undefined disposed:false
974 silly fetch manifest tsconfig-paths@^3.15.0
975 silly packumentCache full:https://registry.npmjs.org/tsconfig-paths cache-miss
976 http fetch GET 200 https://registry.npmjs.org/hasown 106ms (cache miss)
977 silly packumentCache full:https://registry.npmjs.org/hasown set size:undefined disposed:false
978 silly fetch manifest aria-query@^5.3.2
979 silly packumentCache full:https://registry.npmjs.org/aria-query cache-miss
980 http fetch GET 200 https://registry.npmjs.org/eslint-module-utils 113ms (cache miss)
981 silly packumentCache full:https://registry.npmjs.org/eslint-module-utils set size:undefined disposed:false
982 silly fetch manifest array-includes@^3.1.8
983 silly packumentCache full:https://registry.npmjs.org/array-includes cache-miss
984 http cache https://registry.npmjs.org/array-includes 2ms (cache hit)
985 silly packumentCache full:https://registry.npmjs.org/array-includes set size:77143 disposed:false
986 silly fetch manifest array.prototype.flatmap@^1.3.2
987 silly packumentCache full:https://registry.npmjs.org/array.prototype.flatmap cache-miss
988 http cache https://registry.npmjs.org/array.prototype.flatmap 2ms (cache hit)
989 silly packumentCache full:https://registry.npmjs.org/array.prototype.flatmap set size:51458 disposed:false
990 silly fetch manifest ast-types-flow@^0.0.8
991 silly packumentCache full:https://registry.npmjs.org/ast-types-flow cache-miss
992 http fetch GET 200 https://registry.npmjs.org/object.groupby 105ms (cache miss)
993 silly packumentCache full:https://registry.npmjs.org/object.groupby set size:undefined disposed:false
994 silly fetch manifest axe-core@^4.10.0
995 silly packumentCache full:https://registry.npmjs.org/axe-core cache-miss
996 http fetch GET 200 https://registry.npmjs.org/object.values 106ms (cache miss)
997 silly packumentCache full:https://registry.npmjs.org/object.values set size:undefined disposed:false
998 silly fetch manifest axobject-query@^4.1.0
999 silly packumentCache full:https://registry.npmjs.org/axobject-query cache-miss
1000 http fetch GET 200 https://registry.npmjs.org/semver 149ms (cache miss)
1001 silly packumentCache full:https://registry.npmjs.org/semver set size:undefined disposed:false
1002 silly fetch manifest damerau-levenshtein@^1.0.8
1003 silly packumentCache full:https://registry.npmjs.org/damerau-levenshtein cache-miss
1004 http fetch GET 200 https://registry.npmjs.org/string.prototype.trimend 111ms (cache miss)
1005 silly packumentCache full:https://registry.npmjs.org/string.prototype.trimend set size:undefined disposed:false
1006 silly fetch manifest emoji-regex@^9.2.2
1007 silly packumentCache full:https://registry.npmjs.org/emoji-regex cache-miss
1008 http fetch GET 200 https://registry.npmjs.org/ast-types-flow 126ms (cache miss)
1009 silly packumentCache full:https://registry.npmjs.org/ast-types-flow set size:undefined disposed:false
1010 silly fetch manifest jsx-ast-utils@^3.3.5
1011 silly packumentCache full:https://registry.npmjs.org/jsx-ast-utils cache-miss
1012 http fetch GET 200 https://registry.npmjs.org/tsconfig-paths 139ms (cache miss)
1013 silly packumentCache full:https://registry.npmjs.org/tsconfig-paths set size:undefined disposed:false
1014 silly fetch manifest language-tags@^1.0.9
1015 silly packumentCache full:https://registry.npmjs.org/language-tags cache-miss
1016 http fetch GET 200 https://registry.npmjs.org/aria-query 141ms (cache miss)
1017 silly packumentCache full:https://registry.npmjs.org/aria-query set size:undefined disposed:false
1018 silly fetch manifest safe-regex-test@^1.0.3
1019 silly packumentCache full:https://registry.npmjs.org/safe-regex-test cache-miss
1020 http fetch GET 200 https://registry.npmjs.org/axobject-query 116ms (cache miss)
1021 silly packumentCache full:https://registry.npmjs.org/axobject-query set size:undefined disposed:false
1022 silly fetch manifest string.prototype.includes@^2.0.1
1023 silly packumentCache full:https://registry.npmjs.org/string.prototype.includes cache-miss
1024 http fetch GET 200 https://registry.npmjs.org/damerau-levenshtein 217ms (cache miss)
1025 silly packumentCache full:https://registry.npmjs.org/damerau-levenshtein set size:undefined disposed:false
1026 silly fetch manifest array.prototype.findlast@^1.2.5
1027 silly packumentCache full:https://registry.npmjs.org/array.prototype.findlast cache-miss
1028 http fetch GET 200 https://registry.npmjs.org/emoji-regex 201ms (cache miss)
1029 silly packumentCache full:https://registry.npmjs.org/emoji-regex set size:undefined disposed:false
1030 silly fetch manifest array.prototype.tosorted@^1.1.4
1031 silly packumentCache full:https://registry.npmjs.org/array.prototype.tosorted cache-miss
1032 http fetch GET 200 https://registry.npmjs.org/language-tags 189ms (cache miss)
1033 silly packumentCache full:https://registry.npmjs.org/language-tags set size:undefined disposed:false
1034 silly fetch manifest es-iterator-helpers@^1.2.1
1035 silly packumentCache full:https://registry.npmjs.org/es-iterator-helpers cache-miss
1036 http fetch GET 200 https://registry.npmjs.org/safe-regex-test 181ms (cache miss)
1037 silly packumentCache full:https://registry.npmjs.org/safe-regex-test set size:undefined disposed:false
1038 silly fetch manifest estraverse@^5.3.0
1039 silly packumentCache full:https://registry.npmjs.org/estraverse cache-miss
1040 http fetch GET 200 https://registry.npmjs.org/string.prototype.includes 186ms (cache miss)
1041 silly packumentCache full:https://registry.npmjs.org/string.prototype.includes set size:undefined disposed:false
1042 silly fetch manifest jsx-ast-utils@^2.4.1 || ^3.0.0
1043 silly packumentCache full:https://registry.npmjs.org/jsx-ast-utils cache-miss
1044 http cache https://registry.npmjs.org/estraverse 6ms (cache hit)
1045 silly packumentCache full:https://registry.npmjs.org/estraverse set size:62412 disposed:false
1046 silly fetch manifest object.entries@^1.1.9
1047 silly packumentCache full:https://registry.npmjs.org/object.entries cache-miss
1048 http fetch GET 200 https://registry.npmjs.org/jsx-ast-utils 202ms (cache miss)
1049 silly packumentCache full:https://registry.npmjs.org/jsx-ast-utils set size:undefined disposed:false
1050 silly fetch manifest prop-types@^15.8.1
1051 silly packumentCache full:https://registry.npmjs.org/prop-types cache-miss
1052 http fetch GET 200 https://registry.npmjs.org/axe-core 333ms (cache miss)
1053 silly packumentCache full:https://registry.npmjs.org/axe-core set size:undefined disposed:false
1054 silly fetch manifest resolve@^2.0.0-next.5
1055 silly packumentCache full:https://registry.npmjs.org/resolve cache-hit
1056 silly fetch manifest string.prototype.matchall@^4.0.12
1057 silly packumentCache full:https://registry.npmjs.org/string.prototype.matchall cache-miss
1058 http fetch GET 200 https://registry.npmjs.org/jsx-ast-utils 101ms (cache miss)
1059 silly packumentCache full:https://registry.npmjs.org/jsx-ast-utils set size:undefined disposed:false
1060 silly fetch manifest string.prototype.repeat@^1.0.0
1061 silly packumentCache full:https://registry.npmjs.org/string.prototype.repeat cache-miss
1062 http fetch GET 200 https://registry.npmjs.org/object.entries 102ms (cache miss)
1063 silly packumentCache full:https://registry.npmjs.org/object.entries set size:undefined disposed:false
1064 http fetch GET 200 https://registry.npmjs.org/es-iterator-helpers 132ms (cache miss)
1065 silly packumentCache full:https://registry.npmjs.org/es-iterator-helpers set size:undefined disposed:false
1066 http fetch GET 200 https://registry.npmjs.org/array.prototype.tosorted 162ms (cache miss)
1067 silly packumentCache full:https://registry.npmjs.org/array.prototype.tosorted set size:undefined disposed:false
1068 http fetch GET 200 https://registry.npmjs.org/prop-types 130ms (cache miss)
1069 silly packumentCache full:https://registry.npmjs.org/prop-types set size:undefined disposed:false
1070 http fetch GET 200 https://registry.npmjs.org/array.prototype.findlast 205ms (cache miss)
1071 silly packumentCache full:https://registry.npmjs.org/array.prototype.findlast set size:undefined disposed:false
1072 http fetch GET 200 https://registry.npmjs.org/string.prototype.matchall 111ms (cache miss)
1073 silly packumentCache full:https://registry.npmjs.org/string.prototype.matchall set size:undefined disposed:false
1074 http fetch GET 200 https://registry.npmjs.org/string.prototype.repeat 96ms (cache miss)
1075 silly packumentCache full:https://registry.npmjs.org/string.prototype.repeat set size:undefined disposed:false
1076 silly placeDep ROOT fast-glob@3.3.1 OK for: @next/eslint-plugin-next@15.5.19 want: 3.3.1
1077 silly fetch manifest merge2@^1.3.0
1078 silly packumentCache full:https://registry.npmjs.org/merge2 cache-miss
1079 silly fetch manifest micromatch@^4.0.4
1080 silly packumentCache full:https://registry.npmjs.org/micromatch cache-miss
1081 silly fetch manifest glob-parent@^5.1.2
1082 silly packumentCache full:https://registry.npmjs.org/glob-parent cache-miss
1083 http cache https://registry.npmjs.org/glob-parent 2ms (cache hit)
1084 silly packumentCache full:https://registry.npmjs.org/glob-parent set size:42445 disposed:false
1085 http cache https://registry.npmjs.org/micromatch 3ms (cache hit)
1086 silly packumentCache full:https://registry.npmjs.org/micromatch set size:240630 disposed:false
1087 http fetch GET 200 https://registry.npmjs.org/merge2 115ms (cache miss)
1088 silly packumentCache full:https://registry.npmjs.org/merge2 set size:undefined disposed:false
1089 silly fetch manifest typescript@>=4.8.4 <6.1.0
1090 silly packumentCache full:https://registry.npmjs.org/typescript cache-miss
1091 http cache https://registry.npmjs.org/typescript 19ms (cache hit)
1092 silly packumentCache full:https://registry.npmjs.org/typescript set size:15410956 disposed:false
1093 silly fetch manifest eslint@^8.57.0 || ^9.0.0 || ^10.0.0
1094 silly packumentCache full:https://registry.npmjs.org/eslint cache-miss
1095 http cache https://registry.npmjs.org/eslint 5ms (cache hit)
1096 silly packumentCache full:https://registry.npmjs.org/eslint set size:2011545 disposed:false
1097 silly placeDep ROOT @typescript-eslint/scope-manager@8.62.0 OK for: @typescript-eslint/eslint-plugin@8.62.0 want: 8.62.0
1098 silly placeDep ROOT @typescript-eslint/type-utils@8.62.0 OK for: @typescript-eslint/eslint-plugin@8.62.0 want: 8.62.0
1099 silly placeDep ROOT @typescript-eslint/utils@8.62.0 OK for: @typescript-eslint/eslint-plugin@8.62.0 want: 8.62.0
1100 silly placeDep ROOT @typescript-eslint/visitor-keys@8.62.0 OK for: @typescript-eslint/eslint-plugin@8.62.0 want: 8.62.0
1101 silly placeDep node_modules/@typescript-eslint/eslint-plugin ignore@7.0.5 OK for: @typescript-eslint/eslint-plugin@8.62.0 want: ^7.0.5
1102 silly placeDep ROOT ts-api-utils@2.5.0 OK for: @typescript-eslint/eslint-plugin@8.62.0 want: ^2.5.0
1103 silly fetch manifest eslint-visitor-keys@^5.0.0
1104 silly packumentCache full:https://registry.npmjs.org/eslint-visitor-keys cache-miss
1105 http cache https://registry.npmjs.org/eslint-visitor-keys 11ms (cache hit)
1106 silly packumentCache full:https://registry.npmjs.org/eslint-visitor-keys set size:69949 disposed:false
1107 silly placeDep ROOT @typescript-eslint/types@8.62.0 OK for: @typescript-eslint/parser@8.62.0 want: 8.62.0
1108 silly placeDep ROOT @typescript-eslint/typescript-estree@8.62.0 OK for: @typescript-eslint/parser@8.62.0 want: 8.62.0
1109 silly fetch manifest semver@^7.7.3
1110 silly packumentCache full:https://registry.npmjs.org/semver cache-miss
1111 silly fetch manifest minimatch@^10.2.2
1112 silly packumentCache full:https://registry.npmjs.org/minimatch cache-hit
1113 silly fetch manifest tinyglobby@^0.2.15
1114 silly packumentCache full:https://registry.npmjs.org/tinyglobby cache-miss
1115 silly fetch manifest @typescript-eslint/tsconfig-utils@8.62.0
1116 silly packumentCache full:https://registry.npmjs.org/@typescript-eslint%2ftsconfig-utils cache-miss
1117 silly fetch manifest @typescript-eslint/project-service@8.62.0
1118 silly packumentCache full:https://registry.npmjs.org/@typescript-eslint%2fproject-service cache-miss
1119 http cache https://registry.npmjs.org/semver 3ms (cache hit)
1120 silly packumentCache full:https://registry.npmjs.org/semver set size:246125 disposed:false
1121 http cache https://registry.npmjs.org/tinyglobby 5ms (cache hit)
1122 silly packumentCache full:https://registry.npmjs.org/tinyglobby set size:54291 disposed:false
1123 http fetch GET 200 https://registry.npmjs.org/@typescript-eslint%2ftsconfig-utils 236ms (cache miss)
1124 silly packumentCache full:https://registry.npmjs.org/@typescript-eslint%2ftsconfig-utils set size:undefined disposed:false
1125 http fetch GET 200 https://registry.npmjs.org/@typescript-eslint%2fproject-service 241ms (cache miss)
1126 silly packumentCache full:https://registry.npmjs.org/@typescript-eslint%2fproject-service set size:undefined disposed:false
1127 silly placeDep ROOT @typescript-eslint/project-service@8.62.0 OK for: @typescript-eslint/typescript-estree@8.62.0 want: 8.62.0
1128 silly placeDep ROOT @typescript-eslint/tsconfig-utils@8.62.0 OK for: @typescript-eslint/typescript-estree@8.62.0 want: 8.62.0
1129 silly placeDep node_modules/@typescript-eslint/typescript-estree minimatch@10.2.5 OK for: @typescript-eslint/typescript-estree@8.62.0 want: ^10.2.2
1130 silly placeDep ROOT semver@7.8.5 OK for: @typescript-eslint/typescript-estree@8.62.0 want: ^7.7.3
1131 silly placeDep ROOT tinyglobby@0.2.17 OK for: @typescript-eslint/typescript-estree@8.62.0 want: ^0.2.15
1132 silly fetch manifest @typescript-eslint/tsconfig-utils@^8.62.0
1133 silly packumentCache full:https://registry.npmjs.org/@typescript-eslint%2ftsconfig-utils cache-miss
1134 silly fetch manifest brace-expansion@^5.0.5
1135 silly packumentCache full:https://registry.npmjs.org/brace-expansion cache-miss
1136 silly fetch manifest fdir@^6.5.0
1137 silly packumentCache full:https://registry.npmjs.org/fdir cache-miss
1138 silly fetch manifest picomatch@^4.0.4
1139 silly packumentCache full:https://registry.npmjs.org/picomatch cache-miss
1140 http cache https://registry.npmjs.org/brace-expansion 6ms (cache hit)
1141 silly packumentCache full:https://registry.npmjs.org/brace-expansion set size:72152 disposed:false
1142 http cache https://registry.npmjs.org/@typescript-eslint%2ftsconfig-utils 11ms (cache hit)
1143 silly packumentCache full:https://registry.npmjs.org/@typescript-eslint%2ftsconfig-utils set size:1376174 disposed:false
1144 http fetch GET 200 https://registry.npmjs.org/fdir 153ms (cache miss)
1145 silly packumentCache full:https://registry.npmjs.org/fdir set size:undefined disposed:false
1146 http fetch GET 200 https://registry.npmjs.org/picomatch 183ms (cache miss)
1147 silly packumentCache full:https://registry.npmjs.org/picomatch set size:undefined disposed:false
1148 silly placeDep node_modules/@typescript-eslint/visitor-keys eslint-visitor-keys@5.0.1 OK for: @typescript-eslint/visitor-keys@8.62.0 want: ^5.0.0
1149 silly placeDep node_modules/eslint-import-resolver-node debug@3.2.7 OK for: eslint-import-resolver-node@0.3.10 want: ^3.2.7
1150 silly placeDep ROOT is-core-module@2.16.2 OK for: eslint-import-resolver-node@0.3.10 want: ^2.16.1
1151 silly placeDep ROOT resolve@2.0.0-next.7 OK for: eslint-import-resolver-node@0.3.10 want: ^2.0.0-next.6
1152 silly fetch manifest hasown@^2.0.3
1153 silly packumentCache full:https://registry.npmjs.org/hasown cache-miss
1154 silly fetch manifest es-errors@^1.3.0
1155 silly packumentCache full:https://registry.npmjs.org/es-errors cache-miss
1156 silly fetch manifest node-exports-info@^1.6.0
1157 silly packumentCache full:https://registry.npmjs.org/node-exports-info cache-miss
1158 silly fetch manifest object-keys@^1.1.1
1159 silly packumentCache full:https://registry.npmjs.org/object-keys cache-miss
1160 silly fetch manifest path-parse@^1.0.7
1161 silly packumentCache full:https://registry.npmjs.org/path-parse cache-miss
1162 silly fetch manifest supports-preserve-symlinks-flag@^1.0.0
1163 silly packumentCache full:https://registry.npmjs.org/supports-preserve-symlinks-flag cache-miss
1164 http cache https://registry.npmjs.org/hasown 4ms (cache hit)
1165 silly packumentCache full:https://registry.npmjs.org/hasown set size:18361 disposed:false
1166 http fetch GET 200 https://registry.npmjs.org/supports-preserve-symlinks-flag 151ms (cache miss)
1167 silly packumentCache full:https://registry.npmjs.org/supports-preserve-symlinks-flag set size:undefined disposed:false
1168 http fetch GET 200 https://registry.npmjs.org/es-errors 153ms (cache miss)
1169 silly packumentCache full:https://registry.npmjs.org/es-errors set size:undefined disposed:false
1170 http fetch GET 200 https://registry.npmjs.org/object-keys 153ms (cache miss)
1171 silly packumentCache full:https://registry.npmjs.org/object-keys set size:undefined disposed:false
1172 http fetch GET 200 https://registry.npmjs.org/path-parse 154ms (cache miss)
1173 silly packumentCache full:https://registry.npmjs.org/path-parse set size:undefined disposed:false
1174 http fetch GET 200 https://registry.npmjs.org/node-exports-info 154ms (cache miss)
1175 silly packumentCache full:https://registry.npmjs.org/node-exports-info set size:undefined disposed:false
1176 silly placeDep ROOT @nolyfill/is-core-module@1.0.39 OK for: eslint-import-resolver-typescript@3.10.1 want: 1.0.39
1177 silly placeDep ROOT get-tsconfig@4.14.0 OK for: eslint-import-resolver-typescript@3.10.1 want: ^4.10.0
1178 silly placeDep ROOT is-bun-module@2.0.0 OK for: eslint-import-resolver-typescript@3.10.1 want: ^2.0.0
1179 silly placeDep ROOT stable-hash@0.0.5 OK for: eslint-import-resolver-typescript@3.10.1 want: ^0.0.5
1180 silly placeDep ROOT unrs-resolver@1.12.2 OK for: eslint-import-resolver-typescript@3.10.1 want: ^1.6.2
1181 silly fetch manifest resolve-pkg-maps@^1.0.0
1182 silly packumentCache full:https://registry.npmjs.org/resolve-pkg-maps cache-miss
1183 silly fetch manifest napi-postinstall@^0.3.4
1184 silly packumentCache full:https://registry.npmjs.org/napi-postinstall cache-miss
1185 silly fetch manifest @unrs/resolver-binding-darwin-arm64@1.12.2
1186 silly packumentCache full:https://registry.npmjs.org/@unrs%2fresolver-binding-darwin-arm64 cache-miss
1187 silly fetch manifest @unrs/resolver-binding-android-arm64@1.12.2
1188 silly packumentCache full:https://registry.npmjs.org/@unrs%2fresolver-binding-android-arm64 cache-miss
1189 silly fetch manifest @unrs/resolver-binding-win32-arm64-msvc@1.12.2
1190 silly packumentCache full:https://registry.npmjs.org/@unrs%2fresolver-binding-win32-arm64-msvc cache-miss
1191 silly fetch manifest @unrs/resolver-binding-linux-arm64-gnu@1.12.2
1192 silly packumentCache full:https://registry.npmjs.org/@unrs%2fresolver-binding-linux-arm64-gnu cache-miss
1193 silly fetch manifest @unrs/resolver-binding-linux-arm64-musl@1.12.2
1194 silly packumentCache full:https://registry.npmjs.org/@unrs%2fresolver-binding-linux-arm64-musl cache-miss
1195 http fetch GET 200 https://registry.npmjs.org/resolve-pkg-maps 119ms (cache miss)
1196 silly packumentCache full:https://registry.npmjs.org/resolve-pkg-maps set size:undefined disposed:false
1197 silly fetch manifest @unrs/resolver-binding-openharmony-arm64@1.12.2
1198 silly packumentCache full:https://registry.npmjs.org/@unrs%2fresolver-binding-openharmony-arm64 cache-miss
1199 http fetch GET 200 https://registry.npmjs.org/napi-postinstall 124ms (cache miss)
1200 silly packumentCache full:https://registry.npmjs.org/napi-postinstall set size:undefined disposed:false
1201 silly fetch manifest @unrs/resolver-binding-android-arm-eabi@1.12.2
1202 silly packumentCache full:https://registry.npmjs.org/@unrs%2fresolver-binding-android-arm-eabi cache-miss
1203 http fetch GET 200 https://registry.npmjs.org/@unrs%2fresolver-binding-linux-arm64-gnu 124ms (cache miss)
1204 silly packumentCache full:https://registry.npmjs.org/@unrs%2fresolver-binding-linux-arm64-gnu set size:undefined disposed:false
1205 silly fetch manifest @unrs/resolver-binding-linux-arm-gnueabihf@1.12.2
1206 silly packumentCache full:https://registry.npmjs.org/@unrs%2fresolver-binding-linux-arm-gnueabihf cache-miss
1207 http fetch GET 200 https://registry.npmjs.org/@unrs%2fresolver-binding-win32-arm64-msvc 128ms (cache miss)
1208 silly packumentCache full:https://registry.npmjs.org/@unrs%2fresolver-binding-win32-arm64-msvc set size:undefined disposed:false
1209 silly fetch manifest @unrs/resolver-binding-linux-arm-musleabihf@1.12.2
1210 silly packumentCache full:https://registry.npmjs.org/@unrs%2fresolver-binding-linux-arm-musleabihf cache-miss
1211 http fetch GET 200 https://registry.npmjs.org/@unrs%2fresolver-binding-android-arm64 136ms (cache miss)
1212 silly packumentCache full:https://registry.npmjs.org/@unrs%2fresolver-binding-android-arm64 set size:undefined disposed:false
1213 silly fetch manifest @unrs/resolver-binding-win32-ia32-msvc@1.12.2
1214 silly packumentCache full:https://registry.npmjs.org/@unrs%2fresolver-binding-win32-ia32-msvc cache-miss
1215 http fetch GET 200 https://registry.npmjs.org/@unrs%2fresolver-binding-linux-arm64-musl 141ms (cache miss)
1216 silly packumentCache full:https://registry.npmjs.org/@unrs%2fresolver-binding-linux-arm64-musl set size:undefined disposed:false
1217 silly fetch manifest @unrs/resolver-binding-linux-loong64-gnu@1.12.2
1218 silly packumentCache full:https://registry.npmjs.org/@unrs%2fresolver-binding-linux-loong64-gnu cache-miss
1219 http fetch GET 200 https://registry.npmjs.org/@unrs%2fresolver-binding-darwin-arm64 143ms (cache miss)
1220 silly packumentCache full:https://registry.npmjs.org/@unrs%2fresolver-binding-darwin-arm64 set size:undefined disposed:false
1221 silly fetch manifest @unrs/resolver-binding-linux-loong64-musl@1.12.2
1222 silly packumentCache full:https://registry.npmjs.org/@unrs%2fresolver-binding-linux-loong64-musl cache-miss
1223 http fetch GET 200 https://registry.npmjs.org/@unrs%2fresolver-binding-linux-arm-gnueabihf 127ms (cache miss)
1224 silly packumentCache full:https://registry.npmjs.org/@unrs%2fresolver-binding-linux-arm-gnueabihf set size:undefined disposed:false
1225 silly fetch manifest @unrs/resolver-binding-linux-ppc64-gnu@1.12.2
1226 silly packumentCache full:https://registry.npmjs.org/@unrs%2fresolver-binding-linux-ppc64-gnu cache-miss
1227 http fetch GET 200 https://registry.npmjs.org/@unrs%2fresolver-binding-linux-loong64-gnu 121ms (cache miss)
1228 silly packumentCache full:https://registry.npmjs.org/@unrs%2fresolver-binding-linux-loong64-gnu set size:undefined disposed:false
1229 silly fetch manifest @unrs/resolver-binding-linux-riscv64-gnu@1.12.2
1230 silly packumentCache full:https://registry.npmjs.org/@unrs%2fresolver-binding-linux-riscv64-gnu cache-miss
1231 http fetch GET 200 https://registry.npmjs.org/@unrs%2fresolver-binding-android-arm-eabi 157ms (cache miss)
1232 silly packumentCache full:https://registry.npmjs.org/@unrs%2fresolver-binding-android-arm-eabi set size:undefined disposed:false
1233 silly fetch manifest @unrs/resolver-binding-linux-riscv64-musl@1.12.2
1234 silly packumentCache full:https://registry.npmjs.org/@unrs%2fresolver-binding-linux-riscv64-musl cache-miss
1235 http fetch GET 200 https://registry.npmjs.org/@unrs%2fresolver-binding-linux-arm-musleabihf 153ms (cache miss)
1236 silly packumentCache full:https://registry.npmjs.org/@unrs%2fresolver-binding-linux-arm-musleabihf set size:undefined disposed:false
1237 silly fetch manifest @unrs/resolver-binding-linux-s390x-gnu@1.12.2
1238 silly packumentCache full:https://registry.npmjs.org/@unrs%2fresolver-binding-linux-s390x-gnu cache-miss
1239 http fetch GET 200 https://registry.npmjs.org/@unrs%2fresolver-binding-openharmony-arm64 162ms (cache miss)
1240 silly packumentCache full:https://registry.npmjs.org/@unrs%2fresolver-binding-openharmony-arm64 set size:undefined disposed:false
1241 silly fetch manifest @unrs/resolver-binding-wasm32-wasi@1.12.2
1242 silly packumentCache full:https://registry.npmjs.org/@unrs%2fresolver-binding-wasm32-wasi cache-miss
1243 http fetch GET 200 https://registry.npmjs.org/@unrs%2fresolver-binding-linux-loong64-musl 141ms (cache miss)
1244 silly packumentCache full:https://registry.npmjs.org/@unrs%2fresolver-binding-linux-loong64-musl set size:undefined disposed:false
1245 silly fetch manifest @unrs/resolver-binding-darwin-x64@1.12.2
1246 silly packumentCache full:https://registry.npmjs.org/@unrs%2fresolver-binding-darwin-x64 cache-miss
1247 http fetch GET 200 https://registry.npmjs.org/@unrs%2fresolver-binding-win32-ia32-msvc 149ms (cache miss)
1248 silly packumentCache full:https://registry.npmjs.org/@unrs%2fresolver-binding-win32-ia32-msvc set size:undefined disposed:false
1249 silly fetch manifest @unrs/resolver-binding-win32-x64-msvc@1.12.2
1250 silly packumentCache full:https://registry.npmjs.org/@unrs%2fresolver-binding-win32-x64-msvc cache-miss
1251 http fetch GET 200 https://registry.npmjs.org/@unrs%2fresolver-binding-linux-ppc64-gnu 131ms (cache miss)
1252 silly packumentCache full:https://registry.npmjs.org/@unrs%2fresolver-binding-linux-ppc64-gnu set size:undefined disposed:false
1253 silly fetch manifest @unrs/resolver-binding-freebsd-x64@1.12.2
1254 silly packumentCache full:https://registry.npmjs.org/@unrs%2fresolver-binding-freebsd-x64 cache-miss
1255 http fetch GET 200 https://registry.npmjs.org/@unrs%2fresolver-binding-linux-s390x-gnu 128ms (cache miss)
1256 silly packumentCache full:https://registry.npmjs.org/@unrs%2fresolver-binding-linux-s390x-gnu set size:undefined disposed:false
1257 silly fetch manifest @unrs/resolver-binding-linux-x64-gnu@1.12.2
1258 silly packumentCache full:https://registry.npmjs.org/@unrs%2fresolver-binding-linux-x64-gnu cache-miss
1259 http fetch GET 200 https://registry.npmjs.org/@unrs%2fresolver-binding-win32-x64-msvc 232ms (cache miss)
1260 silly packumentCache full:https://registry.npmjs.org/@unrs%2fresolver-binding-win32-x64-msvc set size:undefined disposed:false
1261 silly fetch manifest @unrs/resolver-binding-linux-x64-musl@1.12.2
1262 silly packumentCache full:https://registry.npmjs.org/@unrs%2fresolver-binding-linux-x64-musl cache-miss
1263 http fetch GET 200 https://registry.npmjs.org/@unrs%2fresolver-binding-darwin-x64 234ms (cache miss)
1264 silly packumentCache full:https://registry.npmjs.org/@unrs%2fresolver-binding-darwin-x64 set size:undefined disposed:false
1265 http fetch GET 200 https://registry.npmjs.org/@unrs%2fresolver-binding-linux-riscv64-musl 239ms (cache miss)
1266 silly packumentCache full:https://registry.npmjs.org/@unrs%2fresolver-binding-linux-riscv64-musl set size:undefined disposed:false
1267 http fetch GET 200 https://registry.npmjs.org/@unrs%2fresolver-binding-wasm32-wasi 237ms (cache miss)
1268 silly packumentCache full:https://registry.npmjs.org/@unrs%2fresolver-binding-wasm32-wasi set size:undefined disposed:false
1269 http fetch GET 200 https://registry.npmjs.org/@unrs%2fresolver-binding-freebsd-x64 141ms (cache miss)
1270 silly packumentCache full:https://registry.npmjs.org/@unrs%2fresolver-binding-freebsd-x64 set size:undefined disposed:false
1271 http fetch GET 200 https://registry.npmjs.org/@unrs%2fresolver-binding-linux-riscv64-gnu 269ms (cache miss)
1272 silly packumentCache full:https://registry.npmjs.org/@unrs%2fresolver-binding-linux-riscv64-gnu set size:undefined disposed:false
1273 http fetch GET 200 https://registry.npmjs.org/@unrs%2fresolver-binding-linux-x64-gnu 140ms (cache miss)
1274 silly packumentCache full:https://registry.npmjs.org/@unrs%2fresolver-binding-linux-x64-gnu set size:undefined disposed:false
1275 http fetch GET 200 https://registry.npmjs.org/@unrs%2fresolver-binding-linux-x64-musl 130ms (cache miss)
1276 silly packumentCache full:https://registry.npmjs.org/@unrs%2fresolver-binding-linux-x64-musl set size:undefined disposed:false
1277 silly placeDep ROOT @rtsao/scc@1.1.0 OK for: eslint-plugin-import@2.32.0 want: ^1.1.0
1278 silly placeDep ROOT array-includes@3.1.9 OK for: eslint-plugin-import@2.32.0 want: ^3.1.9
1279 silly placeDep ROOT array.prototype.findlastindex@1.2.6 OK for: eslint-plugin-import@2.32.0 want: ^1.2.6
1280 silly placeDep ROOT array.prototype.flat@1.3.3 OK for: eslint-plugin-import@2.32.0 want: ^1.3.3
1281 silly placeDep ROOT array.prototype.flatmap@1.3.3 OK for: eslint-plugin-import@2.32.0 want: ^1.3.3
1282 silly placeDep node_modules/eslint-plugin-import debug@3.2.7 OK for: eslint-plugin-import@2.32.0 want: ^3.2.7
1283 silly placeDep node_modules/eslint-plugin-import doctrine@2.1.0 OK for: eslint-plugin-import@2.32.0 want: ^2.1.0
1284 silly placeDep ROOT eslint-module-utils@2.13.0 OK for: eslint-plugin-import@2.32.0 want: ^2.12.1
1285 silly placeDep ROOT hasown@2.0.4 OK for: eslint-plugin-import@2.32.0 want: ^2.0.2
1286 silly placeDep ROOT object.fromentries@2.0.8 OK for: eslint-plugin-import@2.32.0 want: ^2.0.8
1287 silly placeDep ROOT object.groupby@1.0.3 OK for: eslint-plugin-import@2.32.0 want: ^1.0.3
1288 silly placeDep ROOT object.values@1.2.1 OK for: eslint-plugin-import@2.32.0 want: ^1.2.1
1289 silly placeDep node_modules/eslint-plugin-import semver@6.3.1 OK for: eslint-plugin-import@2.32.0 want: ^6.3.1
1290 silly placeDep ROOT string.prototype.trimend@1.0.10 OK for: eslint-plugin-import@2.32.0 want: ^1.0.9
1291 silly placeDep ROOT tsconfig-paths@3.15.0 OK for: eslint-plugin-import@2.32.0 want: ^3.15.0
1292 silly fetch manifest call-bind@^1.0.8
1293 silly packumentCache full:https://registry.npmjs.org/call-bind cache-miss
1294 silly fetch manifest call-bound@^1.0.4
1295 silly packumentCache full:https://registry.npmjs.org/call-bound cache-miss
1296 silly fetch manifest define-properties@^1.2.1
1297 silly packumentCache full:https://registry.npmjs.org/define-properties cache-miss
1298 silly fetch manifest es-abstract@^1.24.0
1299 silly packumentCache full:https://registry.npmjs.org/es-abstract cache-miss
1300 silly fetch manifest es-object-atoms@^1.1.1
1301 silly packumentCache full:https://registry.npmjs.org/es-object-atoms cache-miss
1302 silly fetch manifest get-intrinsic@^1.3.0
1303 silly packumentCache full:https://registry.npmjs.org/get-intrinsic cache-miss
1304 silly fetch manifest is-string@^1.1.1
1305 silly packumentCache full:https://registry.npmjs.org/is-string cache-miss
1306 http fetch GET 200 https://registry.npmjs.org/is-string 103ms (cache miss)
1307 silly packumentCache full:https://registry.npmjs.org/is-string set size:undefined disposed:false
1308 silly fetch manifest math-intrinsics@^1.1.0
1309 silly packumentCache full:https://registry.npmjs.org/math-intrinsics cache-miss
1310 http fetch GET 200 https://registry.npmjs.org/call-bound 105ms (cache miss)
1311 silly packumentCache full:https://registry.npmjs.org/call-bound set size:undefined disposed:false
1312 silly fetch manifest call-bind@^1.0.8
1313 silly packumentCache full:https://registry.npmjs.org/call-bind cache-miss
1314 http fetch GET 200 https://registry.npmjs.org/es-object-atoms 110ms (cache miss)
1315 silly packumentCache full:https://registry.npmjs.org/es-object-atoms set size:undefined disposed:false
1316 silly fetch manifest define-properties@^1.2.1
1317 silly packumentCache full:https://registry.npmjs.org/define-properties cache-miss
1318 http fetch GET 200 https://registry.npmjs.org/define-properties 114ms (cache miss)
1319 silly packumentCache full:https://registry.npmjs.org/define-properties set size:undefined disposed:false
1320 silly fetch manifest es-abstract@^1.23.9
1321 silly packumentCache full:https://registry.npmjs.org/es-abstract cache-miss
1322 http fetch GET 200 https://registry.npmjs.org/call-bind 119ms (cache miss)
1323 silly packumentCache full:https://registry.npmjs.org/call-bind set size:undefined disposed:false
1324 silly fetch manifest es-shim-unscopables@^1.1.0
1325 silly packumentCache full:https://registry.npmjs.org/es-shim-unscopables cache-miss
1326 http fetch GET 200 https://registry.npmjs.org/get-intrinsic 127ms (cache miss)
1327 silly packumentCache full:https://registry.npmjs.org/get-intrinsic set size:undefined disposed:false
1328 silly fetch manifest es-abstract@^1.23.5
1329 silly packumentCache full:https://registry.npmjs.org/es-abstract cache-miss
1330 http fetch GET 200 https://registry.npmjs.org/es-abstract 131ms (cache miss)
1331 silly packumentCache full:https://registry.npmjs.org/es-abstract set size:undefined disposed:false
1332 silly fetch manifest es-shim-unscopables@^1.0.2
1333 silly packumentCache full:https://registry.npmjs.org/es-shim-unscopables cache-miss
1334 http fetch GET 200 https://registry.npmjs.org/call-bind 113ms (cache miss)
1335 silly packumentCache full:https://registry.npmjs.org/call-bind set size:undefined disposed:false
1336 silly fetch manifest es-abstract@^1.23.5
1337 silly packumentCache full:https://registry.npmjs.org/es-abstract cache-miss
1338 http cache https://registry.npmjs.org/es-abstract 3ms (cache hit)
1339 silly packumentCache full:https://registry.npmjs.org/es-abstract set size:384124 disposed:false
1340 silly fetch manifest es-shim-unscopables@^1.0.2
1341 silly packumentCache full:https://registry.npmjs.org/es-shim-unscopables cache-miss
1342 http fetch GET 200 https://registry.npmjs.org/math-intrinsics 120ms (cache miss)
1343 silly packumentCache full:https://registry.npmjs.org/math-intrinsics set size:undefined disposed:false
1344 silly fetch manifest function-bind@^1.1.2
1345 silly packumentCache full:https://registry.npmjs.org/function-bind cache-miss
1346 http fetch GET 200 https://registry.npmjs.org/define-properties 116ms (cache miss)
1347 silly packumentCache full:https://registry.npmjs.org/define-properties set size:undefined disposed:false
1348 silly fetch manifest call-bind@^1.0.7
1349 silly packumentCache full:https://registry.npmjs.org/call-bind cache-miss
1350 http cache https://registry.npmjs.org/call-bind 1ms (cache hit)
1351 silly packumentCache full:https://registry.npmjs.org/call-bind set size:32985 disposed:false
1352 silly fetch manifest es-abstract@^1.23.2
1353 silly packumentCache full:https://registry.npmjs.org/es-abstract cache-hit
1354 silly fetch manifest es-object-atoms@^1.0.0
1355 silly packumentCache full:https://registry.npmjs.org/es-object-atoms cache-miss
1356 http cache https://registry.npmjs.org/es-object-atoms 1ms (cache hit)
1357 silly packumentCache full:https://registry.npmjs.org/es-object-atoms set size:18278 disposed:false
1358 silly fetch manifest call-bound@^1.0.3
1359 silly packumentCache full:https://registry.npmjs.org/call-bound cache-miss
1360 http cache https://registry.npmjs.org/call-bound 1ms (cache hit)
1361 silly packumentCache full:https://registry.npmjs.org/call-bound set size:15317 disposed:false
1362 silly fetch manifest call-bind@^1.0.9
1363 silly packumentCache full:https://registry.npmjs.org/call-bind cache-hit
1364 silly fetch manifest es-object-atoms@^1.1.2
1365 silly packumentCache full:https://registry.npmjs.org/es-object-atoms cache-hit
1366 silly fetch manifest json5@^1.0.2
1367 silly packumentCache full:https://registry.npmjs.org/json5 cache-miss
1368 http fetch GET 200 https://registry.npmjs.org/es-shim-unscopables 121ms (cache miss)
1369 silly packumentCache full:https://registry.npmjs.org/es-shim-unscopables set size:undefined disposed:false
1370 silly fetch manifest minimist@^1.2.6
1371 silly packumentCache full:https://registry.npmjs.org/minimist cache-miss
1372 http fetch GET 200 https://registry.npmjs.org/es-abstract 163ms (cache miss)
1373 silly packumentCache full:https://registry.npmjs.org/es-abstract set size:undefined disposed:false
1374 silly packumentCache full:https://registry.npmjs.org/es-abstract dispose
1375 silly fetch manifest strip-bom@^3.0.0
1376 silly packumentCache full:https://registry.npmjs.org/strip-bom cache-miss
1377 http fetch GET 200 https://registry.npmjs.org/es-shim-unscopables 150ms (cache miss)
1378 silly packumentCache full:https://registry.npmjs.org/es-shim-unscopables set size:undefined disposed:false
1379 silly fetch manifest @types/json5@^0.0.29
1380 silly packumentCache full:https://registry.npmjs.org/@types%2fjson5 cache-miss
1381 http fetch GET 200 https://registry.npmjs.org/es-shim-unscopables 166ms (cache miss)
1382 silly packumentCache full:https://registry.npmjs.org/es-shim-unscopables set size:undefined disposed:false
1383 http fetch GET 200 https://registry.npmjs.org/strip-bom 113ms (cache miss)
1384 silly packumentCache full:https://registry.npmjs.org/strip-bom set size:undefined disposed:false
1385 http fetch GET 200 https://registry.npmjs.org/function-bind 167ms (cache miss)
1386 silly packumentCache full:https://registry.npmjs.org/function-bind set size:undefined disposed:false
1387 http fetch GET 200 https://registry.npmjs.org/minimist 151ms (cache miss)
1388 silly packumentCache full:https://registry.npmjs.org/minimist set size:undefined disposed:false
1389 http fetch GET 200 https://registry.npmjs.org/json5 161ms (cache miss)
1390 silly packumentCache full:https://registry.npmjs.org/json5 set size:undefined disposed:false
1391 http fetch GET 200 https://registry.npmjs.org/es-abstract 268ms (cache miss)
1392 silly packumentCache full:https://registry.npmjs.org/es-abstract set size:undefined disposed:true
1393 http fetch GET 200 https://registry.npmjs.org/@types%2fjson5 225ms (cache miss)
1394 silly packumentCache full:https://registry.npmjs.org/@types%2fjson5 set size:undefined disposed:false
1395 silly placeDep ROOT call-bind@1.0.9 OK for: array-includes@3.1.9 want: ^1.0.8
1396 silly placeDep ROOT call-bound@1.0.4 OK for: array-includes@3.1.9 want: ^1.0.4
1397 silly placeDep ROOT define-properties@1.2.1 OK for: array-includes@3.1.9 want: ^1.2.1
1398 silly placeDep ROOT es-abstract@1.24.2 OK for: array-includes@3.1.9 want: ^1.24.0
1399 silly placeDep ROOT es-object-atoms@1.1.2 OK for: array-includes@3.1.9 want: ^1.1.1
1400 silly placeDep ROOT get-intrinsic@1.3.0 OK for: array-includes@3.1.9 want: ^1.3.0
1401 silly placeDep ROOT is-string@1.1.1 OK for: array-includes@3.1.9 want: ^1.1.1
1402 silly placeDep ROOT math-intrinsics@1.1.0 OK for: array-includes@3.1.9 want: ^1.1.0
1403 silly fetch manifest call-bind-apply-helpers@^1.0.2
1404 silly packumentCache full:https://registry.npmjs.org/call-bind-apply-helpers cache-miss
1405 silly fetch manifest es-define-property@^1.0.1
1406 silly packumentCache full:https://registry.npmjs.org/es-define-property cache-miss
1407 silly fetch manifest set-function-length@^1.2.2
1408 silly packumentCache full:https://registry.npmjs.org/set-function-length cache-miss
1409 silly fetch manifest call-bind-apply-helpers@^1.0.2
1410 silly packumentCache full:https://registry.npmjs.org/call-bind-apply-helpers cache-miss
1411 silly fetch manifest define-data-property@^1.0.1
1412 silly packumentCache full:https://registry.npmjs.org/define-data-property cache-miss
1413 silly fetch manifest has-property-descriptors@^1.0.0
1414 silly packumentCache full:https://registry.npmjs.org/has-property-descriptors cache-miss
1415 silly fetch manifest array-buffer-byte-length@^1.0.2
1416 silly packumentCache full:https://registry.npmjs.org/array-buffer-byte-length cache-miss
1417 http fetch GET 200 https://registry.npmjs.org/es-define-property 111ms (cache miss)
1418 silly packumentCache full:https://registry.npmjs.org/es-define-property set size:undefined disposed:false
1419 silly fetch manifest arraybuffer.prototype.slice@^1.0.4
1420 silly packumentCache full:https://registry.npmjs.org/arraybuffer.prototype.slice cache-miss
1421 http fetch GET 200 https://registry.npmjs.org/define-data-property 118ms (cache miss)
1422 silly packumentCache full:https://registry.npmjs.org/define-data-property set size:undefined disposed:false
1423 silly fetch manifest available-typed-arrays@^1.0.7
1424 silly packumentCache full:https://registry.npmjs.org/available-typed-arrays cache-miss
1425 http fetch GET 200 https://registry.npmjs.org/array-buffer-byte-length 119ms (cache miss)
1426 silly packumentCache full:https://registry.npmjs.org/array-buffer-byte-length set size:undefined disposed:false
1427 silly fetch manifest data-view-buffer@^1.0.2
1428 silly packumentCache full:https://registry.npmjs.org/data-view-buffer cache-miss
1429 http fetch GET 200 https://registry.npmjs.org/call-bind-apply-helpers 119ms (cache miss)
1430 silly packumentCache full:https://registry.npmjs.org/call-bind-apply-helpers set size:undefined disposed:false
1431 silly fetch manifest data-view-byte-length@^1.0.2
1432 silly packumentCache full:https://registry.npmjs.org/data-view-byte-length cache-miss
1433 http fetch GET 200 https://registry.npmjs.org/call-bind-apply-helpers 121ms (cache miss)
1434 silly packumentCache full:https://registry.npmjs.org/call-bind-apply-helpers set size:undefined disposed:false
1435 silly fetch manifest data-view-byte-offset@^1.0.1
1436 silly packumentCache full:https://registry.npmjs.org/data-view-byte-offset cache-miss
1437 http fetch GET 200 https://registry.npmjs.org/set-function-length 120ms (cache miss)
1438 silly packumentCache full:https://registry.npmjs.org/set-function-length set size:undefined disposed:false
1439 silly fetch manifest es-set-tostringtag@^2.1.0
1440 silly packumentCache full:https://registry.npmjs.org/es-set-tostringtag cache-miss
1441 http fetch GET 200 https://registry.npmjs.org/has-property-descriptors 130ms (cache miss)
1442 silly packumentCache full:https://registry.npmjs.org/has-property-descriptors set size:undefined disposed:false
1443 silly fetch manifest es-to-primitive@^1.3.0
1444 silly packumentCache full:https://registry.npmjs.org/es-to-primitive cache-miss
1445 http fetch GET 200 https://registry.npmjs.org/arraybuffer.prototype.slice 116ms (cache miss)
1446 silly packumentCache full:https://registry.npmjs.org/arraybuffer.prototype.slice set size:undefined disposed:false
1447 silly fetch manifest function.prototype.name@^1.1.8
1448 silly packumentCache full:https://registry.npmjs.org/function.prototype.name cache-miss
1449 http fetch GET 200 https://registry.npmjs.org/data-view-byte-offset 112ms (cache miss)
1450 silly packumentCache full:https://registry.npmjs.org/data-view-byte-offset set size:undefined disposed:false
1451 silly fetch manifest get-proto@^1.0.1
1452 silly packumentCache full:https://registry.npmjs.org/get-proto cache-miss
1453 http fetch GET 200 https://registry.npmjs.org/data-view-byte-length 114ms (cache miss)
1454 silly packumentCache full:https://registry.npmjs.org/data-view-byte-length set size:undefined disposed:false
1455 silly fetch manifest get-symbol-description@^1.1.0
1456 silly packumentCache full:https://registry.npmjs.org/get-symbol-description cache-miss
1457 http fetch GET 200 https://registry.npmjs.org/data-view-buffer 117ms (cache miss)
1458 silly packumentCache full:https://registry.npmjs.org/data-view-buffer set size:undefined disposed:false
1459 silly fetch manifest globalthis@^1.0.4
1460 silly packumentCache full:https://registry.npmjs.org/globalthis cache-miss
1461 http fetch GET 200 https://registry.npmjs.org/available-typed-arrays 119ms (cache miss)
1462 silly packumentCache full:https://registry.npmjs.org/available-typed-arrays set size:undefined disposed:false
1463 silly fetch manifest gopd@^1.2.0
1464 silly packumentCache full:https://registry.npmjs.org/gopd cache-miss
1465 http fetch GET 200 https://registry.npmjs.org/es-set-tostringtag 119ms (cache miss)
1466 silly packumentCache full:https://registry.npmjs.org/es-set-tostringtag set size:undefined disposed:false
1467 silly fetch manifest has-property-descriptors@^1.0.2
1468 silly packumentCache full:https://registry.npmjs.org/has-property-descriptors cache-miss
1469 http cache https://registry.npmjs.org/has-property-descriptors 1ms (cache hit)
1470 silly packumentCache full:https://registry.npmjs.org/has-property-descriptors set size:12452 disposed:false
1471 silly fetch manifest has-proto@^1.2.0
1472 silly packumentCache full:https://registry.npmjs.org/has-proto cache-miss
1473 http fetch GET 200 https://registry.npmjs.org/es-to-primitive 118ms (cache miss)
1474 silly packumentCache full:https://registry.npmjs.org/es-to-primitive set size:undefined disposed:false
1475 silly fetch manifest has-symbols@^1.1.0
1476 silly packumentCache full:https://registry.npmjs.org/has-symbols cache-miss
1477 http fetch GET 200 https://registry.npmjs.org/gopd 154ms (cache miss)
1478 silly packumentCache full:https://registry.npmjs.org/gopd set size:undefined disposed:false
1479 silly fetch manifest internal-slot@^1.1.0
1480 silly packumentCache full:https://registry.npmjs.org/internal-slot cache-miss
1481 http fetch GET 200 https://registry.npmjs.org/get-symbol-description 158ms (cache miss)
1482 silly packumentCache full:https://registry.npmjs.org/get-symbol-description set size:undefined disposed:false
1483 silly fetch manifest is-array-buffer@^3.0.5
1484 silly packumentCache full:https://registry.npmjs.org/is-array-buffer cache-miss
1485 http fetch GET 200 https://registry.npmjs.org/globalthis 158ms (cache miss)
1486 silly packumentCache full:https://registry.npmjs.org/globalthis set size:undefined disposed:false
1487 silly fetch manifest is-callable@^1.2.7
1488 silly packumentCache full:https://registry.npmjs.org/is-callable cache-miss
1489 http fetch GET 200 https://registry.npmjs.org/function.prototype.name 166ms (cache miss)
1490 silly packumentCache full:https://registry.npmjs.org/function.prototype.name set size:undefined disposed:false
1491 silly fetch manifest is-data-view@^1.0.2
1492 silly packumentCache full:https://registry.npmjs.org/is-data-view cache-miss
1493 http fetch GET 200 https://registry.npmjs.org/has-proto 155ms (cache miss)
1494 silly packumentCache full:https://registry.npmjs.org/has-proto set size:undefined disposed:false
1495 silly fetch manifest is-negative-zero@^2.0.3
1496 silly packumentCache full:https://registry.npmjs.org/is-negative-zero cache-miss
1497 http fetch GET 200 https://registry.npmjs.org/get-proto 163ms (cache miss)
1498 silly packumentCache full:https://registry.npmjs.org/get-proto set size:undefined disposed:false
1499 silly fetch manifest is-regex@^1.2.1
1500 silly packumentCache full:https://registry.npmjs.org/is-regex cache-miss
1501 http fetch GET 200 https://registry.npmjs.org/has-symbols 147ms (cache miss)
1502 silly packumentCache full:https://registry.npmjs.org/has-symbols set size:undefined disposed:false
1503 silly fetch manifest is-set@^2.0.3
1504 silly packumentCache full:https://registry.npmjs.org/is-set cache-miss
1505 http fetch GET 200 https://registry.npmjs.org/is-array-buffer 117ms (cache miss)
1506 silly packumentCache full:https://registry.npmjs.org/is-array-buffer set size:undefined disposed:false
1507 silly fetch manifest is-shared-array-buffer@^1.0.4
1508 silly packumentCache full:https://registry.npmjs.org/is-shared-array-buffer cache-miss
1509 http fetch GET 200 https://registry.npmjs.org/internal-slot 121ms (cache miss)
1510 silly packumentCache full:https://registry.npmjs.org/internal-slot set size:undefined disposed:false
1511 silly fetch manifest is-typed-array@^1.1.15
1512 silly packumentCache full:https://registry.npmjs.org/is-typed-array cache-miss
1513 http fetch GET 200 https://registry.npmjs.org/is-data-view 120ms (cache miss)
1514 silly packumentCache full:https://registry.npmjs.org/is-data-view set size:undefined disposed:false
1515 silly fetch manifest is-weakref@^1.1.1
1516 silly packumentCache full:https://registry.npmjs.org/is-weakref cache-miss
1517 http fetch GET 200 https://registry.npmjs.org/is-negative-zero 120ms (cache miss)
1518 silly packumentCache full:https://registry.npmjs.org/is-negative-zero set size:undefined disposed:false
1519 silly fetch manifest object-inspect@^1.13.4
1520 silly packumentCache full:https://registry.npmjs.org/object-inspect cache-miss
1521 http fetch GET 200 https://registry.npmjs.org/is-regex 124ms (cache miss)
1522 silly packumentCache full:https://registry.npmjs.org/is-regex set size:undefined disposed:false
1523 silly fetch manifest object.assign@^4.1.7
1524 silly packumentCache full:https://registry.npmjs.org/object.assign cache-miss
1525 http fetch GET 200 https://registry.npmjs.org/is-set 125ms (cache miss)
1526 silly packumentCache full:https://registry.npmjs.org/is-set set size:undefined disposed:false
1527 silly fetch manifest own-keys@^1.0.1
1528 silly packumentCache full:https://registry.npmjs.org/own-keys cache-miss
1529 http fetch GET 200 https://registry.npmjs.org/is-callable 137ms (cache miss)
1530 silly packumentCache full:https://registry.npmjs.org/is-callable set size:undefined disposed:false
1531 silly fetch manifest regexp.prototype.flags@^1.5.4
1532 silly packumentCache full:https://registry.npmjs.org/regexp.prototype.flags cache-miss
1533 http fetch GET 200 https://registry.npmjs.org/is-shared-array-buffer 105ms (cache miss)
1534 silly packumentCache full:https://registry.npmjs.org/is-shared-array-buffer set size:undefined disposed:false
1535 silly fetch manifest safe-array-concat@^1.1.3
1536 silly packumentCache full:https://registry.npmjs.org/safe-array-concat cache-miss
1537 http fetch GET 200 https://registry.npmjs.org/own-keys 107ms (cache miss)
1538 silly packumentCache full:https://registry.npmjs.org/own-keys set size:undefined disposed:false
1539 silly fetch manifest safe-push-apply@^1.0.0
1540 silly packumentCache full:https://registry.npmjs.org/safe-push-apply cache-miss
1541 http fetch GET 200 https://registry.npmjs.org/is-weakref 116ms (cache miss)
1542 silly packumentCache full:https://registry.npmjs.org/is-weakref set size:undefined disposed:false
1543 silly fetch manifest safe-regex-test@^1.1.0
1544 silly packumentCache full:https://registry.npmjs.org/safe-regex-test cache-miss
1545 http fetch GET 200 https://registry.npmjs.org/object.assign 109ms (cache miss)
1546 silly packumentCache full:https://registry.npmjs.org/object.assign set size:undefined disposed:false
1547 silly fetch manifest set-proto@^1.0.0
1548 silly packumentCache full:https://registry.npmjs.org/set-proto cache-miss
1549 http fetch GET 200 https://registry.npmjs.org/is-typed-array 118ms (cache miss)
1550 silly packumentCache full:https://registry.npmjs.org/is-typed-array set size:undefined disposed:false
1551 silly fetch manifest stop-iteration-iterator@^1.1.0
1552 silly packumentCache full:https://registry.npmjs.org/stop-iteration-iterator cache-miss
1553 http fetch GET 200 https://registry.npmjs.org/object-inspect 117ms (cache miss)
1554 silly packumentCache full:https://registry.npmjs.org/object-inspect set size:undefined disposed:false
1555 silly fetch manifest string.prototype.trim@^1.2.10
1556 silly packumentCache full:https://registry.npmjs.org/string.prototype.trim cache-miss
1557 http cache https://registry.npmjs.org/safe-regex-test 5ms (cache hit)
1558 silly packumentCache full:https://registry.npmjs.org/safe-regex-test set size:17412 disposed:false
1559 silly fetch manifest string.prototype.trimstart@^1.0.8
1560 silly packumentCache full:https://registry.npmjs.org/string.prototype.trimstart cache-miss
1561 http fetch GET 200 https://registry.npmjs.org/regexp.prototype.flags 117ms (cache miss)
1562 silly packumentCache full:https://registry.npmjs.org/regexp.prototype.flags set size:undefined disposed:false
1563 silly fetch manifest typed-array-buffer@^1.0.3
1564 silly packumentCache full:https://registry.npmjs.org/typed-array-buffer cache-miss
1565 http fetch GET 200 https://registry.npmjs.org/safe-array-concat 108ms (cache miss)
1566 silly packumentCache full:https://registry.npmjs.org/safe-array-concat set size:undefined disposed:false
1567 silly fetch manifest typed-array-byte-length@^1.0.3
1568 silly packumentCache full:https://registry.npmjs.org/typed-array-byte-length cache-miss
1569 http fetch GET 200 https://registry.npmjs.org/set-proto 114ms (cache miss)
1570 silly packumentCache full:https://registry.npmjs.org/set-proto set size:undefined disposed:false
1571 silly fetch manifest typed-array-byte-offset@^1.0.4
1572 silly packumentCache full:https://registry.npmjs.org/typed-array-byte-offset cache-miss
1573 http fetch GET 200 https://registry.npmjs.org/safe-push-apply 120ms (cache miss)
1574 silly packumentCache full:https://registry.npmjs.org/safe-push-apply set size:undefined disposed:false
1575 silly fetch manifest typed-array-length@^1.0.7
1576 silly packumentCache full:https://registry.npmjs.org/typed-array-length cache-miss
1577 http fetch GET 200 https://registry.npmjs.org/typed-array-buffer 101ms (cache miss)
1578 silly packumentCache full:https://registry.npmjs.org/typed-array-buffer set size:undefined disposed:false
1579 silly fetch manifest unbox-primitive@^1.1.0
1580 silly packumentCache full:https://registry.npmjs.org/unbox-primitive cache-miss
1581 http fetch GET 200 https://registry.npmjs.org/stop-iteration-iterator 119ms (cache miss)
1582 silly packumentCache full:https://registry.npmjs.org/stop-iteration-iterator set size:undefined disposed:false
1583 silly fetch manifest which-typed-array@^1.1.19
1584 silly packumentCache full:https://registry.npmjs.org/which-typed-array cache-miss
1585 http fetch GET 200 https://registry.npmjs.org/string.prototype.trimstart 116ms (cache miss)
1586 silly packumentCache full:https://registry.npmjs.org/string.prototype.trimstart set size:undefined disposed:false
1587 silly fetch manifest has-tostringtag@^1.0.2
1588 silly packumentCache full:https://registry.npmjs.org/has-tostringtag cache-miss
1589 http fetch GET 200 https://registry.npmjs.org/string.prototype.trim 121ms (cache miss)
1590 silly packumentCache full:https://registry.npmjs.org/string.prototype.trim set size:undefined disposed:false
1591 http fetch GET 200 https://registry.npmjs.org/typed-array-byte-offset 169ms (cache miss)
1592 silly packumentCache full:https://registry.npmjs.org/typed-array-byte-offset set size:undefined disposed:false
1593 http fetch GET 200 https://registry.npmjs.org/typed-array-byte-length 189ms (cache miss)
1594 silly packumentCache full:https://registry.npmjs.org/typed-array-byte-length set size:undefined disposed:false
1595 http fetch GET 200 https://registry.npmjs.org/unbox-primitive 164ms (cache miss)
1596 silly packumentCache full:https://registry.npmjs.org/unbox-primitive set size:undefined disposed:false
1597 http fetch GET 200 https://registry.npmjs.org/has-tostringtag 163ms (cache miss)
1598 silly packumentCache full:https://registry.npmjs.org/has-tostringtag set size:undefined disposed:false
1599 http fetch GET 200 https://registry.npmjs.org/typed-array-length 167ms (cache miss)
1600 silly packumentCache full:https://registry.npmjs.org/typed-array-length set size:undefined disposed:false
1601 http fetch GET 200 https://registry.npmjs.org/which-typed-array 165ms (cache miss)
1602 silly packumentCache full:https://registry.npmjs.org/which-typed-array set size:undefined disposed:false
1603 silly placeDep ROOT es-errors@1.3.0 OK for: array.prototype.findlastindex@1.2.6 want: ^1.3.0
1604 silly placeDep ROOT es-shim-unscopables@1.1.0 OK for: array.prototype.findlastindex@1.2.6 want: ^1.1.0
1605 silly placeDep ROOT call-bind-apply-helpers@1.0.2 OK for: call-bind@1.0.9 want: ^1.0.2
1606 silly placeDep ROOT es-define-property@1.0.1 OK for: call-bind@1.0.9 want: ^1.0.1
1607 silly placeDep ROOT set-function-length@1.2.2 OK for: call-bind@1.0.9 want: ^1.2.2
1608 silly fetch manifest define-data-property@^1.1.4
1609 silly packumentCache full:https://registry.npmjs.org/define-data-property cache-miss
1610 silly fetch manifest gopd@^1.0.1
1611 silly packumentCache full:https://registry.npmjs.org/gopd cache-miss
1612 http cache https://registry.npmjs.org/gopd 1ms (cache hit)
1613 silly packumentCache full:https://registry.npmjs.org/gopd set size:11458 disposed:false
1614 http cache https://registry.npmjs.org/define-data-property 2ms (cache hit)
1615 silly packumentCache full:https://registry.npmjs.org/define-data-property set size:28048 disposed:false
1616 silly placeDep ROOT function-bind@1.1.2 OK for: call-bind-apply-helpers@1.0.2 want: ^1.1.2
1617 silly placeDep ROOT define-data-property@1.1.4 OK for: define-properties@1.2.1 want: ^1.0.1
1618 silly placeDep ROOT has-property-descriptors@1.0.2 OK for: define-properties@1.2.1 want: ^1.0.0
1619 silly placeDep ROOT object-keys@1.1.1 OK for: define-properties@1.2.1 want: ^1.1.1
1620 silly placeDep ROOT gopd@1.2.0 OK for: define-data-property@1.1.4 want: ^1.0.1
1621 silly placeDep ROOT array-buffer-byte-length@1.0.2 OK for: es-abstract@1.24.2 want: ^1.0.2
1622 silly placeDep ROOT arraybuffer.prototype.slice@1.0.4 OK for: es-abstract@1.24.2 want: ^1.0.4
1623 silly placeDep ROOT available-typed-arrays@1.0.7 OK for: es-abstract@1.24.2 want: ^1.0.7
1624 silly placeDep ROOT data-view-buffer@1.0.2 OK for: es-abstract@1.24.2 want: ^1.0.2
1625 silly placeDep ROOT data-view-byte-length@1.0.2 OK for: es-abstract@1.24.2 want: ^1.0.2
1626 silly placeDep ROOT data-view-byte-offset@1.0.1 OK for: es-abstract@1.24.2 want: ^1.0.1
1627 silly placeDep ROOT es-set-tostringtag@2.1.0 OK for: es-abstract@1.24.2 want: ^2.1.0
1628 silly placeDep ROOT es-to-primitive@1.3.1 OK for: es-abstract@1.24.2 want: ^1.3.0
1629 silly placeDep ROOT function.prototype.name@1.2.0 OK for: es-abstract@1.24.2 want: ^1.1.8
1630 silly placeDep ROOT get-proto@1.0.1 OK for: es-abstract@1.24.2 want: ^1.0.1
1631 silly placeDep ROOT get-symbol-description@1.1.0 OK for: es-abstract@1.24.2 want: ^1.1.0
1632 silly placeDep ROOT globalthis@1.0.4 OK for: es-abstract@1.24.2 want: ^1.0.4
1633 silly placeDep ROOT has-proto@1.2.0 OK for: es-abstract@1.24.2 want: ^1.2.0
1634 silly placeDep ROOT has-symbols@1.1.0 OK for: es-abstract@1.24.2 want: ^1.1.0
1635 silly placeDep ROOT internal-slot@1.1.0 OK for: es-abstract@1.24.2 want: ^1.1.0
1636 silly placeDep ROOT is-array-buffer@3.0.5 OK for: es-abstract@1.24.2 want: ^3.0.5
1637 silly placeDep ROOT is-callable@1.2.7 OK for: es-abstract@1.24.2 want: ^1.2.7
1638 silly placeDep ROOT is-data-view@1.0.2 OK for: es-abstract@1.24.2 want: ^1.0.2
1639 silly placeDep ROOT is-negative-zero@2.0.3 OK for: es-abstract@1.24.2 want: ^2.0.3
1640 silly placeDep ROOT is-regex@1.2.1 OK for: es-abstract@1.24.2 want: ^1.2.1
1641 silly placeDep ROOT is-set@2.0.3 OK for: es-abstract@1.24.2 want: ^2.0.3
1642 silly placeDep ROOT is-shared-array-buffer@1.0.4 OK for: es-abstract@1.24.2 want: ^1.0.4
1643 silly placeDep ROOT is-typed-array@1.1.15 OK for: es-abstract@1.24.2 want: ^1.1.15
1644 silly placeDep ROOT is-weakref@1.1.1 OK for: es-abstract@1.24.2 want: ^1.1.1
1645 silly placeDep ROOT object-inspect@1.13.4 OK for: es-abstract@1.24.2 want: ^1.13.4
1646 silly placeDep ROOT object.assign@4.1.7 OK for: es-abstract@1.24.2 want: ^4.1.7
1647 silly placeDep ROOT own-keys@1.0.1 OK for: es-abstract@1.24.2 want: ^1.0.1
1648 silly placeDep ROOT regexp.prototype.flags@1.5.4 OK for: es-abstract@1.24.2 want: ^1.5.4
1649 silly placeDep ROOT safe-array-concat@1.1.4 OK for: es-abstract@1.24.2 want: ^1.1.3
1650 silly placeDep ROOT safe-push-apply@1.0.0 OK for: es-abstract@1.24.2 want: ^1.0.0
1651 silly placeDep ROOT safe-regex-test@1.1.0 OK for: es-abstract@1.24.2 want: ^1.1.0
1652 silly placeDep ROOT set-proto@1.0.0 OK for: es-abstract@1.24.2 want: ^1.0.0
1653 silly placeDep ROOT stop-iteration-iterator@1.1.0 OK for: es-abstract@1.24.2 want: ^1.1.0
1654 silly placeDep ROOT string.prototype.trim@1.2.11 OK for: es-abstract@1.24.2 want: ^1.2.10
1655 silly placeDep ROOT string.prototype.trimstart@1.0.8 OK for: es-abstract@1.24.2 want: ^1.0.8
1656 silly placeDep ROOT typed-array-buffer@1.0.3 OK for: es-abstract@1.24.2 want: ^1.0.3
1657 silly placeDep ROOT typed-array-byte-length@1.0.3 OK for: es-abstract@1.24.2 want: ^1.0.3
1658 silly placeDep ROOT typed-array-byte-offset@1.0.4 OK for: es-abstract@1.24.2 want: ^1.0.4
1659 silly placeDep ROOT typed-array-length@1.0.8 OK for: es-abstract@1.24.2 want: ^1.0.7
1660 silly placeDep ROOT unbox-primitive@1.1.0 OK for: es-abstract@1.24.2 want: ^1.1.0
1661 silly placeDep ROOT which-typed-array@1.1.22 OK for: es-abstract@1.24.2 want: ^1.1.19
1662 silly fetch manifest is-array-buffer@^3.0.4
1663 silly packumentCache full:https://registry.npmjs.org/is-array-buffer cache-miss
1664 silly fetch manifest possible-typed-array-names@^1.0.0
1665 silly packumentCache full:https://registry.npmjs.org/possible-typed-array-names cache-miss
1666 silly fetch manifest is-data-view@^1.0.1
1667 silly packumentCache full:https://registry.npmjs.org/is-data-view cache-miss
1668 silly fetch manifest is-symbol@^1.1.1
1669 silly packumentCache full:https://registry.npmjs.org/is-symbol cache-miss
1670 silly fetch manifest is-date-object@^1.1.0
1671 silly packumentCache full:https://registry.npmjs.org/is-date-object cache-miss
1672 silly fetch manifest es-abstract-get@^1.0.0
1673 silly packumentCache full:https://registry.npmjs.org/es-abstract-get cache-miss
1674 silly fetch manifest is-document.all@^1.0.0
1675 silly packumentCache full:https://registry.npmjs.org/is-document.all cache-miss
1676 http cache https://registry.npmjs.org/is-data-view 3ms (cache hit)
1677 silly packumentCache full:https://registry.npmjs.org/is-data-view set size:13756 disposed:false
1678 silly fetch manifest functions-have-names@^1.2.3
1679 silly packumentCache full:https://registry.npmjs.org/functions-have-names cache-miss
1680 http cache https://registry.npmjs.org/is-array-buffer 5ms (cache hit)
1681 silly packumentCache full:https://registry.npmjs.org/is-array-buffer set size:33562 disposed:false
1682 silly fetch manifest dunder-proto@^1.0.1
1683 silly packumentCache full:https://registry.npmjs.org/dunder-proto cache-miss
1684 http fetch GET 200 https://registry.npmjs.org/functions-have-names 111ms (cache miss)
1685 silly packumentCache full:https://registry.npmjs.org/functions-have-names set size:undefined disposed:false
1686 silly fetch manifest dunder-proto@^1.0.0
1687 silly packumentCache full:https://registry.npmjs.org/dunder-proto cache-miss
1688 http fetch GET 200 https://registry.npmjs.org/is-document.all 115ms (cache miss)
1689 silly packumentCache full:https://registry.npmjs.org/is-document.all set size:undefined disposed:false
1690 silly fetch manifest side-channel@^1.1.0
1691 silly packumentCache full:https://registry.npmjs.org/side-channel cache-miss
1692 http fetch GET 200 https://registry.npmjs.org/possible-typed-array-names 116ms (cache miss)
1693 silly packumentCache full:https://registry.npmjs.org/possible-typed-array-names set size:undefined disposed:false
1694 silly fetch manifest is-typed-array@^1.1.13
1695 silly packumentCache full:https://registry.npmjs.org/is-typed-array cache-miss
1696 http fetch GET 200 https://registry.npmjs.org/is-symbol 117ms (cache miss)
1697 silly packumentCache full:https://registry.npmjs.org/is-symbol set size:undefined disposed:false
1698 silly fetch manifest which-typed-array@^1.1.16
1699 silly packumentCache full:https://registry.npmjs.org/which-typed-array cache-miss
1700 http cache https://registry.npmjs.org/which-typed-array 2ms (cache hit)
1701 silly packumentCache full:https://registry.npmjs.org/which-typed-array set size:101551 disposed:false
1702 silly fetch manifest set-function-name@^2.0.2
1703 silly packumentCache full:https://registry.npmjs.org/set-function-name cache-miss
1704 http cache https://registry.npmjs.org/is-typed-array 4ms (cache hit)
1705 silly packumentCache full:https://registry.npmjs.org/is-typed-array set size:79965 disposed:false
1706 silly fetch manifest isarray@^2.0.5
1707 silly packumentCache full:https://registry.npmjs.org/isarray cache-miss
1708 http fetch GET 200 https://registry.npmjs.org/is-date-object 123ms (cache miss)
1709 silly packumentCache full:https://registry.npmjs.org/is-date-object set size:undefined disposed:false
1710 silly fetch manifest isarray@^2.0.5
1711 silly packumentCache full:https://registry.npmjs.org/isarray cache-miss
1712 http fetch GET 200 https://registry.npmjs.org/es-abstract-get 123ms (cache miss)
1713 silly packumentCache full:https://registry.npmjs.org/es-abstract-get set size:undefined disposed:false
1714 silly fetch manifest dunder-proto@^1.0.1
1715 silly packumentCache full:https://registry.npmjs.org/dunder-proto cache-miss
1716 http fetch GET 200 https://registry.npmjs.org/dunder-proto 126ms (cache miss)
1717 silly packumentCache full:https://registry.npmjs.org/dunder-proto set size:undefined disposed:false
1718 silly fetch manifest for-each@^0.3.3
1719 silly packumentCache full:https://registry.npmjs.org/for-each cache-miss
1720 http fetch GET 200 https://registry.npmjs.org/dunder-proto 95ms (cache miss)
1721 silly packumentCache full:https://registry.npmjs.org/dunder-proto set size:undefined disposed:false
1722 silly fetch manifest for-each@^0.3.3
1723 silly packumentCache full:https://registry.npmjs.org/for-each cache-miss
1724 http fetch GET 200 https://registry.npmjs.org/dunder-proto 105ms (cache miss)
1725 silly packumentCache full:https://registry.npmjs.org/dunder-proto set size:undefined disposed:false
1726 silly fetch manifest reflect.getprototypeof@^1.0.9
1727 silly packumentCache full:https://registry.npmjs.org/reflect.getprototypeof cache-miss
1728 http fetch GET 200 https://registry.npmjs.org/isarray 99ms (cache miss)
1729 silly packumentCache full:https://registry.npmjs.org/isarray set size:undefined disposed:false
1730 silly fetch manifest for-each@^0.3.5
1731 silly packumentCache full:https://registry.npmjs.org/for-each cache-miss
1732 http fetch GET 200 https://registry.npmjs.org/side-channel 106ms (cache miss)
1733 silly packumentCache full:https://registry.npmjs.org/side-channel set size:undefined disposed:false
1734 silly fetch manifest possible-typed-array-names@^1.1.0
1735 silly packumentCache full:https://registry.npmjs.org/possible-typed-array-names cache-miss
1736 http fetch GET 200 https://registry.npmjs.org/isarray 100ms (cache miss)
1737 silly packumentCache full:https://registry.npmjs.org/isarray set size:undefined disposed:false
1738 silly fetch manifest reflect.getprototypeof@^1.0.10
1739 silly packumentCache full:https://registry.npmjs.org/reflect.getprototypeof cache-miss
1740 http cache https://registry.npmjs.org/possible-typed-array-names 3ms (cache hit)
1741 silly packumentCache full:https://registry.npmjs.org/possible-typed-array-names set size:9167 disposed:false
1742 silly fetch manifest has-bigints@^1.0.2
1743 silly packumentCache full:https://registry.npmjs.org/has-bigints cache-miss
1744 http fetch GET 200 https://registry.npmjs.org/set-function-name 108ms (cache miss)
1745 silly packumentCache full:https://registry.npmjs.org/set-function-name set size:undefined disposed:false
1746 silly fetch manifest which-boxed-primitive@^1.1.1
1747 silly packumentCache full:https://registry.npmjs.org/which-boxed-primitive cache-miss
1748 http fetch GET 200 https://registry.npmjs.org/for-each 115ms (cache miss)
1749 silly packumentCache full:https://registry.npmjs.org/for-each set size:undefined disposed:false
1750 silly fetch manifest for-each@^0.3.5
1751 silly packumentCache full:https://registry.npmjs.org/for-each cache-miss
1752 http cache https://registry.npmjs.org/for-each 1ms (cache hit)
1753 silly packumentCache full:https://registry.npmjs.org/for-each set size:14327 disposed:false
1754 http fetch GET 200 https://registry.npmjs.org/has-bigints 109ms (cache miss)
1755 silly packumentCache full:https://registry.npmjs.org/has-bigints set size:undefined disposed:false
1756 http fetch GET 200 https://registry.npmjs.org/reflect.getprototypeof 115ms (cache miss)
1757 silly packumentCache full:https://registry.npmjs.org/reflect.getprototypeof set size:undefined disposed:false
1758 http fetch GET 200 https://registry.npmjs.org/for-each 117ms (cache miss)
1759 silly packumentCache full:https://registry.npmjs.org/for-each set size:undefined disposed:false
1760 silly packumentCache full:https://registry.npmjs.org/for-each dispose
1761 http fetch GET 200 https://registry.npmjs.org/reflect.getprototypeof 129ms (cache miss)
1762 silly packumentCache full:https://registry.npmjs.org/reflect.getprototypeof set size:undefined disposed:false
1763 http fetch GET 200 https://registry.npmjs.org/for-each 132ms (cache miss)
1764 silly packumentCache full:https://registry.npmjs.org/for-each set size:undefined disposed:true
1765 http fetch GET 200 https://registry.npmjs.org/which-boxed-primitive 126ms (cache miss)
1766 silly packumentCache full:https://registry.npmjs.org/which-boxed-primitive set size:undefined disposed:false
1767 silly placeDep ROOT possible-typed-array-names@1.1.0 OK for: available-typed-arrays@1.0.7 want: ^1.0.0
1768 silly placeDep ROOT has-tostringtag@1.0.2 OK for: es-set-tostringtag@2.1.0 want: ^1.0.2
1769 silly placeDep ROOT es-abstract-get@1.0.0 OK for: es-to-primitive@1.3.1 want: ^1.0.0
1770 silly placeDep ROOT is-date-object@1.1.0 OK for: es-to-primitive@1.3.1 want: ^1.1.0
1771 silly placeDep ROOT is-symbol@1.1.1 OK for: es-to-primitive@1.3.1 want: ^1.1.1
1772 silly placeDep node_modules/eslint-module-utils debug@3.2.7 OK for: eslint-module-utils@2.13.0 want: ^3.2.7
1773 silly placeDep ROOT aria-query@5.3.2 OK for: eslint-plugin-jsx-a11y@6.10.2 want: ^5.3.2
1774 silly placeDep ROOT ast-types-flow@0.0.8 OK for: eslint-plugin-jsx-a11y@6.10.2 want: ^0.0.8
1775 silly placeDep ROOT axe-core@4.12.1 OK for: eslint-plugin-jsx-a11y@6.10.2 want: ^4.10.0
1776 silly placeDep ROOT axobject-query@4.1.0 OK for: eslint-plugin-jsx-a11y@6.10.2 want: ^4.1.0
1777 silly placeDep ROOT damerau-levenshtein@1.0.8 OK for: eslint-plugin-jsx-a11y@6.10.2 want: ^1.0.8
1778 silly placeDep ROOT emoji-regex@9.2.2 OK for: eslint-plugin-jsx-a11y@6.10.2 want: ^9.2.2
1779 silly placeDep ROOT jsx-ast-utils@3.3.5 OK for: eslint-plugin-jsx-a11y@6.10.2 want: ^3.3.5
1780 silly placeDep ROOT language-tags@1.0.9 OK for: eslint-plugin-jsx-a11y@6.10.2 want: ^1.0.9
1781 silly placeDep ROOT string.prototype.includes@2.0.1 OK for: eslint-plugin-jsx-a11y@6.10.2 want: ^2.0.1
1782 silly fetch manifest language-subtag-registry@^0.3.20
1783 silly packumentCache full:https://registry.npmjs.org/language-subtag-registry cache-miss
1784 http fetch GET 200 https://registry.npmjs.org/language-subtag-registry 129ms (cache miss)
1785 silly packumentCache full:https://registry.npmjs.org/language-subtag-registry set size:undefined disposed:false
1786 silly placeDep ROOT array.prototype.findlast@1.2.5 OK for: eslint-plugin-react@7.37.5 want: ^1.2.5
1787 silly placeDep ROOT array.prototype.tosorted@1.1.4 OK for: eslint-plugin-react@7.37.5 want: ^1.1.4
1788 silly placeDep node_modules/eslint-plugin-react doctrine@2.1.0 OK for: eslint-plugin-react@7.37.5 want: ^2.1.0
1789 silly placeDep ROOT es-iterator-helpers@1.3.3 OK for: eslint-plugin-react@7.37.5 want: ^1.2.1
1790 silly placeDep ROOT estraverse@5.3.0 OK for: eslint-plugin-react@7.37.5 want: ^5.3.0
1791 silly placeDep ROOT object.entries@1.1.9 OK for: eslint-plugin-react@7.37.5 want: ^1.1.9
1792 silly placeDep ROOT prop-types@15.8.1 OK for: eslint-plugin-react@7.37.5 want: ^15.8.1
1793 silly placeDep node_modules/eslint-plugin-react semver@6.3.1 OK for: eslint-plugin-react@7.37.5 want: ^6.3.1
1794 silly placeDep ROOT string.prototype.matchall@4.0.12 OK for: eslint-plugin-react@7.37.5 want: ^4.0.12
1795 silly placeDep ROOT string.prototype.repeat@1.0.0 OK for: eslint-plugin-react@7.37.5 want: ^1.0.0
1796 silly fetch manifest iterator.prototype@^1.1.5
1797 silly packumentCache full:https://registry.npmjs.org/iterator.prototype cache-miss
1798 silly fetch manifest loose-envify@^1.4.0
1799 silly packumentCache full:https://registry.npmjs.org/loose-envify cache-miss
1800 silly fetch manifest object-assign@^4.1.1
1801 silly packumentCache full:https://registry.npmjs.org/object-assign cache-miss
1802 silly fetch manifest react-is@^16.13.1
1803 silly packumentCache full:https://registry.npmjs.org/react-is cache-miss
1804 http fetch GET 200 https://registry.npmjs.org/object-assign 106ms (cache miss)
1805 silly packumentCache full:https://registry.npmjs.org/object-assign set size:undefined disposed:false
1806 http fetch GET 200 https://registry.npmjs.org/iterator.prototype 107ms (cache miss)
1807 silly packumentCache full:https://registry.npmjs.org/iterator.prototype set size:undefined disposed:false
1808 http fetch GET 200 https://registry.npmjs.org/loose-envify 111ms (cache miss)
1809 silly packumentCache full:https://registry.npmjs.org/loose-envify set size:undefined disposed:false
1810 http fetch GET 200 https://registry.npmjs.org/react-is 521ms (cache miss)
1811 silly packumentCache full:https://registry.npmjs.org/react-is set size:undefined disposed:false
1812 silly placeDep ROOT iterator.prototype@1.1.5 OK for: es-iterator-helpers@1.3.3 want: ^1.1.5
1813 silly placeDep ROOT esrecurse@4.3.0 OK for: eslint-scope@7.2.2 want: ^4.3.0
1814 silly placeDep ROOT acorn@8.17.0 OK for: espree@9.6.1 want: ^8.9.0
1815 silly placeDep ROOT acorn-jsx@5.3.2 OK for: espree@9.6.1 want: ^5.3.2
1816 silly placeDep node_modules/fast-glob glob-parent@5.1.2 OK for: fast-glob@3.3.1 want: ^5.1.2
1817 silly placeDep ROOT merge2@1.4.1 OK for: fast-glob@3.3.1 want: ^1.3.0
1818 silly placeDep ROOT micromatch@4.0.8 OK for: fast-glob@3.3.1 want: ^4.0.4
1819 silly fetch manifest braces@^3.0.3
1820 silly packumentCache full:https://registry.npmjs.org/braces cache-miss
1821 silly fetch manifest picomatch@^2.3.1
1822 silly packumentCache full:https://registry.npmjs.org/picomatch cache-miss
1823 http cache https://registry.npmjs.org/picomatch 9ms (cache hit)
1824 silly packumentCache full:https://registry.npmjs.org/picomatch set size:126376 disposed:false
1825 http fetch GET 200 https://registry.npmjs.org/braces 118ms (cache miss)
1826 silly packumentCache full:https://registry.npmjs.org/braces set size:undefined disposed:false
1827 silly placeDep ROOT reusify@1.1.0 OK for: fastq@1.20.1 want: ^1.0.4
1828 silly placeDep ROOT flat-cache@3.2.0 OK for: file-entry-cache@6.0.1 want: ^3.0.4
1829 silly fetch manifest keyv@^4.5.3
1830 silly packumentCache full:https://registry.npmjs.org/keyv cache-miss
1831 silly fetch manifest rimraf@^3.0.2
1832 silly packumentCache full:https://registry.npmjs.org/rimraf cache-miss
1833 silly fetch manifest flatted@^3.2.9
1834 silly packumentCache full:https://registry.npmjs.org/flatted cache-miss
1835 http fetch GET 200 https://registry.npmjs.org/keyv 144ms (cache miss)
1836 silly packumentCache full:https://registry.npmjs.org/keyv set size:undefined disposed:false
1837 http fetch GET 200 https://registry.npmjs.org/rimraf 148ms (cache miss)
1838 silly packumentCache full:https://registry.npmjs.org/rimraf set size:undefined disposed:false
1839 http fetch GET 200 https://registry.npmjs.org/flatted 152ms (cache miss)
1840 silly packumentCache full:https://registry.npmjs.org/flatted set size:undefined disposed:false
1841 silly placeDep ROOT locate-path@6.0.0 OK for: find-up@5.0.0 want: ^6.0.0
1842 silly placeDep ROOT path-exists@4.0.0 OK for: find-up@5.0.0 want: ^4.0.0
1843 silly fetch manifest p-locate@^5.0.0
1844 silly packumentCache full:https://registry.npmjs.org/p-locate cache-miss
1845 http fetch GET 200 https://registry.npmjs.org/p-locate 222ms (cache miss)
1846 silly packumentCache full:https://registry.npmjs.org/p-locate set size:undefined disposed:false
1847 silly placeDep ROOT flatted@3.4.2 OK for: flat-cache@3.2.0 want: ^3.2.9
1848 silly placeDep ROOT keyv@4.5.4 OK for: flat-cache@3.2.0 want: ^4.5.3
1849 silly placeDep ROOT rimraf@3.0.2 OK for: flat-cache@3.2.0 want: ^3.0.2
1850 silly fetch manifest json-buffer@3.0.1
1851 silly packumentCache full:https://registry.npmjs.org/json-buffer cache-miss
1852 silly fetch manifest glob@^7.1.3
1853 silly packumentCache full:https://registry.npmjs.org/glob cache-miss
1854 http fetch GET 200 https://registry.npmjs.org/json-buffer 127ms (cache miss)
1855 silly packumentCache full:https://registry.npmjs.org/json-buffer set size:undefined disposed:false
1856 http fetch GET 200 https://registry.npmjs.org/glob 187ms (cache miss)
1857 silly packumentCache full:https://registry.npmjs.org/glob set size:undefined disposed:false
1858 silly placeDep ROOT functions-have-names@1.2.3 OK for: function.prototype.name@1.2.0 want: ^1.2.3
1859 silly placeDep ROOT is-document.all@1.0.0 OK for: function.prototype.name@1.2.0 want: ^1.0.0
1860 silly placeDep ROOT dunder-proto@1.0.1 OK for: get-proto@1.0.1 want: ^1.0.1
1861 silly placeDep ROOT resolve-pkg-maps@1.0.0 OK for: get-tsconfig@4.14.0 want: ^1.0.0
1862 silly placeDep ROOT type-fest@0.20.2 OK for: globals@13.24.0 want: ^0.20.2
1863 silly placeDep ROOT parent-module@1.0.1 OK for: import-fresh@3.3.1 want: ^1.0.0
1864 silly placeDep ROOT resolve-from@4.0.0 OK for: import-fresh@3.3.1 want: ^4.0.0
1865 silly fetch manifest callsites@^3.0.0
1866 silly packumentCache full:https://registry.npmjs.org/callsites cache-miss
1867 http fetch GET 200 https://registry.npmjs.org/callsites 122ms (cache miss)
1868 silly packumentCache full:https://registry.npmjs.org/callsites set size:undefined disposed:false
1869 silly placeDep ROOT side-channel@1.1.1 OK for: internal-slot@1.1.0 want: ^1.1.0
1870 silly fetch manifest side-channel-list@^1.0.1
1871 silly packumentCache full:https://registry.npmjs.org/side-channel-list cache-miss
1872 silly fetch manifest side-channel-map@^1.0.1
1873 silly packumentCache full:https://registry.npmjs.org/side-channel-map cache-miss
1874 silly fetch manifest side-channel-weakmap@^1.0.2
1875 silly packumentCache full:https://registry.npmjs.org/side-channel-weakmap cache-miss
1876 http fetch GET 200 https://registry.npmjs.org/side-channel-map 102ms (cache miss)
1877 silly packumentCache full:https://registry.npmjs.org/side-channel-map set size:undefined disposed:false
1878 http fetch GET 200 https://registry.npmjs.org/side-channel-weakmap 103ms (cache miss)
1879 silly packumentCache full:https://registry.npmjs.org/side-channel-weakmap set size:undefined disposed:false
1880 http fetch GET 200 https://registry.npmjs.org/side-channel-list 202ms (cache miss)
1881 silly packumentCache full:https://registry.npmjs.org/side-channel-list set size:undefined disposed:false
1882 silly placeDep ROOT is-extglob@2.1.1 OK for: is-glob@4.0.3 want: ^2.1.1
1883 silly placeDep ROOT set-function-name@2.0.2 OK for: iterator.prototype@1.1.5 want: ^2.0.2
1884 silly placeDep ROOT argparse@2.0.1 OK for: js-yaml@4.2.0 want: ^2.0.1
1885 silly placeDep ROOT json-buffer@3.0.1 OK for: keyv@4.5.4 want: 3.0.1
1886 silly placeDep ROOT language-subtag-registry@0.3.23 OK for: language-tags@1.0.9 want: ^0.3.20
1887 silly placeDep ROOT prelude-ls@1.2.1 OK for: levn@0.4.1 want: ^1.2.1
1888 silly placeDep ROOT type-check@0.4.0 OK for: levn@0.4.1 want: ~0.4.0
1889 silly placeDep ROOT p-locate@5.0.0 OK for: locate-path@6.0.0 want: ^5.0.0
1890 silly fetch manifest p-limit@^3.0.2
1891 silly packumentCache full:https://registry.npmjs.org/p-limit cache-miss
1892 http fetch GET 200 https://registry.npmjs.org/p-limit 109ms (cache miss)
1893 silly packumentCache full:https://registry.npmjs.org/p-limit set size:undefined disposed:false
1894 silly placeDep ROOT braces@3.0.3 OK for: micromatch@4.0.8 want: ^3.0.3
1895 silly placeDep ROOT picomatch@2.3.2 OK for: micromatch@4.0.8 want: ^2.3.1
1896 silly fetch manifest fill-range@^7.1.1
1897 silly packumentCache full:https://registry.npmjs.org/fill-range cache-miss
1898 http fetch GET 200 https://registry.npmjs.org/fill-range 114ms (cache miss)
1899 silly packumentCache full:https://registry.npmjs.org/fill-range set size:undefined disposed:false
1900 silly placeDep ROOT fill-range@7.1.1 OK for: braces@3.0.3 want: ^7.1.1
1901 silly fetch manifest to-regex-range@^5.0.1
1902 silly packumentCache full:https://registry.npmjs.org/to-regex-range cache-miss
1903 http fetch GET 200 https://registry.npmjs.org/to-regex-range 112ms (cache miss)
1904 silly packumentCache full:https://registry.npmjs.org/to-regex-range set size:undefined disposed:false
1905 silly placeDep ROOT to-regex-range@5.0.1 OK for: fill-range@7.1.1 want: ^5.0.1
1906 silly fetch manifest is-number@^7.0.0
1907 silly packumentCache full:https://registry.npmjs.org/is-number cache-miss
1908 http fetch GET 200 https://registry.npmjs.org/is-number 172ms (cache miss)
1909 silly packumentCache full:https://registry.npmjs.org/is-number set size:undefined disposed:false
1910 silly placeDep ROOT brace-expansion@1.1.15 OK for: minimatch@3.1.5 want: ^1.1.7
1911 silly fetch manifest balanced-match@^1.0.0
1912 silly packumentCache full:https://registry.npmjs.org/balanced-match cache-miss
1913 silly fetch manifest concat-map@0.0.1
1914 silly packumentCache full:https://registry.npmjs.org/concat-map cache-miss
1915 http fetch GET 200 https://registry.npmjs.org/concat-map 105ms (cache miss)
1916 silly packumentCache full:https://registry.npmjs.org/concat-map set size:undefined disposed:false
1917 http fetch GET 200 https://registry.npmjs.org/balanced-match 107ms (cache miss)
1918 silly packumentCache full:https://registry.npmjs.org/balanced-match set size:undefined disposed:false
1919 silly placeDep ROOT balanced-match@1.0.2 OK for: brace-expansion@1.1.15 want: ^1.0.0
1920 silly placeDep ROOT concat-map@0.0.1 OK for: brace-expansion@1.1.15 want: 0.0.1
1921 silly fetch manifest react@^18.2.0 || 19.0.0-rc-de68d2f4-20241204 || ^19.0.0
1922 silly packumentCache full:https://registry.npmjs.org/react cache-miss
1923 http cache https://registry.npmjs.org/react 10ms (cache hit)
1924 silly packumentCache full:https://registry.npmjs.org/react set size:6733629 disposed:false
1925 silly placeDep ROOT @next/env@15.5.19 OK for: next@15.5.19 want: 15.5.19
1926 silly placeDep ROOT @next/swc-darwin-arm64@15.5.19 OK for: next@15.5.19 want: 15.5.19
1927 silly placeDep ROOT @next/swc-darwin-x64@15.5.19 OK for: next@15.5.19 want: 15.5.19
1928 silly placeDep ROOT @next/swc-linux-arm64-gnu@15.5.19 OK for: next@15.5.19 want: 15.5.19
1929 silly placeDep ROOT @next/swc-linux-arm64-musl@15.5.19 OK for: next@15.5.19 want: 15.5.19
1930 silly placeDep ROOT @next/swc-linux-x64-gnu@15.5.19 OK for: next@15.5.19 want: 15.5.19
1931 silly placeDep ROOT @next/swc-linux-x64-musl@15.5.19 OK for: next@15.5.19 want: 15.5.19
1932 silly placeDep ROOT @next/swc-win32-arm64-msvc@15.5.19 OK for: next@15.5.19 want: 15.5.19
1933 silly placeDep ROOT @next/swc-win32-x64-msvc@15.5.19 OK for: next@15.5.19 want: 15.5.19
1934 silly placeDep ROOT @swc/helpers@0.5.15 OK for: next@15.5.19 want: 0.5.15
1935 silly placeDep node_modules/next postcss@8.4.31 OK for: next@15.5.19 want: 8.4.31
1936 silly placeDep ROOT sharp@0.34.5 OK for: next@15.5.19 want: ^0.34.3
1937 silly placeDep ROOT styled-jsx@5.1.6 OK for: next@15.5.19 want: 5.1.6
1938 silly fetch manifest nanoid@^3.3.6
1939 silly packumentCache full:https://registry.npmjs.org/nanoid cache-miss
1940 silly fetch manifest source-map-js@^1.0.2
1941 silly packumentCache full:https://registry.npmjs.org/source-map-js cache-miss
1942 silly fetch manifest @img/colour@^1.0.0
1943 silly packumentCache full:https://registry.npmjs.org/@img%2fcolour cache-miss
1944 silly fetch manifest detect-libc@^2.1.2
1945 silly packumentCache full:https://registry.npmjs.org/detect-libc cache-miss
1946 silly fetch manifest @img/sharp-wasm32@0.34.5
1947 silly packumentCache full:https://registry.npmjs.org/@img%2fsharp-wasm32 cache-miss
1948 silly fetch manifest @img/sharp-linux-arm@0.34.5
1949 silly packumentCache full:https://registry.npmjs.org/@img%2fsharp-linux-arm cache-miss
1950 silly fetch manifest @img/sharp-linux-x64@0.34.5
1951 silly packumentCache full:https://registry.npmjs.org/@img%2fsharp-linux-x64 cache-miss
1952 http cache https://registry.npmjs.org/source-map-js 7ms (cache hit)
1953 silly packumentCache full:https://registry.npmjs.org/source-map-js set size:62640 disposed:false
1954 silly fetch manifest @img/sharp-win32-x64@0.34.5
1955 silly packumentCache full:https://registry.npmjs.org/@img%2fsharp-win32-x64 cache-miss
1956 http cache https://registry.npmjs.org/nanoid 9ms (cache hit)
1957 silly packumentCache full:https://registry.npmjs.org/nanoid set size:326689 disposed:false
1958 silly fetch manifest @img/sharp-darwin-x64@0.34.5
1959 silly packumentCache full:https://registry.npmjs.org/@img%2fsharp-darwin-x64 cache-miss
1960 http fetch GET 200 https://registry.npmjs.org/detect-libc 104ms (cache miss)
1961 silly packumentCache full:https://registry.npmjs.org/detect-libc set size:undefined disposed:false
1962 silly fetch manifest @img/sharp-win32-ia32@0.34.5
1963 silly packumentCache full:https://registry.npmjs.org/@img%2fsharp-win32-ia32 cache-miss
1964 http fetch GET 200 https://registry.npmjs.org/@img%2fsharp-win32-x64 127ms (cache miss)
1965 silly packumentCache full:https://registry.npmjs.org/@img%2fsharp-win32-x64 set size:undefined disposed:false
1966 silly fetch manifest @img/sharp-linux-arm64@0.34.5
1967 silly packumentCache full:https://registry.npmjs.org/@img%2fsharp-linux-arm64 cache-miss
1968 http fetch GET 200 https://registry.npmjs.org/@img%2fsharp-wasm32 148ms (cache miss)
1969 silly packumentCache full:https://registry.npmjs.org/@img%2fsharp-wasm32 set size:undefined disposed:false
1970 silly fetch manifest @img/sharp-linux-ppc64@0.34.5
1971 silly packumentCache full:https://registry.npmjs.org/@img%2fsharp-linux-ppc64 cache-miss
1972 http fetch GET 200 https://registry.npmjs.org/@img%2fsharp-linux-x64 153ms (cache miss)
1973 silly packumentCache full:https://registry.npmjs.org/@img%2fsharp-linux-x64 set size:undefined disposed:false
1974 silly fetch manifest @img/sharp-linux-s390x@0.34.5
1975 silly packumentCache full:https://registry.npmjs.org/@img%2fsharp-linux-s390x cache-miss
1976 http fetch GET 200 https://registry.npmjs.org/@img%2fcolour 155ms (cache miss)
1977 silly packumentCache full:https://registry.npmjs.org/@img%2fcolour set size:undefined disposed:false
1978 silly fetch manifest @img/sharp-win32-arm64@0.34.5
1979 silly packumentCache full:https://registry.npmjs.org/@img%2fsharp-win32-arm64 cache-miss
1980 http fetch GET 200 https://registry.npmjs.org/@img%2fsharp-linux-arm 155ms (cache miss)
1981 silly packumentCache full:https://registry.npmjs.org/@img%2fsharp-linux-arm set size:undefined disposed:false
1982 silly fetch manifest @img/sharp-darwin-arm64@0.34.5
1983 silly packumentCache full:https://registry.npmjs.org/@img%2fsharp-darwin-arm64 cache-miss
1984 http fetch GET 200 https://registry.npmjs.org/@img%2fsharp-darwin-x64 151ms (cache miss)
1985 silly packumentCache full:https://registry.npmjs.org/@img%2fsharp-darwin-x64 set size:undefined disposed:false
1986 silly fetch manifest @img/sharp-linux-riscv64@0.34.5
1987 silly packumentCache full:https://registry.npmjs.org/@img%2fsharp-linux-riscv64 cache-miss
1988 http fetch GET 200 https://registry.npmjs.org/@img%2fsharp-win32-ia32 147ms (cache miss)
1989 silly packumentCache full:https://registry.npmjs.org/@img%2fsharp-win32-ia32 set size:undefined disposed:false
1990 silly fetch manifest @img/sharp-linuxmusl-x64@0.34.5
1991 silly packumentCache full:https://registry.npmjs.org/@img%2fsharp-linuxmusl-x64 cache-miss
1992 http fetch GET 200 https://registry.npmjs.org/@img%2fsharp-linux-arm64 130ms (cache miss)
1993 silly packumentCache full:https://registry.npmjs.org/@img%2fsharp-linux-arm64 set size:undefined disposed:false
1994 silly fetch manifest @img/sharp-linuxmusl-arm64@0.34.5
1995 silly packumentCache full:https://registry.npmjs.org/@img%2fsharp-linuxmusl-arm64 cache-miss
1996 http fetch GET 200 https://registry.npmjs.org/@img%2fsharp-linux-ppc64 237ms (cache miss)
1997 silly packumentCache full:https://registry.npmjs.org/@img%2fsharp-linux-ppc64 set size:undefined disposed:false
1998 silly fetch manifest @img/sharp-libvips-linux-arm@1.2.4
1999 silly packumentCache full:https://registry.npmjs.org/@img%2fsharp-libvips-linux-arm cache-miss
2000 http fetch GET 200 https://registry.npmjs.org/@img%2fsharp-linux-riscv64 223ms (cache miss)
2001 silly packumentCache full:https://registry.npmjs.org/@img%2fsharp-linux-riscv64 set size:undefined disposed:false
2002 silly fetch manifest @img/sharp-libvips-linux-x64@1.2.4
2003 silly packumentCache full:https://registry.npmjs.org/@img%2fsharp-libvips-linux-x64 cache-miss
2004 http fetch GET 200 https://registry.npmjs.org/@img%2fsharp-win32-arm64 233ms (cache miss)
2005 silly packumentCache full:https://registry.npmjs.org/@img%2fsharp-win32-arm64 set size:undefined disposed:false
2006 silly fetch manifest @img/sharp-libvips-darwin-x64@1.2.4
2007 silly packumentCache full:https://registry.npmjs.org/@img%2fsharp-libvips-darwin-x64 cache-miss
2008 http fetch GET 200 https://registry.npmjs.org/@img%2fsharp-linuxmusl-x64 136ms (cache miss)
2009 silly packumentCache full:https://registry.npmjs.org/@img%2fsharp-linuxmusl-x64 set size:undefined disposed:false
2010 silly fetch manifest @img/sharp-libvips-linux-arm64@1.2.4
2011 silly packumentCache full:https://registry.npmjs.org/@img%2fsharp-libvips-linux-arm64 cache-miss
2012 http fetch GET 200 https://registry.npmjs.org/@img%2fsharp-linux-s390x 235ms (cache miss)
2013 silly packumentCache full:https://registry.npmjs.org/@img%2fsharp-linux-s390x set size:undefined disposed:false
2014 silly fetch manifest @img/sharp-libvips-linux-ppc64@1.2.4
2015 silly packumentCache full:https://registry.npmjs.org/@img%2fsharp-libvips-linux-ppc64 cache-miss
2016 http fetch GET 200 https://registry.npmjs.org/@img%2fsharp-darwin-arm64 234ms (cache miss)
2017 silly packumentCache full:https://registry.npmjs.org/@img%2fsharp-darwin-arm64 set size:undefined disposed:false
2018 silly fetch manifest @img/sharp-libvips-linux-s390x@1.2.4
2019 silly packumentCache full:https://registry.npmjs.org/@img%2fsharp-libvips-linux-s390x cache-miss
2020 http fetch GET 200 https://registry.npmjs.org/@img%2fsharp-linuxmusl-arm64 127ms (cache miss)
2021 silly packumentCache full:https://registry.npmjs.org/@img%2fsharp-linuxmusl-arm64 set size:undefined disposed:false
2022 silly fetch manifest @img/sharp-libvips-darwin-arm64@1.2.4
2023 silly packumentCache full:https://registry.npmjs.org/@img%2fsharp-libvips-darwin-arm64 cache-miss
2024 http fetch GET 200 https://registry.npmjs.org/@img%2fsharp-libvips-darwin-x64 141ms (cache miss)
2025 silly packumentCache full:https://registry.npmjs.org/@img%2fsharp-libvips-darwin-x64 set size:undefined disposed:false
2026 silly fetch manifest @img/sharp-libvips-linux-riscv64@1.2.4
2027 silly packumentCache full:https://registry.npmjs.org/@img%2fsharp-libvips-linux-riscv64 cache-miss
2028 http fetch GET 200 https://registry.npmjs.org/@img%2fsharp-libvips-darwin-arm64 137ms (cache miss)
2029 silly packumentCache full:https://registry.npmjs.org/@img%2fsharp-libvips-darwin-arm64 set size:undefined disposed:false
2030 silly fetch manifest @img/sharp-libvips-linuxmusl-x64@1.2.4
2031 silly packumentCache full:https://registry.npmjs.org/@img%2fsharp-libvips-linuxmusl-x64 cache-miss
2032 http fetch GET 200 https://registry.npmjs.org/@img%2fsharp-libvips-linux-arm 145ms (cache miss)
2033 silly packumentCache full:https://registry.npmjs.org/@img%2fsharp-libvips-linux-arm set size:undefined disposed:false
2034 silly fetch manifest @img/sharp-libvips-linuxmusl-arm64@1.2.4
2035 silly packumentCache full:https://registry.npmjs.org/@img%2fsharp-libvips-linuxmusl-arm64 cache-miss
2036 http fetch GET 200 https://registry.npmjs.org/@img%2fsharp-libvips-linux-s390x 141ms (cache miss)
2037 silly packumentCache full:https://registry.npmjs.org/@img%2fsharp-libvips-linux-s390x set size:undefined disposed:false
2038 silly fetch manifest client-only@0.0.1
2039 silly packumentCache full:https://registry.npmjs.org/client-only cache-miss
2040 http fetch GET 200 https://registry.npmjs.org/@img%2fsharp-libvips-linux-x64 148ms (cache miss)
2041 silly packumentCache full:https://registry.npmjs.org/@img%2fsharp-libvips-linux-x64 set size:undefined disposed:false
2042 http fetch GET 200 https://registry.npmjs.org/@img%2fsharp-libvips-linux-arm64 160ms (cache miss)
2043 silly packumentCache full:https://registry.npmjs.org/@img%2fsharp-libvips-linux-arm64 set size:undefined disposed:false
2044 http fetch GET 200 https://registry.npmjs.org/@img%2fsharp-libvips-linux-ppc64 225ms (cache miss)
2045 silly packumentCache full:https://registry.npmjs.org/@img%2fsharp-libvips-linux-ppc64 set size:undefined disposed:false
2046 http fetch GET 200 https://registry.npmjs.org/client-only 114ms (cache miss)
2047 silly packumentCache full:https://registry.npmjs.org/client-only set size:undefined disposed:false
2048 http fetch GET 200 https://registry.npmjs.org/@img%2fsharp-libvips-linux-riscv64 132ms (cache miss)
2049 silly packumentCache full:https://registry.npmjs.org/@img%2fsharp-libvips-linux-riscv64 set size:undefined disposed:false
2050 http fetch GET 200 https://registry.npmjs.org/@img%2fsharp-libvips-linuxmusl-x64 137ms (cache miss)
2051 silly packumentCache full:https://registry.npmjs.org/@img%2fsharp-libvips-linuxmusl-x64 set size:undefined disposed:false
2052 http fetch GET 200 https://registry.npmjs.org/@img%2fsharp-libvips-linuxmusl-arm64 137ms (cache miss)
2053 silly packumentCache full:https://registry.npmjs.org/@img%2fsharp-libvips-linuxmusl-arm64 set size:undefined disposed:false
2054 silly placeDep ROOT deep-is@0.1.4 OK for: optionator@0.9.4 want: ^0.1.3
2055 silly placeDep ROOT fast-levenshtein@2.0.6 OK for: optionator@0.9.4 want: ^2.0.6
2056 silly placeDep ROOT word-wrap@1.2.5 OK for: optionator@0.9.4 want: ^1.2.5
2057 silly placeDep ROOT p-limit@3.1.0 OK for: p-locate@5.0.0 want: ^3.0.2
2058 silly fetch manifest yocto-queue@^0.1.0
2059 silly packumentCache full:https://registry.npmjs.org/yocto-queue cache-miss
2060 http fetch GET 200 https://registry.npmjs.org/yocto-queue 105ms (cache miss)
2061 silly packumentCache full:https://registry.npmjs.org/yocto-queue set size:undefined disposed:false
2062 silly placeDep ROOT yocto-queue@0.1.0 OK for: p-limit@3.1.0 want: ^0.1.0
2063 silly placeDep ROOT callsites@3.1.0 OK for: parent-module@1.0.1 want: ^3.0.0
2064 silly placeDep ROOT nanoid@3.3.15 OK for: postcss@8.5.15 want: ^3.3.12
2065 silly placeDep ROOT source-map-js@1.2.1 OK for: postcss@8.5.15 want: ^1.2.1
2066 silly placeDep ROOT loose-envify@1.4.0 OK for: prop-types@15.8.1 want: ^1.4.0
2067 silly placeDep ROOT object-assign@4.1.1 OK for: prop-types@15.8.1 want: ^4.1.1
2068 silly placeDep ROOT react-is@16.13.1 OK for: prop-types@15.8.1 want: ^16.13.1
2069 silly fetch manifest js-tokens@^3.0.0 || ^4.0.0
2070 silly packumentCache full:https://registry.npmjs.org/js-tokens cache-miss
2071 http fetch GET 200 https://registry.npmjs.org/js-tokens 126ms (cache miss)
2072 silly packumentCache full:https://registry.npmjs.org/js-tokens set size:undefined disposed:false
2073 silly placeDep ROOT js-tokens@4.0.0 OK for: loose-envify@1.4.0 want: ^3.0.0 || ^4.0.0
2074 silly placeDep ROOT scheduler@0.27.0 OK for: react-dom@19.2.7 want: ^0.27.0
2075 silly placeDep ROOT node-exports-info@1.6.2 OK for: resolve@2.0.0-next.7 want: ^1.6.0
2076 silly placeDep ROOT path-parse@1.0.7 OK for: resolve@2.0.0-next.7 want: ^1.0.7
2077 silly placeDep ROOT supports-preserve-symlinks-flag@1.0.0 OK for: resolve@2.0.0-next.7 want: ^1.0.0
2078 silly placeDep node_modules/node-exports-info semver@6.3.1 OK for: node-exports-info@1.6.2 want: ^6.3.1
2079 silly placeDep ROOT glob@7.2.3 OK for: rimraf@3.0.2 want: ^7.1.3
2080 silly fetch manifest once@^1.3.0
2081 silly packumentCache full:https://registry.npmjs.org/once cache-miss
2082 silly fetch manifest inflight@^1.0.4
2083 silly packumentCache full:https://registry.npmjs.org/inflight cache-miss
2084 silly fetch manifest inherits@2
2085 silly packumentCache full:https://registry.npmjs.org/inherits cache-miss
2086 silly fetch manifest fs.realpath@^1.0.0
2087 silly packumentCache full:https://registry.npmjs.org/fs.realpath cache-miss
2088 silly fetch manifest path-is-absolute@^1.0.0
2089 silly packumentCache full:https://registry.npmjs.org/path-is-absolute cache-miss
2090 http fetch GET 200 https://registry.npmjs.org/inflight 95ms (cache miss)
2091 silly packumentCache full:https://registry.npmjs.org/inflight set size:undefined disposed:false
2092 http fetch GET 200 https://registry.npmjs.org/inherits 118ms (cache miss)
2093 silly packumentCache full:https://registry.npmjs.org/inherits set size:undefined disposed:false
2094 http fetch GET 200 https://registry.npmjs.org/path-is-absolute 118ms (cache miss)
2095 silly packumentCache full:https://registry.npmjs.org/path-is-absolute set size:undefined disposed:false
2096 http fetch GET 200 https://registry.npmjs.org/fs.realpath 119ms (cache miss)
2097 silly packumentCache full:https://registry.npmjs.org/fs.realpath set size:undefined disposed:false
2098 http fetch GET 200 https://registry.npmjs.org/once 124ms (cache miss)
2099 silly packumentCache full:https://registry.npmjs.org/once set size:undefined disposed:false
2100 silly placeDep ROOT fs.realpath@1.0.0 OK for: glob@7.2.3 want: ^1.0.0
2101 silly placeDep ROOT inflight@1.0.6 OK for: glob@7.2.3 want: ^1.0.4
2102 silly placeDep ROOT inherits@2.0.4 OK for: glob@7.2.3 want: 2
2103 silly placeDep ROOT once@1.4.0 OK for: glob@7.2.3 want: ^1.3.0
2104 silly placeDep ROOT path-is-absolute@1.0.1 OK for: glob@7.2.3 want: ^1.0.0
2105 silly fetch manifest wrappy@1
2106 silly packumentCache full:https://registry.npmjs.org/wrappy cache-miss
2107 silly fetch manifest wrappy@1
2108 silly packumentCache full:https://registry.npmjs.org/wrappy cache-miss
2109 http fetch GET 200 https://registry.npmjs.org/wrappy 106ms (cache miss)
2110 silly packumentCache full:https://registry.npmjs.org/wrappy set size:undefined disposed:false
2111 http fetch GET 200 https://registry.npmjs.org/wrappy 111ms (cache miss)
2112 silly packumentCache full:https://registry.npmjs.org/wrappy set size:undefined disposed:false
2113 silly placeDep ROOT wrappy@1.0.2 OK for: inflight@1.0.6 want: 1
2114 silly placeDep ROOT queue-microtask@1.2.3 OK for: run-parallel@1.2.0 want: ^1.2.2
2115 silly placeDep ROOT isarray@2.0.5 OK for: safe-array-concat@1.1.4 want: ^2.0.5
2116 silly placeDep ROOT @img/colour@1.1.0 OK for: sharp@0.34.5 want: ^1.0.0
2117 silly placeDep ROOT @img/sharp-darwin-arm64@0.34.5 OK for: sharp@0.34.5 want: 0.34.5
2118 silly placeDep ROOT @img/sharp-darwin-x64@0.34.5 OK for: sharp@0.34.5 want: 0.34.5
2119 silly placeDep ROOT @img/sharp-libvips-darwin-arm64@1.2.4 OK for: sharp@0.34.5 want: 1.2.4
2120 silly placeDep ROOT @img/sharp-libvips-darwin-x64@1.2.4 OK for: sharp@0.34.5 want: 1.2.4
2121 silly placeDep ROOT @img/sharp-libvips-linux-arm@1.2.4 OK for: sharp@0.34.5 want: 1.2.4
2122 silly placeDep ROOT @img/sharp-libvips-linux-arm64@1.2.4 OK for: sharp@0.34.5 want: 1.2.4
2123 silly placeDep ROOT @img/sharp-libvips-linux-ppc64@1.2.4 OK for: sharp@0.34.5 want: 1.2.4
2124 silly placeDep ROOT @img/sharp-libvips-linux-riscv64@1.2.4 OK for: sharp@0.34.5 want: 1.2.4
2125 silly placeDep ROOT @img/sharp-libvips-linux-s390x@1.2.4 OK for: sharp@0.34.5 want: 1.2.4
2126 silly placeDep ROOT @img/sharp-libvips-linux-x64@1.2.4 OK for: sharp@0.34.5 want: 1.2.4
2127 silly placeDep ROOT @img/sharp-libvips-linuxmusl-arm64@1.2.4 OK for: sharp@0.34.5 want: 1.2.4
2128 silly placeDep ROOT @img/sharp-libvips-linuxmusl-x64@1.2.4 OK for: sharp@0.34.5 want: 1.2.4
2129 silly placeDep ROOT @img/sharp-linux-arm@0.34.5 OK for: sharp@0.34.5 want: 0.34.5
2130 silly placeDep ROOT @img/sharp-linux-arm64@0.34.5 OK for: sharp@0.34.5 want: 0.34.5
2131 silly placeDep ROOT @img/sharp-linux-ppc64@0.34.5 OK for: sharp@0.34.5 want: 0.34.5
2132 silly placeDep ROOT @img/sharp-linux-riscv64@0.34.5 OK for: sharp@0.34.5 want: 0.34.5
2133 silly placeDep ROOT @img/sharp-linux-s390x@0.34.5 OK for: sharp@0.34.5 want: 0.34.5
2134 silly placeDep ROOT @img/sharp-linux-x64@0.34.5 OK for: sharp@0.34.5 want: 0.34.5
2135 silly placeDep ROOT @img/sharp-linuxmusl-arm64@0.34.5 OK for: sharp@0.34.5 want: 0.34.5
2136 silly placeDep ROOT @img/sharp-linuxmusl-x64@0.34.5 OK for: sharp@0.34.5 want: 0.34.5
2137 silly placeDep ROOT @img/sharp-wasm32@0.34.5 OK for: sharp@0.34.5 want: 0.34.5
2138 silly placeDep ROOT @img/sharp-win32-arm64@0.34.5 OK for: sharp@0.34.5 want: 0.34.5
2139 silly placeDep ROOT @img/sharp-win32-ia32@0.34.5 OK for: sharp@0.34.5 want: 0.34.5
2140 silly placeDep ROOT @img/sharp-win32-x64@0.34.5 OK for: sharp@0.34.5 want: 0.34.5
2141 silly placeDep ROOT detect-libc@2.1.2 OK for: sharp@0.34.5 want: ^2.1.2
2142 silly fetch manifest @emnapi/runtime@^1.7.0
2143 silly packumentCache full:https://registry.npmjs.org/@emnapi%2fruntime cache-miss
2144 http fetch GET 200 https://registry.npmjs.org/@emnapi%2fruntime 132ms (cache miss)
2145 silly packumentCache full:https://registry.npmjs.org/@emnapi%2fruntime set size:undefined disposed:false
2146 silly placeDep ROOT @emnapi/runtime@1.11.1 OK for: @img/sharp-wasm32@0.34.5 want: ^1.7.0
2147 silly placeDep ROOT shebang-regex@3.0.0 OK for: shebang-command@2.0.0 want: ^3.0.0
2148 silly placeDep ROOT side-channel-list@1.0.1 OK for: side-channel@1.1.1 want: ^1.0.1
2149 silly placeDep ROOT side-channel-map@1.0.1 OK for: side-channel@1.1.1 want: ^1.0.1
2150 silly placeDep ROOT side-channel-weakmap@1.0.2 OK for: side-channel@1.1.1 want: ^1.0.2
2151 silly placeDep ROOT ansi-regex@5.0.1 OK for: strip-ansi@6.0.1 want: ^5.0.1
2152 silly placeDep ROOT client-only@0.0.1 OK for: styled-jsx@5.1.6 want: 0.0.1
2153 silly placeDep ROOT has-flag@4.0.0 OK for: supports-color@7.2.0 want: ^4.0.0
2154 silly fetch manifest postcss@^8.4.47
2155 silly packumentCache full:https://registry.npmjs.org/postcss cache-hit
2156 silly fetch manifest tsx@^4.8.1
2157 silly packumentCache full:https://registry.npmjs.org/tsx cache-miss
2158 http fetch GET 200 https://registry.npmjs.org/tsx 128ms (cache miss)
2159 silly packumentCache full:https://registry.npmjs.org/tsx set size:undefined disposed:false
2160 silly fetch manifest yaml@^2.4.2
2161 silly packumentCache full:https://registry.npmjs.org/yaml cache-miss
2162 http fetch GET 200 https://registry.npmjs.org/yaml 211ms (cache miss)
2163 silly packumentCache full:https://registry.npmjs.org/yaml set size:undefined disposed:false
2164 silly placeDep ROOT @alloc/quick-lru@5.2.0 OK for: tailwindcss@3.4.19 want: ^5.2.0
2165 silly placeDep ROOT arg@5.0.2 OK for: tailwindcss@3.4.19 want: ^5.0.2
2166 silly placeDep ROOT chokidar@3.6.0 OK for: tailwindcss@3.4.19 want: ^3.6.0
2167 silly placeDep ROOT didyoumean@1.2.2 OK for: tailwindcss@3.4.19 want: ^1.2.2
2168 silly placeDep ROOT dlv@1.1.3 OK for: tailwindcss@3.4.19 want: ^1.1.3
2169 silly placeDep node_modules/tailwindcss fast-glob@3.3.3 OK for: tailwindcss@3.4.19 want: ^3.3.2
2170 silly placeDep ROOT jiti@1.21.7 OK for: tailwindcss@3.4.19 want: ^1.21.7
2171 silly placeDep ROOT lilconfig@3.1.3 OK for: tailwindcss@3.4.19 want: ^3.1.3
2172 silly placeDep ROOT normalize-path@3.0.0 OK for: tailwindcss@3.4.19 want: ^3.0.0
2173 silly placeDep ROOT object-hash@3.0.0 OK for: tailwindcss@3.4.19 want: ^3.0.0
2174 silly placeDep ROOT postcss-import@15.1.0 OK for: tailwindcss@3.4.19 want: ^15.1.0
2175 silly placeDep ROOT postcss-js@4.1.0 OK for: tailwindcss@3.4.19 want: ^4.0.1
2176 silly placeDep ROOT postcss-load-config@6.0.1 OK for: tailwindcss@3.4.19 want: ^4.0.2 || ^5.0 || ^6.0
2177 silly placeDep ROOT postcss-nested@6.2.0 OK for: tailwindcss@3.4.19 want: ^6.2.0
2178 silly placeDep ROOT postcss-selector-parser@6.1.4 OK for: tailwindcss@3.4.19 want: ^6.1.2
2179 silly placeDep node_modules/tailwindcss resolve@1.22.12 OK for: tailwindcss@3.4.19 want: ^1.22.8
2180 silly placeDep ROOT sucrase@3.35.1 OK for: tailwindcss@3.4.19 want: ^3.35.0
2181 silly fetch manifest anymatch@~3.1.2
2182 silly packumentCache full:https://registry.npmjs.org/anymatch cache-miss
2183 silly fetch manifest readdirp@~3.6.0
2184 silly packumentCache full:https://registry.npmjs.org/readdirp cache-miss
2185 silly fetch manifest glob-parent@~5.1.2
2186 silly packumentCache full:https://registry.npmjs.org/glob-parent cache-hit
2187 silly fetch manifest is-binary-path@~2.1.0
2188 silly packumentCache full:https://registry.npmjs.org/is-binary-path cache-miss
2189 silly fetch manifest normalize-path@~3.0.0
2190 silly packumentCache full:https://registry.npmjs.org/normalize-path cache-miss
2191 silly fetch manifest fsevents@~2.3.2
2192 silly packumentCache full:https://registry.npmjs.org/fsevents cache-miss
2193 silly fetch manifest resolve@^1.1.7
2194 silly packumentCache full:https://registry.npmjs.org/resolve cache-hit
2195 silly fetch manifest read-cache@^1.0.0
2196 silly packumentCache full:https://registry.npmjs.org/read-cache cache-miss
2197 silly fetch manifest camelcase-css@^2.0.1
2198 silly packumentCache full:https://registry.npmjs.org/camelcase-css cache-miss
2199 http cache https://registry.npmjs.org/normalize-path 4ms (cache hit)
2200 silly packumentCache full:https://registry.npmjs.org/normalize-path set size:28713 disposed:false
2201 silly fetch manifest postcss-selector-parser@^6.1.1
2202 silly packumentCache full:https://registry.npmjs.org/postcss-selector-parser cache-miss
2203 http cache https://registry.npmjs.org/postcss-selector-parser 2ms (cache hit)
2204 silly packumentCache full:https://registry.npmjs.org/postcss-selector-parser set size:193966 disposed:false
2205 silly fetch manifest cssesc@^3.0.0
2206 silly packumentCache full:https://registry.npmjs.org/cssesc cache-miss
2207 http fetch GET 200 https://registry.npmjs.org/cssesc 102ms (cache miss)
2208 silly packumentCache full:https://registry.npmjs.org/cssesc set size:undefined disposed:false
2209 silly fetch manifest util-deprecate@^1.0.2
2210 silly packumentCache full:https://registry.npmjs.org/util-deprecate cache-miss
2211 http fetch GET 200 https://registry.npmjs.org/read-cache 111ms (cache miss)
2212 silly packumentCache full:https://registry.npmjs.org/read-cache set size:undefined disposed:false
2213 silly fetch manifest @jridgewell/gen-mapping@^0.3.2
2214 silly packumentCache full:https://registry.npmjs.org/@jridgewell%2fgen-mapping cache-miss
2215 http fetch GET 200 https://registry.npmjs.org/anymatch 113ms (cache miss)
2216 silly packumentCache full:https://registry.npmjs.org/anymatch set size:undefined disposed:false
2217 silly fetch manifest commander@^4.0.0
2218 silly packumentCache full:https://registry.npmjs.org/commander cache-miss
2219 http fetch GET 200 https://registry.npmjs.org/readdirp 114ms (cache miss)
2220 silly packumentCache full:https://registry.npmjs.org/readdirp set size:undefined disposed:false
2221 silly fetch manifest lines-and-columns@^1.1.6
2222 silly packumentCache full:https://registry.npmjs.org/lines-and-columns cache-miss
2223 http fetch GET 200 https://registry.npmjs.org/camelcase-css 122ms (cache miss)
2224 silly packumentCache full:https://registry.npmjs.org/camelcase-css set size:undefined disposed:false
2225 silly fetch manifest mz@^2.7.0
2226 silly packumentCache full:https://registry.npmjs.org/mz cache-miss
2227 http fetch GET 200 https://registry.npmjs.org/is-binary-path 124ms (cache miss)
2228 silly packumentCache full:https://registry.npmjs.org/is-binary-path set size:undefined disposed:false
2229 silly fetch manifest pirates@^4.0.1
2230 silly packumentCache full:https://registry.npmjs.org/pirates cache-miss
2231 http fetch GET 200 https://registry.npmjs.org/fsevents 132ms (cache miss)
2232 silly packumentCache full:https://registry.npmjs.org/fsevents set size:undefined disposed:false
2233 silly fetch manifest ts-interface-checker@^0.1.9
2234 silly packumentCache full:https://registry.npmjs.org/ts-interface-checker cache-miss
2235 http fetch GET 200 https://registry.npmjs.org/util-deprecate 196ms (cache miss)
2236 silly packumentCache full:https://registry.npmjs.org/util-deprecate set size:undefined disposed:false
2237 http fetch GET 200 https://registry.npmjs.org/mz 185ms (cache miss)
2238 silly packumentCache full:https://registry.npmjs.org/mz set size:undefined disposed:false
2239 http fetch GET 200 https://registry.npmjs.org/pirates 184ms (cache miss)
2240 silly packumentCache full:https://registry.npmjs.org/pirates set size:undefined disposed:false
2241 http fetch GET 200 https://registry.npmjs.org/lines-and-columns 194ms (cache miss)
2242 silly packumentCache full:https://registry.npmjs.org/lines-and-columns set size:undefined disposed:false
2243 http fetch GET 200 https://registry.npmjs.org/ts-interface-checker 176ms (cache miss)
2244 silly packumentCache full:https://registry.npmjs.org/ts-interface-checker set size:undefined disposed:false
2245 http fetch GET 200 https://registry.npmjs.org/@jridgewell%2fgen-mapping 199ms (cache miss)
2246 silly packumentCache full:https://registry.npmjs.org/@jridgewell%2fgen-mapping set size:undefined disposed:false
2247 http fetch GET 200 https://registry.npmjs.org/commander 199ms (cache miss)
2248 silly packumentCache full:https://registry.npmjs.org/commander set size:undefined disposed:false
2249 silly placeDep ROOT anymatch@3.1.3 OK for: chokidar@3.6.0 want: ~3.1.2
2250 silly placeDep ROOT fsevents@2.3.3 OK for: chokidar@3.6.0 want: ~2.3.2
2251 silly placeDep node_modules/chokidar glob-parent@5.1.2 OK for: chokidar@3.6.0 want: ~5.1.2
2252 silly placeDep ROOT is-binary-path@2.1.0 OK for: chokidar@3.6.0 want: ~2.1.0
2253 silly placeDep ROOT readdirp@3.6.0 OK for: chokidar@3.6.0 want: ~3.6.0
2254 silly fetch manifest binary-extensions@^2.0.0
2255 silly packumentCache full:https://registry.npmjs.org/binary-extensions cache-miss
2256 http fetch GET 200 https://registry.npmjs.org/binary-extensions 113ms (cache miss)
2257 silly packumentCache full:https://registry.npmjs.org/binary-extensions set size:undefined disposed:false
2258 silly placeDep ROOT binary-extensions@2.3.0 OK for: is-binary-path@2.1.0 want: ^2.0.0
2259 silly placeDep ROOT read-cache@1.0.0 OK for: postcss-import@15.1.0 want: ^1.0.0
2260 silly placeDep node_modules/postcss-import resolve@1.22.12 OK for: postcss-import@15.1.0 want: ^1.1.7
2261 silly fetch manifest pify@^2.3.0
2262 silly packumentCache full:https://registry.npmjs.org/pify cache-miss
2263 http fetch GET 200 https://registry.npmjs.org/pify 109ms (cache miss)
2264 silly packumentCache full:https://registry.npmjs.org/pify set size:undefined disposed:false
2265 silly placeDep ROOT camelcase-css@2.0.1 OK for: postcss-js@4.1.0 want: ^2.0.1
2266 silly placeDep ROOT cssesc@3.0.0 OK for: postcss-selector-parser@6.1.4 want: ^3.0.0
2267 silly placeDep ROOT util-deprecate@1.0.2 OK for: postcss-selector-parser@6.1.4 want: ^1.0.2
2268 silly placeDep ROOT pify@2.3.0 OK for: read-cache@1.0.0 want: ^2.3.0
2269 silly placeDep ROOT @jridgewell/gen-mapping@0.3.13 OK for: sucrase@3.35.1 want: ^0.3.2
2270 silly placeDep ROOT commander@4.1.1 OK for: sucrase@3.35.1 want: ^4.0.0
2271 silly placeDep ROOT lines-and-columns@1.2.4 OK for: sucrase@3.35.1 want: ^1.1.6
2272 silly placeDep ROOT mz@2.7.0 OK for: sucrase@3.35.1 want: ^2.7.0
2273 silly placeDep ROOT pirates@4.0.7 OK for: sucrase@3.35.1 want: ^4.0.1
2274 silly placeDep ROOT ts-interface-checker@0.1.13 OK for: sucrase@3.35.1 want: ^0.1.9
2275 silly fetch manifest @jridgewell/trace-mapping@^0.3.24
2276 silly packumentCache full:https://registry.npmjs.org/@jridgewell%2ftrace-mapping cache-miss
2277 silly fetch manifest @jridgewell/sourcemap-codec@^1.5.0
2278 silly packumentCache full:https://registry.npmjs.org/@jridgewell%2fsourcemap-codec cache-miss
2279 silly fetch manifest any-promise@^1.0.0
2280 silly packumentCache full:https://registry.npmjs.org/any-promise cache-miss
2281 silly fetch manifest thenify-all@^1.0.0
2282 silly packumentCache full:https://registry.npmjs.org/thenify-all cache-miss
2283 http fetch GET 200 https://registry.npmjs.org/thenify-all 138ms (cache miss)
2284 silly packumentCache full:https://registry.npmjs.org/thenify-all set size:undefined disposed:false
2285 http fetch GET 200 https://registry.npmjs.org/any-promise 155ms (cache miss)
2286 silly packumentCache full:https://registry.npmjs.org/any-promise set size:undefined disposed:false
2287 http fetch GET 200 https://registry.npmjs.org/@jridgewell%2fsourcemap-codec 161ms (cache miss)
2288 silly packumentCache full:https://registry.npmjs.org/@jridgewell%2fsourcemap-codec set size:undefined disposed:false
2289 http fetch GET 200 https://registry.npmjs.org/@jridgewell%2ftrace-mapping 171ms (cache miss)
2290 silly packumentCache full:https://registry.npmjs.org/@jridgewell%2ftrace-mapping set size:undefined disposed:false
2291 silly placeDep ROOT @jridgewell/sourcemap-codec@1.5.5 OK for: @jridgewell/gen-mapping@0.3.13 want: ^1.5.0
2292 silly placeDep ROOT @jridgewell/trace-mapping@0.3.31 OK for: @jridgewell/gen-mapping@0.3.13 want: ^0.3.24
2293 silly fetch manifest @jridgewell/resolve-uri@^3.1.0
2294 silly packumentCache full:https://registry.npmjs.org/@jridgewell%2fresolve-uri cache-miss
2295 http fetch GET 200 https://registry.npmjs.org/@jridgewell%2fresolve-uri 193ms (cache miss)
2296 silly packumentCache full:https://registry.npmjs.org/@jridgewell%2fresolve-uri set size:undefined disposed:false
2297 silly placeDep ROOT @jridgewell/resolve-uri@3.1.2 OK for: @jridgewell/trace-mapping@0.3.31 want: ^3.1.0
2298 silly placeDep ROOT any-promise@1.3.0 OK for: mz@2.7.0 want: ^1.0.0
2299 silly placeDep ROOT thenify-all@1.6.0 OK for: mz@2.7.0 want: ^1.0.0
2300 silly fetch manifest thenify@>= 3.1.0 < 4
2301 silly packumentCache full:https://registry.npmjs.org/thenify cache-miss
2302 http fetch GET 200 https://registry.npmjs.org/thenify 125ms (cache miss)
2303 silly packumentCache full:https://registry.npmjs.org/thenify set size:undefined disposed:false
2304 silly placeDep ROOT thenify@3.3.1 OK for: thenify-all@1.6.0 want: >= 3.1.0 < 4
2305 silly placeDep node_modules/tinyglobby fdir@6.5.0 OK for: tinyglobby@0.2.17 want: ^6.5.0
2306 silly placeDep node_modules/tinyglobby picomatch@4.0.4 OK for: fdir@6.5.0 want: ^3 || ^4
2307 silly placeDep ROOT is-number@7.0.0 OK for: to-regex-range@5.0.1 want: ^7.0.0
2308 silly placeDep ROOT @types/json5@0.0.29 OK for: tsconfig-paths@3.15.0 want: ^0.0.29
2309 silly placeDep ROOT json5@1.0.2 OK for: tsconfig-paths@3.15.0 want: ^1.0.2
2310 silly placeDep ROOT minimist@1.2.8 OK for: tsconfig-paths@3.15.0 want: ^1.2.6
2311 silly placeDep ROOT strip-bom@3.0.0 OK for: tsconfig-paths@3.15.0 want: ^3.0.0
2312 silly fetch manifest minimist@^1.2.0
2313 silly packumentCache full:https://registry.npmjs.org/minimist cache-miss
2314 http cache https://registry.npmjs.org/minimist 5ms (cache hit)
2315 silly packumentCache full:https://registry.npmjs.org/minimist set size:77063 disposed:false
2316 silly placeDep ROOT for-each@0.3.5 OK for: typed-array-byte-length@1.0.3 want: ^0.3.3
2317 silly placeDep ROOT reflect.getprototypeof@1.0.10 OK for: typed-array-byte-offset@1.0.4 want: ^1.0.9
2318 silly fetch manifest which-builtin-type@^1.2.1
2319 silly packumentCache full:https://registry.npmjs.org/which-builtin-type cache-miss
2320 http fetch GET 200 https://registry.npmjs.org/which-builtin-type 124ms (cache miss)
2321 silly packumentCache full:https://registry.npmjs.org/which-builtin-type set size:undefined disposed:false
2322 silly placeDep ROOT which-builtin-type@1.2.1 OK for: reflect.getprototypeof@1.0.10 want: ^1.2.1
2323 silly fetch manifest is-async-function@^2.0.0
2324 silly packumentCache full:https://registry.npmjs.org/is-async-function cache-miss
2325 silly fetch manifest is-finalizationregistry@^1.1.0
2326 silly packumentCache full:https://registry.npmjs.org/is-finalizationregistry cache-miss
2327 silly fetch manifest is-generator-function@^1.0.10
2328 silly packumentCache full:https://registry.npmjs.org/is-generator-function cache-miss
2329 silly fetch manifest which-boxed-primitive@^1.1.0
2330 silly packumentCache full:https://registry.npmjs.org/which-boxed-primitive cache-miss
2331 silly fetch manifest which-collection@^1.0.2
2332 silly packumentCache full:https://registry.npmjs.org/which-collection cache-miss
2333 http cache https://registry.npmjs.org/which-boxed-primitive 2ms (cache hit)
2334 silly packumentCache full:https://registry.npmjs.org/which-boxed-primitive set size:19407 disposed:false
2335 http fetch GET 200 https://registry.npmjs.org/which-collection 164ms (cache miss)
2336 silly packumentCache full:https://registry.npmjs.org/which-collection set size:undefined disposed:false
2337 http fetch GET 200 https://registry.npmjs.org/is-generator-function 166ms (cache miss)
2338 silly packumentCache full:https://registry.npmjs.org/is-generator-function set size:undefined disposed:false
2339 http fetch GET 200 https://registry.npmjs.org/is-finalizationregistry 167ms (cache miss)
2340 silly packumentCache full:https://registry.npmjs.org/is-finalizationregistry set size:undefined disposed:false
2341 http fetch GET 200 https://registry.npmjs.org/is-async-function 167ms (cache miss)
2342 silly packumentCache full:https://registry.npmjs.org/is-async-function set size:undefined disposed:false
2343 silly placeDep ROOT has-bigints@1.1.0 OK for: unbox-primitive@1.1.0 want: ^1.0.2
2344 silly placeDep ROOT which-boxed-primitive@1.1.1 OK for: unbox-primitive@1.1.0 want: ^1.1.1
2345 silly fetch manifest is-bigint@^1.1.0
2346 silly packumentCache full:https://registry.npmjs.org/is-bigint cache-miss
2347 silly fetch manifest is-boolean-object@^1.2.1
2348 silly packumentCache full:https://registry.npmjs.org/is-boolean-object cache-miss
2349 silly fetch manifest is-number-object@^1.1.1
2350 silly packumentCache full:https://registry.npmjs.org/is-number-object cache-miss
2351 http fetch GET 200 https://registry.npmjs.org/is-boolean-object 142ms (cache miss)
2352 silly packumentCache full:https://registry.npmjs.org/is-boolean-object set size:undefined disposed:false
2353 http fetch GET 200 https://registry.npmjs.org/is-number-object 145ms (cache miss)
2354 silly packumentCache full:https://registry.npmjs.org/is-number-object set size:undefined disposed:false
2355 http fetch GET 200 https://registry.npmjs.org/is-bigint 161ms (cache miss)
2356 silly packumentCache full:https://registry.npmjs.org/is-bigint set size:undefined disposed:false
2357 silly placeDep ROOT @unrs/resolver-binding-android-arm-eabi@1.12.2 OK for: unrs-resolver@1.12.2 want: 1.12.2
2358 silly placeDep ROOT @unrs/resolver-binding-android-arm64@1.12.2 OK for: unrs-resolver@1.12.2 want: 1.12.2
2359 silly placeDep ROOT @unrs/resolver-binding-darwin-arm64@1.12.2 OK for: unrs-resolver@1.12.2 want: 1.12.2
2360 silly placeDep ROOT @unrs/resolver-binding-darwin-x64@1.12.2 OK for: unrs-resolver@1.12.2 want: 1.12.2
2361 silly placeDep ROOT @unrs/resolver-binding-freebsd-x64@1.12.2 OK for: unrs-resolver@1.12.2 want: 1.12.2
2362 silly placeDep ROOT @unrs/resolver-binding-linux-arm-gnueabihf@1.12.2 OK for: unrs-resolver@1.12.2 want: 1.12.2
2363 silly placeDep ROOT @unrs/resolver-binding-linux-arm-musleabihf@1.12.2 OK for: unrs-resolver@1.12.2 want: 1.12.2
2364 silly placeDep ROOT @unrs/resolver-binding-linux-arm64-gnu@1.12.2 OK for: unrs-resolver@1.12.2 want: 1.12.2
2365 silly placeDep ROOT @unrs/resolver-binding-linux-arm64-musl@1.12.2 OK for: unrs-resolver@1.12.2 want: 1.12.2
2366 silly placeDep ROOT @unrs/resolver-binding-linux-loong64-gnu@1.12.2 OK for: unrs-resolver@1.12.2 want: 1.12.2
2367 silly placeDep ROOT @unrs/resolver-binding-linux-loong64-musl@1.12.2 OK for: unrs-resolver@1.12.2 want: 1.12.2
2368 silly placeDep ROOT @unrs/resolver-binding-linux-ppc64-gnu@1.12.2 OK for: unrs-resolver@1.12.2 want: 1.12.2
2369 silly placeDep ROOT @unrs/resolver-binding-linux-riscv64-gnu@1.12.2 OK for: unrs-resolver@1.12.2 want: 1.12.2
2370 silly placeDep ROOT @unrs/resolver-binding-linux-riscv64-musl@1.12.2 OK for: unrs-resolver@1.12.2 want: 1.12.2
2371 silly placeDep ROOT @unrs/resolver-binding-linux-s390x-gnu@1.12.2 OK for: unrs-resolver@1.12.2 want: 1.12.2
2372 silly placeDep ROOT @unrs/resolver-binding-linux-x64-gnu@1.12.2 OK for: unrs-resolver@1.12.2 want: 1.12.2
2373 silly placeDep ROOT @unrs/resolver-binding-linux-x64-musl@1.12.2 OK for: unrs-resolver@1.12.2 want: 1.12.2
2374 silly placeDep ROOT @unrs/resolver-binding-openharmony-arm64@1.12.2 OK for: unrs-resolver@1.12.2 want: 1.12.2
2375 silly placeDep ROOT @unrs/resolver-binding-wasm32-wasi@1.12.2 OK for: unrs-resolver@1.12.2 want: 1.12.2
2376 silly placeDep ROOT @unrs/resolver-binding-win32-arm64-msvc@1.12.2 OK for: unrs-resolver@1.12.2 want: 1.12.2
2377 silly placeDep ROOT @unrs/resolver-binding-win32-ia32-msvc@1.12.2 OK for: unrs-resolver@1.12.2 want: 1.12.2
2378 silly placeDep ROOT @unrs/resolver-binding-win32-x64-msvc@1.12.2 OK for: unrs-resolver@1.12.2 want: 1.12.2
2379 silly placeDep ROOT napi-postinstall@0.3.4 OK for: unrs-resolver@1.12.2 want: ^0.3.4
2380 silly fetch manifest @napi-rs/wasm-runtime@^1.1.4
2381 silly packumentCache full:https://registry.npmjs.org/@napi-rs%2fwasm-runtime cache-miss
2382 silly fetch manifest @emnapi/core@1.10.0
2383 silly packumentCache full:https://registry.npmjs.org/@emnapi%2fcore cache-miss
2384 silly fetch manifest @emnapi/runtime@1.10.0
2385 silly packumentCache full:https://registry.npmjs.org/@emnapi%2fruntime cache-miss
2386 http cache https://registry.npmjs.org/@emnapi%2fruntime 2ms (cache hit)
2387 silly packumentCache full:https://registry.npmjs.org/@emnapi%2fruntime set size:116352 disposed:false
2388 http fetch GET 200 https://registry.npmjs.org/@emnapi%2fcore 164ms (cache miss)
2389 silly packumentCache full:https://registry.npmjs.org/@emnapi%2fcore set size:undefined disposed:false
2390 http fetch GET 200 https://registry.npmjs.org/@napi-rs%2fwasm-runtime 166ms (cache miss)
2391 silly packumentCache full:https://registry.npmjs.org/@napi-rs%2fwasm-runtime set size:undefined disposed:false
2392 silly placeDep ROOT @emnapi/core@1.10.0 OK for: @unrs/resolver-binding-wasm32-wasi@1.12.2 want: 1.10.0
2393 silly placeDep node_modules/@unrs/resolver-binding-wasm32-wasi @emnapi/runtime@1.10.0 OK for: @unrs/resolver-binding-wasm32-wasi@1.12.2 want: 1.10.0
2394 silly placeDep ROOT @napi-rs/wasm-runtime@1.1.6 OK for: @unrs/resolver-binding-wasm32-wasi@1.12.2 want: ^1.1.4
2395 silly fetch manifest @emnapi/wasi-threads@1.2.1
2396 silly packumentCache full:https://registry.npmjs.org/@emnapi%2fwasi-threads cache-miss
2397 silly fetch manifest @tybys/wasm-util@^0.10.3
2398 silly packumentCache full:https://registry.npmjs.org/@tybys%2fwasm-util cache-miss
2399 http fetch GET 200 https://registry.npmjs.org/@tybys%2fwasm-util 180ms (cache miss)
2400 silly packumentCache full:https://registry.npmjs.org/@tybys%2fwasm-util set size:undefined disposed:false
2401 http fetch GET 200 https://registry.npmjs.org/@emnapi%2fwasi-threads 335ms (cache miss)
2402 silly packumentCache full:https://registry.npmjs.org/@emnapi%2fwasi-threads set size:undefined disposed:false
2403 silly placeDep ROOT @emnapi/wasi-threads@1.2.1 OK for: @emnapi/core@1.10.0 want: 1.2.1
2404 silly placeDep ROOT @tybys/wasm-util@0.10.3 OK for: @napi-rs/wasm-runtime@1.1.6 want: ^0.10.3
2405 silly placeDep ROOT escalade@3.2.0 OK for: update-browserslist-db@1.2.3 want: ^3.2.0
2406 silly placeDep ROOT punycode@2.3.1 OK for: uri-js@4.4.1 want: ^2.1.0
2407 silly placeDep ROOT isexe@2.0.0 OK for: which@2.0.2 want: ^2.0.0
2408 silly placeDep ROOT is-bigint@1.1.0 OK for: which-boxed-primitive@1.1.1 want: ^1.1.0
2409 silly placeDep ROOT is-boolean-object@1.2.2 OK for: which-boxed-primitive@1.1.1 want: ^1.2.1
2410 silly placeDep ROOT is-number-object@1.1.1 OK for: which-boxed-primitive@1.1.1 want: ^1.1.1
2411 silly placeDep ROOT is-async-function@2.1.1 OK for: which-builtin-type@1.2.1 want: ^2.0.0
2412 silly placeDep ROOT is-finalizationregistry@1.1.1 OK for: which-builtin-type@1.2.1 want: ^1.1.0
2413 silly placeDep ROOT is-generator-function@1.1.2 OK for: which-builtin-type@1.2.1 want: ^1.0.10
2414 silly placeDep ROOT which-collection@1.0.2 OK for: which-builtin-type@1.2.1 want: ^1.0.2
2415 silly fetch manifest async-function@^1.0.0
2416 silly packumentCache full:https://registry.npmjs.org/async-function cache-miss
2417 silly fetch manifest generator-function@^2.0.0
2418 silly packumentCache full:https://registry.npmjs.org/generator-function cache-miss
2419 silly fetch manifest is-map@^2.0.3
2420 silly packumentCache full:https://registry.npmjs.org/is-map cache-miss
2421 silly fetch manifest is-weakmap@^2.0.2
2422 silly packumentCache full:https://registry.npmjs.org/is-weakmap cache-miss
2423 silly fetch manifest is-weakset@^2.0.3
2424 silly packumentCache full:https://registry.npmjs.org/is-weakset cache-miss
2425 http fetch GET 200 https://registry.npmjs.org/is-map 135ms (cache miss)
2426 silly packumentCache full:https://registry.npmjs.org/is-map set size:undefined disposed:false
2427 http fetch GET 200 https://registry.npmjs.org/async-function 135ms (cache miss)
2428 silly packumentCache full:https://registry.npmjs.org/async-function set size:undefined disposed:false
2429 http fetch GET 200 https://registry.npmjs.org/generator-function 136ms (cache miss)
2430 silly packumentCache full:https://registry.npmjs.org/generator-function set size:undefined disposed:false
2431 http fetch GET 200 https://registry.npmjs.org/is-weakset 136ms (cache miss)
2432 silly packumentCache full:https://registry.npmjs.org/is-weakset set size:undefined disposed:false
2433 http fetch GET 200 https://registry.npmjs.org/is-weakmap 136ms (cache miss)
2434 silly packumentCache full:https://registry.npmjs.org/is-weakmap set size:undefined disposed:false
2435 silly placeDep ROOT async-function@1.0.0 OK for: is-async-function@2.1.1 want: ^1.0.0
2436 silly placeDep ROOT generator-function@2.0.1 OK for: is-generator-function@1.1.2 want: ^2.0.0
2437 silly placeDep ROOT is-map@2.0.3 OK for: which-collection@1.0.2 want: ^2.0.3
2438 silly placeDep ROOT is-weakmap@2.0.2 OK for: which-collection@1.0.2 want: ^2.0.2
2439 silly placeDep ROOT is-weakset@2.0.4 OK for: which-collection@1.0.2 want: ^2.0.3
2440 silly placeDep node_modules/@typescript-eslint/typescript-estree brace-expansion@5.0.6 OK for: minimatch@10.2.5 want: ^5.0.5
2441 silly fetch manifest balanced-match@^4.0.2
2442 silly packumentCache full:https://registry.npmjs.org/balanced-match cache-miss
2443 http cache https://registry.npmjs.org/balanced-match 1ms (cache hit)
2444 silly packumentCache full:https://registry.npmjs.org/balanced-match set size:39082 disposed:false
2445 silly placeDep node_modules/@typescript-eslint/typescript-estree balanced-match@4.0.4 OK for: brace-expansion@5.0.6 want: ^4.0.2
2446 silly placeDep node_modules/tailwindcss/node_modules/fast-glob glob-parent@5.1.2 OK for: fast-glob@3.3.3 want: ^5.1.2
2447 silly reify moves {}
2448 silly audit bulk request {
2448 silly audit   '@supabase/supabase-js': [ '2.108.2' ],
2448 silly audit   '@types/node': [ '22.20.0' ],
2448 silly audit   '@types/react': [ '19.2.17' ],
2448 silly audit   '@types/react-dom': [ '19.2.3' ],
2448 silly audit   autoprefixer: [ '10.5.1' ],
2448 silly audit   postcss: [ '8.5.15', '8.4.31' ],
2448 silly audit   clsx: [ '2.1.1' ],
2448 silly audit   'date-fns': [ '4.4.0' ],
2448 silly audit   eslint: [ '8.57.1' ],
2448 silly audit   'eslint-config-next': [ '15.5.19' ],
2448 silly audit   'lucide-react': [ '0.468.0' ],
2448 silly audit   react: [ '19.2.7' ],
2448 silly audit   next: [ '15.5.19' ],
2448 silly audit   'react-dom': [ '19.2.7' ],
2448 silly audit   tailwindcss: [ '3.4.19' ],
2448 silly audit   typescript: [ '5.9.3' ],
2448 silly audit   '@supabase/auth-js': [ '2.108.2' ],
2448 silly audit   '@supabase/functions-js': [ '2.108.2' ],
2448 silly audit   '@supabase/postgrest-js': [ '2.108.2' ],
2448 silly audit   '@supabase/realtime-js': [ '2.108.2' ],
2448 silly audit   '@supabase/storage-js': [ '2.108.2' ],
2448 silly audit   tslib: [ '2.8.1' ],
2448 silly audit   '@supabase/phoenix': [ '0.4.4' ],
2448 silly audit   'iceberg-js': [ '0.8.1' ],
2448 silly audit   'undici-types': [ '6.21.0' ],
2448 silly audit   csstype: [ '3.2.3' ],
2448 silly audit   browserslist: [ '4.28.4' ],
2448 silly audit   'caniuse-lite': [ '1.0.30001799' ],
2448 silly audit   'fraction.js': [ '5.3.4' ],
2448 silly audit   picocolors: [ '1.1.1' ],
2448 silly audit   'postcss-value-parser': [ '4.2.0' ],
2448 silly audit   'baseline-browser-mapping': [ '2.10.38' ],
2448 silly audit   'electron-to-chromium': [ '1.5.378' ],
2448 silly audit   'node-releases': [ '2.0.49' ],
2448 silly audit   'update-browserslist-db': [ '1.2.3' ],
2448 silly audit   '@eslint-community/eslint-utils': [ '4.9.1' ],
2448 silly audit   '@eslint-community/regexpp': [ '4.12.2' ],
2448 silly audit   '@eslint/eslintrc': [ '2.1.4' ],
2448 silly audit   '@eslint/js': [ '8.57.1' ],
2448 silly audit   '@humanwhocodes/config-array': [ '0.13.0' ],
2448 silly audit   '@humanwhocodes/module-importer': [ '1.0.1' ],
2448 silly audit   '@nodelib/fs.walk': [ '1.2.8' ],
2448 silly audit   '@ungap/structured-clone': [ '1.3.2' ],
2448 silly audit   ajv: [ '6.15.0' ],
2448 silly audit   chalk: [ '4.1.2' ],
2448 silly audit   'cross-spawn': [ '7.0.6' ],
2448 silly audit   debug: [ '4.4.3', '3.2.7' ],
2448 silly audit   doctrine: [ '3.0.0', '2.1.0' ],
2448 silly audit   'escape-string-regexp': [ '4.0.0' ],
2448 silly audit   'eslint-scope': [ '7.2.2' ],
2448 silly audit   'eslint-visitor-keys': [ '3.4.3', '5.0.1' ],
2448 silly audit   espree: [ '9.6.1' ],
2448 silly audit   esquery: [ '1.7.0' ],
2448 silly audit   esutils: [ '2.0.3' ],
2448 silly audit   'fast-deep-equal': [ '3.1.3' ],
2448 silly audit   'file-entry-cache': [ '6.0.1' ],
2448 silly audit   'find-up': [ '5.0.0' ],
2448 silly audit   'glob-parent': [ '6.0.2', '5.1.2' ],
2448 silly audit   globals: [ '13.24.0' ],
2448 silly audit   graphemer: [ '1.4.0' ],
2448 silly audit   ignore: [ '5.3.2', '7.0.5' ],
2448 silly audit   imurmurhash: [ '0.1.4' ],
2448 silly audit   'is-glob': [ '4.0.3' ],
2448 silly audit   'is-path-inside': [ '3.0.3' ],
2448 silly audit   'js-yaml': [ '4.2.0' ],
2448 silly audit   'json-stable-stringify-without-jsonify': [ '1.0.1' ],
2448 silly audit   levn: [ '0.4.1' ],
2448 silly audit   'lodash.merge': [ '4.6.2' ],
2448 silly audit   minimatch: [ '3.1.5', '10.2.5' ],
2448 silly audit   'natural-compare': [ '1.4.0' ],
2448 silly audit   optionator: [ '0.9.4' ],
2448 silly audit   'strip-ansi': [ '6.0.1' ],
2448 silly audit   'text-table': [ '0.2.0' ],
2448 silly audit   'import-fresh': [ '3.3.1' ],
2448 silly audit   'strip-json-comments': [ '3.1.1' ],
2448 silly audit   '@humanwhocodes/object-schema': [ '2.0.3' ],
2448 silly audit   '@nodelib/fs.scandir': [ '2.1.5' ],
2448 silly audit   fastq: [ '1.20.1' ],
2448 silly audit   '@nodelib/fs.stat': [ '2.0.5' ],
2448 silly audit   'run-parallel': [ '1.2.0' ],
2448 silly audit   'fast-json-stable-stringify': [ '2.1.0' ],
2448 silly audit   'json-schema-traverse': [ '0.4.1' ],
2448 silly audit   'uri-js': [ '4.4.1' ],
2448 silly audit   'ansi-styles': [ '4.3.0' ],
2448 silly audit   'supports-color': [ '7.2.0' ],
2448 silly audit   'color-convert': [ '2.0.1' ],
2448 silly audit   'color-name': [ '1.1.4' ],
2448 silly audit   'path-key': [ '3.1.1' ],
2448 silly audit   'shebang-command': [ '2.0.0' ],
2448 silly audit   which: [ '2.0.2' ],
2448 silly audit   ms: [ '2.1.3' ],
2448 silly audit   '@next/eslint-plugin-next': [ '15.5.19' ],
2448 silly audit   '@rushstack/eslint-patch': [ '1.16.1' ],
2448 silly audit   '@typescript-eslint/eslint-plugin': [ '8.62.0' ],
2448 silly audit   '@typescript-eslint/parser': [ '8.62.0' ],
2448 silly audit   'eslint-import-resolver-node': [ '0.3.10' ],
2448 silly audit   'eslint-import-resolver-typescript': [ '3.10.1' ],
2448 silly audit   'eslint-plugin-import': [ '2.32.0' ],
2448 silly audit   'eslint-plugin-jsx-a11y': [ '6.10.2' ],
2448 silly audit   'eslint-plugin-react': [ '7.37.5' ],
2448 silly audit   'eslint-plugin-react-hooks': [ '5.2.0' ],
2448 silly audit   'fast-glob': [ '3.3.1', '3.3.3' ],
2448 silly audit   '@typescript-eslint/scope-manager': [ '8.62.0' ],
2448 silly audit   '@typescript-eslint/type-utils': [ '8.62.0' ],
2448 silly audit   '@typescript-eslint/utils': [ '8.62.0' ],
2448 silly audit   '@typescript-eslint/visitor-keys': [ '8.62.0' ],
2448 silly audit   'ts-api-utils': [ '2.5.0' ],
2448 silly audit   '@typescript-eslint/types': [ '8.62.0' ],
2448 silly audit   '@typescript-eslint/typescript-estree': [ '8.62.0' ],
2448 silly audit   '@typescript-eslint/project-service': [ '8.62.0' ],
2448 silly audit   '@typescript-eslint/tsconfig-utils': [ '8.62.0' ],
2448 silly audit   semver: [ '7.8.5', '6.3.1' ],
2448 silly audit   tinyglobby: [ '0.2.17' ],
2448 silly audit   'is-core-module': [ '2.16.2' ],
2448 silly audit   resolve: [ '2.0.0-next.7', '1.22.12' ],
2448 silly audit   '@nolyfill/is-core-module': [ '1.0.39' ],
2448 silly audit   'get-tsconfig': [ '4.14.0' ],
2448 silly audit   'is-bun-module': [ '2.0.0' ],
2448 silly audit   'stable-hash': [ '0.0.5' ],
2448 silly audit   'unrs-resolver': [ '1.12.2' ],
2448 silly audit   '@rtsao/scc': [ '1.1.0' ],
2448 silly audit   'array-includes': [ '3.1.9' ],
2448 silly audit   'array.prototype.findlastindex': [ '1.2.6' ],
2448 silly audit   'array.prototype.flat': [ '1.3.3' ],
2448 silly audit   'array.prototype.flatmap': [ '1.3.3' ],
2448 silly audit   'eslint-module-utils': [ '2.13.0' ],
2448 silly audit   hasown: [ '2.0.4' ],
2448 silly audit   'object.fromentries': [ '2.0.8' ],
2448 silly audit   'object.groupby': [ '1.0.3' ],
2448 silly audit   'object.values': [ '1.2.1' ],
2448 silly audit   'string.prototype.trimend': [ '1.0.10' ],
2448 silly audit   'tsconfig-paths': [ '3.15.0' ],
2448 silly audit   'call-bind': [ '1.0.9' ],
2448 silly audit   'call-bound': [ '1.0.4' ],
2448 silly audit   'define-properties': [ '1.2.1' ],
2448 silly audit   'es-abstract': [ '1.24.2' ],
2448 silly audit   'es-object-atoms': [ '1.1.2' ],
2448 silly audit   'get-intrinsic': [ '1.3.0' ],
2448 silly audit   'is-string': [ '1.1.1' ],
2448 silly audit   'math-intrinsics': [ '1.1.0' ],
2448 silly audit   'es-errors': [ '1.3.0' ],
2448 silly audit   'es-shim-unscopables': [ '1.1.0' ],
2448 silly audit   'call-bind-apply-helpers': [ '1.0.2' ],
2448 silly audit   'es-define-property': [ '1.0.1' ],
2448 silly audit   'set-function-length': [ '1.2.2' ],
2448 silly audit   'function-bind': [ '1.1.2' ],
2448 silly audit   'define-data-property': [ '1.1.4' ],
2448 silly audit   'has-property-descriptors': [ '1.0.2' ],
2448 silly audit   'object-keys': [ '1.1.1' ],
2448 silly audit   gopd: [ '1.2.0' ],
2448 silly audit   'array-buffer-byte-length': [ '1.0.2' ],
2448 silly audit   'arraybuffer.prototype.slice': [ '1.0.4' ],
2448 silly audit   'available-typed-arrays': [ '1.0.7' ],
2448 silly audit   'data-view-buffer': [ '1.0.2' ],
2448 silly audit   'data-view-byte-length': [ '1.0.2' ],
2448 silly audit   'data-view-byte-offset': [ '1.0.1' ],
2448 silly audit   'es-set-tostringtag': [ '2.1.0' ],
2448 silly audit   'es-to-primitive': [ '1.3.1' ],
2448 silly audit   'function.prototype.name': [ '1.2.0' ],
2448 silly audit   'get-proto': [ '1.0.1' ],
2448 silly audit   'get-symbol-description': [ '1.1.0' ],
2448 silly audit   globalthis: [ '1.0.4' ],
2448 silly audit   'has-proto': [ '1.2.0' ],
2448 silly audit   'has-symbols': [ '1.1.0' ],
2448 silly audit   'internal-slot': [ '1.1.0' ],
2448 silly audit   'is-array-buffer': [ '3.0.5' ],
2448 silly audit   'is-callable': [ '1.2.7' ],
2448 silly audit   'is-data-view': [ '1.0.2' ],
2448 silly audit   'is-negative-zero': [ '2.0.3' ],
2448 silly audit   'is-regex': [ '1.2.1' ],
2448 silly audit   'is-set': [ '2.0.3' ],
2448 silly audit   'is-shared-array-buffer': [ '1.0.4' ],
2448 silly audit   'is-typed-array': [ '1.1.15' ],
2448 silly audit   'is-weakref': [ '1.1.1' ],
2448 silly audit   'object-inspect': [ '1.13.4' ],
2448 silly audit   'object.assign': [ '4.1.7' ],
2448 silly audit   'own-keys': [ '1.0.1' ],
2448 silly audit   'regexp.prototype.flags': [ '1.5.4' ],
2448 silly audit   'safe-array-concat': [ '1.1.4' ],
2448 silly audit   'safe-push-apply': [ '1.0.0' ],
2448 silly audit   'safe-regex-test': [ '1.1.0' ],
2448 silly audit   'set-proto': [ '1.0.0' ],
2448 silly audit   'stop-iteration-iterator': [ '1.1.0' ],
2448 silly audit   'string.prototype.trim': [ '1.2.11' ],
2448 silly audit   'string.prototype.trimstart': [ '1.0.8' ],
2448 silly audit   'typed-array-buffer': [ '1.0.3' ],
2448 silly audit   'typed-array-byte-length': [ '1.0.3' ],
2448 silly audit   'typed-array-byte-offset': [ '1.0.4' ],
2448 silly audit   'typed-array-length': [ '1.0.8' ],
2448 silly audit   'unbox-primitive': [ '1.1.0' ],
2448 silly audit   'which-typed-array': [ '1.1.22' ],
2448 silly audit   'possible-typed-array-names': [ '1.1.0' ],
2448 silly audit   'has-tostringtag': [ '1.0.2' ],
2448 silly audit   'es-abstract-get': [ '1.0.0' ],
2448 silly audit   'is-date-object': [ '1.1.0' ],
2448 silly audit   'is-symbol': [ '1.1.1' ],
2448 silly audit   'aria-query': [ '5.3.2' ],
2448 silly audit   'ast-types-flow': [ '0.0.8' ],
2448 silly audit   'axe-core': [ '4.12.1' ],
2448 silly audit   'axobject-query': [ '4.1.0' ],
2448 silly audit   'damerau-levenshtein': [ '1.0.8' ],
2448 silly audit   'emoji-regex': [ '9.2.2' ],
2448 silly audit   'jsx-ast-utils': [ '3.3.5' ],
2448 silly audit   'language-tags': [ '1.0.9' ],
2448 silly audit   'string.prototype.includes': [ '2.0.1' ],
2448 silly audit   'array.prototype.findlast': [ '1.2.5' ],
2448 silly audit   'array.prototype.tosorted': [ '1.1.4' ],
2448 silly audit   'es-iterator-helpers': [ '1.3.3' ],
2448 silly audit   estraverse: [ '5.3.0' ],
2448 silly audit   'object.entries': [ '1.1.9' ],
2448 silly audit   'prop-types': [ '15.8.1' ],
2448 silly audit   'string.prototype.matchall': [ '4.0.12' ],
2448 silly audit   'string.prototype.repeat': [ '1.0.0' ],
2448 silly audit   'iterator.prototype': [ '1.1.5' ],
2448 silly audit   esrecurse: [ '4.3.0' ],
2448 silly audit   acorn: [ '8.17.0' ],
2448 silly audit   'acorn-jsx': [ '5.3.2' ],
2448 silly audit   merge2: [ '1.4.1' ],
2448 silly audit   micromatch: [ '4.0.8' ],
2448 silly audit   reusify: [ '1.1.0' ],
2448 silly audit   'flat-cache': [ '3.2.0' ],
2448 silly audit   'locate-path': [ '6.0.0' ],
2448 silly audit   'path-exists': [ '4.0.0' ],
2448 silly audit   flatted: [ '3.4.2' ],
2448 silly audit   keyv: [ '4.5.4' ],
2448 silly audit   rimraf: [ '3.0.2' ],
2448 silly audit   'functions-have-names': [ '1.2.3' ],
2448 silly audit   'is-document.all': [ '1.0.0' ],
2448 silly audit   'dunder-proto': [ '1.0.1' ],
2448 silly audit   'resolve-pkg-maps': [ '1.0.0' ],
2448 silly audit   'type-fest': [ '0.20.2' ],
2448 silly audit   'parent-module': [ '1.0.1' ],
2448 silly audit   'resolve-from': [ '4.0.0' ],
2448 silly audit   'side-channel': [ '1.1.1' ],
2448 silly audit   'is-extglob': [ '2.1.1' ],
2448 silly audit   'set-function-name': [ '2.0.2' ],
2448 silly audit   argparse: [ '2.0.1' ],
2448 silly audit   'json-buffer': [ '3.0.1' ],
2448 silly audit   'language-subtag-registry': [ '0.3.23' ],
2448 silly audit   'prelude-ls': [ '1.2.1' ],
2448 silly audit   'type-check': [ '0.4.0' ],
2448 silly audit   'p-locate': [ '5.0.0' ],
2448 silly audit   braces: [ '3.0.3' ],
2448 silly audit   picomatch: [ '2.3.2', '4.0.4' ],
2448 silly audit   'fill-range': [ '7.1.1' ],
2448 silly audit   'to-regex-range': [ '5.0.1' ],
2448 silly audit   'brace-expansion': [ '1.1.15', '5.0.6' ],
2448 silly audit   'balanced-match': [ '1.0.2', '4.0.4' ],
2448 silly audit   'concat-map': [ '0.0.1' ],
2448 silly audit   '@next/env': [ '15.5.19' ],
2448 silly audit   '@next/swc-darwin-arm64': [ '15.5.19' ],
2448 silly audit   '@next/swc-darwin-x64': [ '15.5.19' ],
2448 silly audit   '@next/swc-linux-arm64-gnu': [ '15.5.19' ],
2448 silly audit   '@next/swc-linux-arm64-musl': [ '15.5.19' ],
2448 silly audit   '@next/swc-linux-x64-gnu': [ '15.5.19' ],
2448 silly audit   '@next/swc-linux-x64-musl': [ '15.5.19' ],
2448 silly audit   '@next/swc-win32-arm64-msvc': [ '15.5.19' ],
2448 silly audit   '@next/swc-win32-x64-msvc': [ '15.5.19' ],
2448 silly audit   '@swc/helpers': [ '0.5.15' ],
2448 silly audit   sharp: [ '0.34.5' ],
2448 silly audit   'styled-jsx': [ '5.1.6' ],
2448 silly audit   'deep-is': [ '0.1.4' ],
2448 silly audit   'fast-levenshtein': [ '2.0.6' ],
2448 silly audit   'word-wrap': [ '1.2.5' ],
2448 silly audit   'p-limit': [ '3.1.0' ],
2448 silly audit   'yocto-queue': [ '0.1.0' ],
2448 silly audit   callsites: [ '3.1.0' ],
2448 silly audit   nanoid: [ '3.3.15' ],
2448 silly audit   'source-map-js': [ '1.2.1' ],
2448 silly audit   'loose-envify': [ '1.4.0' ],
2448 silly audit   'object-assign': [ '4.1.1' ],
2448 silly audit   'react-is': [ '16.13.1' ],
2448 silly audit   'js-tokens': [ '4.0.0' ],
2448 silly audit   scheduler: [ '0.27.0' ],
2448 silly audit   'node-exports-info': [ '1.6.2' ],
2448 silly audit   'path-parse': [ '1.0.7' ],
2448 silly audit   'supports-preserve-symlinks-flag': [ '1.0.0' ],
2448 silly audit   glob: [ '7.2.3' ],
2448 silly audit   'fs.realpath': [ '1.0.0' ],
2448 silly audit   inflight: [ '1.0.6' ],
2448 silly audit   inherits: [ '2.0.4' ],
2448 silly audit   once: [ '1.4.0' ],
2448 silly audit   'path-is-absolute': [ '1.0.1' ],
2448 silly audit   wrappy: [ '1.0.2' ],
2448 silly audit   'queue-microtask': [ '1.2.3' ],
2448 silly audit   isarray: [ '2.0.5' ],
2448 silly audit   '@img/colour': [ '1.1.0' ],
2448 silly audit   '@img/sharp-darwin-arm64': [ '0.34.5' ],
2448 silly audit   '@img/sharp-darwin-x64': [ '0.34.5' ],
2448 silly audit   '@img/sharp-libvips-darwin-arm64': [ '1.2.4' ],
2448 silly audit   '@img/sharp-libvips-darwin-x64': [ '1.2.4' ],
2448 silly audit   '@img/sharp-libvips-linux-arm': [ '1.2.4' ],
2448 silly audit   '@img/sharp-libvips-linux-arm64': [ '1.2.4' ],
2448 silly audit   '@img/sharp-libvips-linux-ppc64': [ '1.2.4' ],
2448 silly audit   '@img/sharp-libvips-linux-riscv64': [ '1.2.4' ],
2448 silly audit   '@img/sharp-libvips-linux-s390x': [ '1.2.4' ],
2448 silly audit   '@img/sharp-libvips-linux-x64': [ '1.2.4' ],
2448 silly audit   '@img/sharp-libvips-linuxmusl-arm64': [ '1.2.4' ],
2448 silly audit   '@img/sharp-libvips-linuxmusl-x64': [ '1.2.4' ],
2448 silly audit   '@img/sharp-linux-arm': [ '0.34.5' ],
2448 silly audit   '@img/sharp-linux-arm64': [ '0.34.5' ],
2448 silly audit   '@img/sharp-linux-ppc64': [ '0.34.5' ],
2448 silly audit   '@img/sharp-linux-riscv64': [ '0.34.5' ],
2448 silly audit   '@img/sharp-linux-s390x': [ '0.34.5' ],
2448 silly audit   '@img/sharp-linux-x64': [ '0.34.5' ],
2448 silly audit   '@img/sharp-linuxmusl-arm64': [ '0.34.5' ],
2448 silly audit   '@img/sharp-linuxmusl-x64': [ '0.34.5' ],
2448 silly audit   '@img/sharp-wasm32': [ '0.34.5' ],
2448 silly audit   '@img/sharp-win32-arm64': [ '0.34.5' ],
2448 silly audit   '@img/sharp-win32-ia32': [ '0.34.5' ],
2448 silly audit   '@img/sharp-win32-x64': [ '0.34.5' ],
2448 silly audit   'detect-libc': [ '2.1.2' ],
2448 silly audit   '@emnapi/runtime': [ '1.11.1', '1.10.0' ],
2448 silly audit   'shebang-regex': [ '3.0.0' ],
2448 silly audit   'side-channel-list': [ '1.0.1' ],
2448 silly audit   'side-channel-map': [ '1.0.1' ],
2448 silly audit   'side-channel-weakmap': [ '1.0.2' ],
2448 silly audit   'ansi-regex': [ '5.0.1' ],
2448 silly audit   'client-only': [ '0.0.1' ],
2448 silly audit   'has-flag': [ '4.0.0' ],
2448 silly audit   '@alloc/quick-lru': [ '5.2.0' ],
2448 silly audit   arg: [ '5.0.2' ],
2448 silly audit   chokidar: [ '3.6.0' ],
2448 silly audit   didyoumean: [ '1.2.2' ],
2448 silly audit   dlv: [ '1.1.3' ],
2448 silly audit   jiti: [ '1.21.7' ],
2448 silly audit   lilconfig: [ '3.1.3' ],
2448 silly audit   'normalize-path': [ '3.0.0' ],
2448 silly audit   'object-hash': [ '3.0.0' ],
2448 silly audit   'postcss-import': [ '15.1.0' ],
2448 silly audit   'postcss-js': [ '4.1.0' ],
2448 silly audit   'postcss-load-config': [ '6.0.1' ],
2448 silly audit   'postcss-nested': [ '6.2.0' ],
2448 silly audit   'postcss-selector-parser': [ '6.1.4' ],
2448 silly audit   sucrase: [ '3.35.1' ],
2448 silly audit   anymatch: [ '3.1.3' ],
2448 silly audit   fsevents: [ '2.3.3' ],
2448 silly audit   'is-binary-path': [ '2.1.0' ],
2448 silly audit   readdirp: [ '3.6.0' ],
2448 silly audit   'binary-extensions': [ '2.3.0' ],
2448 silly audit   'read-cache': [ '1.0.0' ],
2448 silly audit   'camelcase-css': [ '2.0.1' ],
2448 silly audit   cssesc: [ '3.0.0' ],
2448 silly audit   'util-deprecate': [ '1.0.2' ],
2448 silly audit   pify: [ '2.3.0' ],
2448 silly audit   '@jridgewell/gen-mapping': [ '0.3.13' ],
2448 silly audit   commander: [ '4.1.1' ],
2448 silly audit   'lines-and-columns': [ '1.2.4' ],
2448 silly audit   mz: [ '2.7.0' ],
2448 silly audit   pirates: [ '4.0.7' ],
2448 silly audit   'ts-interface-checker': [ '0.1.13' ],
2448 silly audit   '@jridgewell/sourcemap-codec': [ '1.5.5' ],
2448 silly audit   '@jridgewell/trace-mapping': [ '0.3.31' ],
2448 silly audit   '@jridgewell/resolve-uri': [ '3.1.2' ],
2448 silly audit   'any-promise': [ '1.3.0' ],
2448 silly audit   'thenify-all': [ '1.6.0' ],
2448 silly audit   thenify: [ '3.3.1' ],
2448 silly audit   fdir: [ '6.5.0' ],
2448 silly audit   'is-number': [ '7.0.0' ],
2448 silly audit   '@types/json5': [ '0.0.29' ],
2448 silly audit   json5: [ '1.0.2' ],
2448 silly audit   minimist: [ '1.2.8' ],
2448 silly audit   'strip-bom': [ '3.0.0' ],
2448 silly audit   'for-each': [ '0.3.5' ],
2448 silly audit   'reflect.getprototypeof': [ '1.0.10' ],
2448 silly audit   'which-builtin-type': [ '1.2.1' ],
2448 silly audit   'has-bigints': [ '1.1.0' ],
2448 silly audit   'which-boxed-primitive': [ '1.1.1' ],
2448 silly audit   '@unrs/resolver-binding-android-arm-eabi': [ '1.12.2' ],
2448 silly audit   '@unrs/resolver-binding-android-arm64': [ '1.12.2' ],
2448 silly audit   '@unrs/resolver-binding-darwin-arm64': [ '1.12.2' ],
2448 silly audit   '@unrs/resolver-binding-darwin-x64': [ '1.12.2' ],
2448 silly audit   '@unrs/resolver-binding-freebsd-x64': [ '1.12.2' ],
2448 silly audit   '@unrs/resolver-binding-linux-arm-gnueabihf': [ '1.12.2' ],
2448 silly audit   '@unrs/resolver-binding-linux-arm-musleabihf': [ '1.12.2' ],
2448 silly audit   '@unrs/resolver-binding-linux-arm64-gnu': [ '1.12.2' ],
2448 silly audit   '@unrs/resolver-binding-linux-arm64-musl': [ '1.12.2' ],
2448 silly audit   '@unrs/resolver-binding-linux-loong64-gnu': [ '1.12.2' ],
2448 silly audit   '@unrs/resolver-binding-linux-loong64-musl': [ '1.12.2' ],
2448 silly audit   '@unrs/resolver-binding-linux-ppc64-gnu': [ '1.12.2' ],
2448 silly audit   '@unrs/resolver-binding-linux-riscv64-gnu': [ '1.12.2' ],
2448 silly audit   '@unrs/resolver-binding-linux-riscv64-musl': [ '1.12.2' ],
2448 silly audit   '@unrs/resolver-binding-linux-s390x-gnu': [ '1.12.2' ],
2448 silly audit   '@unrs/resolver-binding-linux-x64-gnu': [ '1.12.2' ],
2448 silly audit   '@unrs/resolver-binding-linux-x64-musl': [ '1.12.2' ],
2448 silly audit   '@unrs/resolver-binding-openharmony-arm64': [ '1.12.2' ],
2448 silly audit   '@unrs/resolver-binding-wasm32-wasi': [ '1.12.2' ],
2448 silly audit   '@unrs/resolver-binding-win32-arm64-msvc': [ '1.12.2' ],
2448 silly audit   '@unrs/resolver-binding-win32-ia32-msvc': [ '1.12.2' ],
2448 silly audit   '@unrs/resolver-binding-win32-x64-msvc': [ '1.12.2' ],
2448 silly audit   'napi-postinstall': [ '0.3.4' ],
2448 silly audit   '@emnapi/core': [ '1.10.0' ],
2448 silly audit   '@napi-rs/wasm-runtime': [ '1.1.6' ],
2448 silly audit   '@emnapi/wasi-threads': [ '1.2.1' ],
2448 silly audit   '@tybys/wasm-util': [ '0.10.3' ],
2448 silly audit   escalade: [ '3.2.0' ],
2448 silly audit   punycode: [ '2.3.1' ],
2448 silly audit   isexe: [ '2.0.0' ],
2448 silly audit   'is-bigint': [ '1.1.0' ],
2448 silly audit   'is-boolean-object': [ '1.2.2' ],
2448 silly audit   'is-number-object': [ '1.1.1' ],
2448 silly audit   'is-async-function': [ '2.1.1' ],
2448 silly audit   'is-finalizationregistry': [ '1.1.1' ],
2448 silly audit   'is-generator-function': [ '1.1.2' ],
2448 silly audit   'which-collection': [ '1.0.2' ],
2448 silly audit   'async-function': [ '1.0.0' ],
2448 silly audit   'generator-function': [ '2.0.1' ],
2448 silly audit   'is-map': [ '2.0.3' ],
2448 silly audit   'is-weakmap': [ '2.0.2' ],
2448 silly audit   'is-weakset': [ '2.0.4' ]
2448 silly audit }
2449 http cache is-weakset@https://registry.npmjs.org/is-weakset/-/is-weakset-2.0.4.tgz 0ms (cache hit)
2450 http cache is-weakmap@https://registry.npmjs.org/is-weakmap/-/is-weakmap-2.0.2.tgz 0ms (cache hit)
2451 http cache which-collection@https://registry.npmjs.org/which-collection/-/which-collection-1.0.2.tgz 0ms (cache hit)
2452 http cache is-generator-function@https://registry.npmjs.org/is-generator-function/-/is-generator-function-1.1.2.tgz 0ms (cache hit)
2453 http cache is-async-function@https://registry.npmjs.org/is-async-function/-/is-async-function-2.1.1.tgz 0ms (cache hit)
2454 http cache async-function@https://registry.npmjs.org/async-function/-/async-function-1.0.0.tgz 0ms (cache hit)
2455 http cache is-boolean-object@https://registry.npmjs.org/is-boolean-object/-/is-boolean-object-1.2.2.tgz 0ms (cache hit)
2456 http cache is-number-object@https://registry.npmjs.org/is-number-object/-/is-number-object-1.1.1.tgz 0ms (cache hit)
2457 http cache is-map@https://registry.npmjs.org/is-map/-/is-map-2.0.3.tgz 0ms (cache hit)
2458 http cache generator-function@https://registry.npmjs.org/generator-function/-/generator-function-2.0.1.tgz 0ms (cache hit)
2459 http cache isexe@https://registry.npmjs.org/isexe/-/isexe-2.0.0.tgz 0ms (cache hit)
2460 http cache is-bigint@https://registry.npmjs.org/is-bigint/-/is-bigint-1.1.0.tgz 0ms (cache hit)
2461 http cache escalade@https://registry.npmjs.org/escalade/-/escalade-3.2.0.tgz 0ms (cache hit)
2462 http cache is-finalizationregistry@https://registry.npmjs.org/is-finalizationregistry/-/is-finalizationregistry-1.1.1.tgz 0ms (cache hit)
2463 http cache @unrs/resolver-binding-darwin-arm64@https://registry.npmjs.org/@unrs/resolver-binding-darwin-arm64/-/resolver-binding-darwin-arm64-1.12.2.tgz 0ms (cache hit)
2464 http cache which-boxed-primitive@https://registry.npmjs.org/which-boxed-primitive/-/which-boxed-primitive-1.1.1.tgz 0ms (cache hit)
2465 http cache napi-postinstall@https://registry.npmjs.org/napi-postinstall/-/napi-postinstall-0.3.4.tgz 0ms (cache hit)
2466 http cache punycode@https://registry.npmjs.org/punycode/-/punycode-2.3.1.tgz 0ms (cache hit)
2467 http cache which-builtin-type@https://registry.npmjs.org/which-builtin-type/-/which-builtin-type-1.2.1.tgz 0ms (cache hit)
2468 http cache has-bigints@https://registry.npmjs.org/has-bigints/-/has-bigints-1.1.0.tgz 0ms (cache hit)
2469 http cache strip-bom@https://registry.npmjs.org/strip-bom/-/strip-bom-3.0.0.tgz 0ms (cache hit)
2470 http cache minimist@https://registry.npmjs.org/minimist/-/minimist-1.2.8.tgz 0ms (cache hit)
2471 http cache reflect.getprototypeof@https://registry.npmjs.org/reflect.getprototypeof/-/reflect.getprototypeof-1.0.10.tgz 0ms (cache hit)
2472 http cache json5@https://registry.npmjs.org/json5/-/json5-1.0.2.tgz 0ms (cache hit)
2473 http cache @types/json5@https://registry.npmjs.org/@types/json5/-/json5-0.0.29.tgz 0ms (cache hit)
2474 http cache for-each@https://registry.npmjs.org/for-each/-/for-each-0.3.5.tgz 0ms (cache hit)
2475 http cache is-number@https://registry.npmjs.org/is-number/-/is-number-7.0.0.tgz 0ms (cache hit)
2476 http cache thenify-all@https://registry.npmjs.org/thenify-all/-/thenify-all-1.6.0.tgz 0ms (cache hit)
2477 http cache @jridgewell/resolve-uri@https://registry.npmjs.org/@jridgewell/resolve-uri/-/resolve-uri-3.1.2.tgz 0ms (cache hit)
2478 http cache @jridgewell/trace-mapping@https://registry.npmjs.org/@jridgewell/trace-mapping/-/trace-mapping-0.3.31.tgz 0ms (cache hit)
2479 http cache any-promise@https://registry.npmjs.org/any-promise/-/any-promise-1.3.0.tgz 0ms (cache hit)
2480 http cache @jridgewell/sourcemap-codec@https://registry.npmjs.org/@jridgewell/sourcemap-codec/-/sourcemap-codec-1.5.5.tgz 0ms (cache hit)
2481 http cache ts-interface-checker@https://registry.npmjs.org/ts-interface-checker/-/ts-interface-checker-0.1.13.tgz 0ms (cache hit)
2482 http cache thenify@https://registry.npmjs.org/thenify/-/thenify-3.3.1.tgz 0ms (cache hit)
2483 http cache pirates@https://registry.npmjs.org/pirates/-/pirates-4.0.7.tgz 0ms (cache hit)
2484 http cache mz@https://registry.npmjs.org/mz/-/mz-2.7.0.tgz 0ms (cache hit)
2485 http cache lines-and-columns@https://registry.npmjs.org/lines-and-columns/-/lines-and-columns-1.2.4.tgz 0ms (cache hit)
2486 http cache commander@https://registry.npmjs.org/commander/-/commander-4.1.1.tgz 0ms (cache hit)
2487 http cache @jridgewell/gen-mapping@https://registry.npmjs.org/@jridgewell/gen-mapping/-/gen-mapping-0.3.13.tgz 0ms (cache hit)
2488 http cache pify@https://registry.npmjs.org/pify/-/pify-2.3.0.tgz 0ms (cache hit)
2489 http cache util-deprecate@https://registry.npmjs.org/util-deprecate/-/util-deprecate-1.0.2.tgz 0ms (cache hit)
2490 http cache cssesc@https://registry.npmjs.org/cssesc/-/cssesc-3.0.0.tgz 0ms (cache hit)
2491 http cache camelcase-css@https://registry.npmjs.org/camelcase-css/-/camelcase-css-2.0.1.tgz 0ms (cache hit)
2492 http cache read-cache@https://registry.npmjs.org/read-cache/-/read-cache-1.0.0.tgz 0ms (cache hit)
2493 http cache binary-extensions@https://registry.npmjs.org/binary-extensions/-/binary-extensions-2.3.0.tgz 0ms (cache hit)
2494 http cache is-binary-path@https://registry.npmjs.org/is-binary-path/-/is-binary-path-2.1.0.tgz 0ms (cache hit)
2495 http cache fsevents@https://registry.npmjs.org/fsevents/-/fsevents-2.3.3.tgz 0ms (cache hit)
2496 http cache anymatch@https://registry.npmjs.org/anymatch/-/anymatch-3.1.3.tgz 0ms (cache hit)
2497 http cache readdirp@https://registry.npmjs.org/readdirp/-/readdirp-3.6.0.tgz 0ms (cache hit)
2498 http cache sucrase@https://registry.npmjs.org/sucrase/-/sucrase-3.35.1.tgz 0ms (cache hit)
2499 http cache postcss-selector-parser@https://registry.npmjs.org/postcss-selector-parser/-/postcss-selector-parser-6.1.4.tgz 0ms (cache hit)
2500 http cache postcss-nested@https://registry.npmjs.org/postcss-nested/-/postcss-nested-6.2.0.tgz 0ms (cache hit)
2501 http cache postcss-load-config@https://registry.npmjs.org/postcss-load-config/-/postcss-load-config-6.0.1.tgz 0ms (cache hit)
2502 http cache postcss-js@https://registry.npmjs.org/postcss-js/-/postcss-js-4.1.0.tgz 0ms (cache hit)
2503 http cache object-hash@https://registry.npmjs.org/object-hash/-/object-hash-3.0.0.tgz 0ms (cache hit)
2504 http cache postcss-import@https://registry.npmjs.org/postcss-import/-/postcss-import-15.1.0.tgz 0ms (cache hit)
2505 http cache normalize-path@https://registry.npmjs.org/normalize-path/-/normalize-path-3.0.0.tgz 0ms (cache hit)
2506 http cache jiti@https://registry.npmjs.org/jiti/-/jiti-1.21.7.tgz 0ms (cache hit)
2507 http cache lilconfig@https://registry.npmjs.org/lilconfig/-/lilconfig-3.1.3.tgz 0ms (cache hit)
2508 http cache dlv@https://registry.npmjs.org/dlv/-/dlv-1.1.3.tgz 0ms (cache hit)
2509 http cache didyoumean@https://registry.npmjs.org/didyoumean/-/didyoumean-1.2.2.tgz 0ms (cache hit)
2510 http cache arg@https://registry.npmjs.org/arg/-/arg-5.0.2.tgz 0ms (cache hit)
2511 http cache @alloc/quick-lru@https://registry.npmjs.org/@alloc/quick-lru/-/quick-lru-5.2.0.tgz 0ms (cache hit)
2512 http cache has-flag@https://registry.npmjs.org/has-flag/-/has-flag-4.0.0.tgz 0ms (cache hit)
2513 http cache client-only@https://registry.npmjs.org/client-only/-/client-only-0.0.1.tgz 0ms (cache hit)
2514 http cache chokidar@https://registry.npmjs.org/chokidar/-/chokidar-3.6.0.tgz 0ms (cache hit)
2515 http cache side-channel-list@https://registry.npmjs.org/side-channel-list/-/side-channel-list-1.0.1.tgz 0ms (cache hit)
2516 http cache side-channel-weakmap@https://registry.npmjs.org/side-channel-weakmap/-/side-channel-weakmap-1.0.2.tgz 0ms (cache hit)
2517 http cache shebang-regex@https://registry.npmjs.org/shebang-regex/-/shebang-regex-3.0.0.tgz 0ms (cache hit)
2518 http cache detect-libc@https://registry.npmjs.org/detect-libc/-/detect-libc-2.1.2.tgz 0ms (cache hit)
2519 http cache @img/sharp-libvips-darwin-arm64@https://registry.npmjs.org/@img/sharp-libvips-darwin-arm64/-/sharp-libvips-darwin-arm64-1.2.4.tgz 0ms (cache hit)
2520 http cache side-channel-map@https://registry.npmjs.org/side-channel-map/-/side-channel-map-1.0.1.tgz 0ms (cache hit)
2521 http cache @img/sharp-darwin-arm64@https://registry.npmjs.org/@img/sharp-darwin-arm64/-/sharp-darwin-arm64-0.34.5.tgz 0ms (cache hit)
2522 http cache @emnapi/runtime@https://registry.npmjs.org/@emnapi/runtime/-/runtime-1.11.1.tgz 0ms (cache hit)
2523 http cache @img/colour@https://registry.npmjs.org/@img/colour/-/colour-1.1.0.tgz 0ms (cache hit)
2524 http cache isarray@https://registry.npmjs.org/isarray/-/isarray-2.0.5.tgz 0ms (cache hit)
2525 http cache queue-microtask@https://registry.npmjs.org/queue-microtask/-/queue-microtask-1.2.3.tgz 0ms (cache hit)
2526 http cache once@https://registry.npmjs.org/once/-/once-1.4.0.tgz 0ms (cache hit)
2527 http cache path-is-absolute@https://registry.npmjs.org/path-is-absolute/-/path-is-absolute-1.0.1.tgz 0ms (cache hit)
2528 http cache wrappy@https://registry.npmjs.org/wrappy/-/wrappy-1.0.2.tgz 0ms (cache hit)
2529 http cache fs.realpath@https://registry.npmjs.org/fs.realpath/-/fs.realpath-1.0.0.tgz 0ms (cache hit)
2530 http cache inflight@https://registry.npmjs.org/inflight/-/inflight-1.0.6.tgz 0ms (cache hit)
2531 http cache inherits@https://registry.npmjs.org/inherits/-/inherits-2.0.4.tgz 0ms (cache hit)
2532 http cache glob@https://registry.npmjs.org/glob/-/glob-7.2.3.tgz 0ms (cache hit)
2533 http cache supports-preserve-symlinks-flag@https://registry.npmjs.org/supports-preserve-symlinks-flag/-/supports-preserve-symlinks-flag-1.0.0.tgz 0ms (cache hit)
2534 http cache ansi-regex@https://registry.npmjs.org/ansi-regex/-/ansi-regex-5.0.1.tgz 0ms (cache hit)
2535 http cache js-tokens@https://registry.npmjs.org/js-tokens/-/js-tokens-4.0.0.tgz 0ms (cache hit)
2536 http cache path-parse@https://registry.npmjs.org/path-parse/-/path-parse-1.0.7.tgz 0ms (cache hit)
2537 http cache object-assign@https://registry.npmjs.org/object-assign/-/object-assign-4.1.1.tgz 0ms (cache hit)
2538 http cache scheduler@https://registry.npmjs.org/scheduler/-/scheduler-0.27.0.tgz 0ms (cache hit)
2539 http cache loose-envify@https://registry.npmjs.org/loose-envify/-/loose-envify-1.4.0.tgz 0ms (cache hit)
2540 http cache node-exports-info@https://registry.npmjs.org/node-exports-info/-/node-exports-info-1.6.2.tgz 0ms (cache hit)
2541 http cache nanoid@https://registry.npmjs.org/nanoid/-/nanoid-3.3.15.tgz 0ms (cache hit)
2542 http cache react-is@https://registry.npmjs.org/react-is/-/react-is-16.13.1.tgz 0ms (cache hit)
2543 http cache yocto-queue@https://registry.npmjs.org/yocto-queue/-/yocto-queue-0.1.0.tgz 0ms (cache hit)
2544 http cache p-limit@https://registry.npmjs.org/p-limit/-/p-limit-3.1.0.tgz 0ms (cache hit)
2545 http cache callsites@https://registry.npmjs.org/callsites/-/callsites-3.1.0.tgz 0ms (cache hit)
2546 http cache fast-levenshtein@https://registry.npmjs.org/fast-levenshtein/-/fast-levenshtein-2.0.6.tgz 0ms (cache hit)
2547 http cache word-wrap@https://registry.npmjs.org/word-wrap/-/word-wrap-1.2.5.tgz 0ms (cache hit)
2548 http cache @swc/helpers@https://registry.npmjs.org/@swc/helpers/-/helpers-0.5.15.tgz 0ms (cache hit)
2549 http cache sharp@https://registry.npmjs.org/sharp/-/sharp-0.34.5.tgz 0ms (cache hit)
2550 http cache source-map-js@https://registry.npmjs.org/source-map-js/-/source-map-js-1.2.1.tgz 0ms (cache hit)
2551 http cache styled-jsx@https://registry.npmjs.org/styled-jsx/-/styled-jsx-5.1.6.tgz 0ms (cache hit)
2552 http cache deep-is@https://registry.npmjs.org/deep-is/-/deep-is-0.1.4.tgz 0ms (cache hit)
2553 http cache @next/env@https://registry.npmjs.org/@next/env/-/env-15.5.19.tgz 0ms (cache hit)
2554 http cache @next/swc-darwin-arm64@https://registry.npmjs.org/@next/swc-darwin-arm64/-/swc-darwin-arm64-15.5.19.tgz 0ms (cache hit)
2555 http cache brace-expansion@https://registry.npmjs.org/brace-expansion/-/brace-expansion-1.1.15.tgz 0ms (cache hit)
2556 http cache concat-map@https://registry.npmjs.org/concat-map/-/concat-map-0.0.1.tgz 0ms (cache hit)
2557 http cache fill-range@https://registry.npmjs.org/fill-range/-/fill-range-7.1.1.tgz 0ms (cache hit)
2558 http cache p-locate@https://registry.npmjs.org/p-locate/-/p-locate-5.0.0.tgz 0ms (cache hit)
2559 http cache picomatch@https://registry.npmjs.org/picomatch/-/picomatch-2.3.2.tgz 0ms (cache hit)
2560 http cache braces@https://registry.npmjs.org/braces/-/braces-3.0.3.tgz 0ms (cache hit)
2561 http cache type-check@https://registry.npmjs.org/type-check/-/type-check-0.4.0.tgz 0ms (cache hit)
2562 http cache prelude-ls@https://registry.npmjs.org/prelude-ls/-/prelude-ls-1.2.1.tgz 0ms (cache hit)
2563 http cache language-subtag-registry@https://registry.npmjs.org/language-subtag-registry/-/language-subtag-registry-0.3.23.tgz 0ms (cache hit)
2564 http cache set-function-name@https://registry.npmjs.org/set-function-name/-/set-function-name-2.0.2.tgz 0ms (cache hit)
2565 http cache is-extglob@https://registry.npmjs.org/is-extglob/-/is-extglob-2.1.1.tgz 0ms (cache hit)
2566 http cache balanced-match@https://registry.npmjs.org/balanced-match/-/balanced-match-1.0.2.tgz 0ms (cache hit)
2567 http cache side-channel@https://registry.npmjs.org/side-channel/-/side-channel-1.1.1.tgz 0ms (cache hit)
2568 http cache json-buffer@https://registry.npmjs.org/json-buffer/-/json-buffer-3.0.1.tgz 0ms (cache hit)
2569 http cache argparse@https://registry.npmjs.org/argparse/-/argparse-2.0.1.tgz 0ms (cache hit)
2570 http cache resolve-from@https://registry.npmjs.org/resolve-from/-/resolve-from-4.0.0.tgz 0ms (cache hit)
2571 http cache parent-module@https://registry.npmjs.org/parent-module/-/parent-module-1.0.1.tgz 0ms (cache hit)
2572 http cache resolve-pkg-maps@https://registry.npmjs.org/resolve-pkg-maps/-/resolve-pkg-maps-1.0.0.tgz 0ms (cache hit)
2573 http cache type-fest@https://registry.npmjs.org/type-fest/-/type-fest-0.20.2.tgz 0ms (cache hit)
2574 http cache to-regex-range@https://registry.npmjs.org/to-regex-range/-/to-regex-range-5.0.1.tgz 0ms (cache hit)
2575 http cache rimraf@https://registry.npmjs.org/rimraf/-/rimraf-3.0.2.tgz 0ms (cache hit)
2576 http cache functions-have-names@https://registry.npmjs.org/functions-have-names/-/functions-have-names-1.2.3.tgz 0ms (cache hit)
2577 http cache keyv@https://registry.npmjs.org/keyv/-/keyv-4.5.4.tgz 0ms (cache hit)
2578 http cache is-document.all@https://registry.npmjs.org/is-document.all/-/is-document.all-1.0.0.tgz 0ms (cache hit)
2579 http cache flatted@https://registry.npmjs.org/flatted/-/flatted-3.4.2.tgz 0ms (cache hit)
2580 http cache path-exists@https://registry.npmjs.org/path-exists/-/path-exists-4.0.0.tgz 0ms (cache hit)
2581 http cache locate-path@https://registry.npmjs.org/locate-path/-/locate-path-6.0.0.tgz 0ms (cache hit)
2582 http cache dunder-proto@https://registry.npmjs.org/dunder-proto/-/dunder-proto-1.0.1.tgz 0ms (cache hit)
2583 http cache flat-cache@https://registry.npmjs.org/flat-cache/-/flat-cache-3.2.0.tgz 0ms (cache hit)
2584 http cache reusify@https://registry.npmjs.org/reusify/-/reusify-1.1.0.tgz 0ms (cache hit)
2585 http cache merge2@https://registry.npmjs.org/merge2/-/merge2-1.4.1.tgz 0ms (cache hit)
2586 http cache acorn-jsx@https://registry.npmjs.org/acorn-jsx/-/acorn-jsx-5.3.2.tgz 0ms (cache hit)
2587 http cache micromatch@https://registry.npmjs.org/micromatch/-/micromatch-4.0.8.tgz 0ms (cache hit)
2588 http cache acorn@https://registry.npmjs.org/acorn/-/acorn-8.17.0.tgz 0ms (cache hit)
2589 http cache string.prototype.repeat@https://registry.npmjs.org/string.prototype.repeat/-/string.prototype.repeat-1.0.0.tgz 0ms (cache hit)
2590 http cache iterator.prototype@https://registry.npmjs.org/iterator.prototype/-/iterator.prototype-1.1.5.tgz 0ms (cache hit)
2591 http cache string.prototype.matchall@https://registry.npmjs.org/string.prototype.matchall/-/string.prototype.matchall-4.0.12.tgz 0ms (cache hit)
2592 http cache prop-types@https://registry.npmjs.org/prop-types/-/prop-types-15.8.1.tgz 0ms (cache hit)
2593 http cache object.entries@https://registry.npmjs.org/object.entries/-/object.entries-1.1.9.tgz 0ms (cache hit)
2594 http cache es-iterator-helpers@https://registry.npmjs.org/es-iterator-helpers/-/es-iterator-helpers-1.3.3.tgz 0ms (cache hit)
2595 http cache array.prototype.tosorted@https://registry.npmjs.org/array.prototype.tosorted/-/array.prototype.tosorted-1.1.4.tgz 0ms (cache hit)
2596 http cache estraverse@https://registry.npmjs.org/estraverse/-/estraverse-5.3.0.tgz 0ms (cache hit)
2597 http cache array.prototype.findlast@https://registry.npmjs.org/array.prototype.findlast/-/array.prototype.findlast-1.2.5.tgz 0ms (cache hit)
2598 http cache esrecurse@https://registry.npmjs.org/esrecurse/-/esrecurse-4.3.0.tgz 0ms (cache hit)
2599 http cache language-tags@https://registry.npmjs.org/language-tags/-/language-tags-1.0.9.tgz 0ms (cache hit)
2600 http cache jsx-ast-utils@https://registry.npmjs.org/jsx-ast-utils/-/jsx-ast-utils-3.3.5.tgz 0ms (cache hit)
2601 http cache damerau-levenshtein@https://registry.npmjs.org/damerau-levenshtein/-/damerau-levenshtein-1.0.8.tgz 0ms (cache hit)
2602 http cache emoji-regex@https://registry.npmjs.org/emoji-regex/-/emoji-regex-9.2.2.tgz 0ms (cache hit)
2603 http cache axe-core@https://registry.npmjs.org/axe-core/-/axe-core-4.12.1.tgz 0ms (cache hit)
2604 http cache axobject-query@https://registry.npmjs.org/axobject-query/-/axobject-query-4.1.0.tgz 0ms (cache hit)
2605 http cache is-symbol@https://registry.npmjs.org/is-symbol/-/is-symbol-1.1.1.tgz 0ms (cache hit)
2606 http cache is-date-object@https://registry.npmjs.org/is-date-object/-/is-date-object-1.1.0.tgz 0ms (cache hit)
2607 http cache ast-types-flow@https://registry.npmjs.org/ast-types-flow/-/ast-types-flow-0.0.8.tgz 0ms (cache hit)
2608 http cache es-abstract-get@https://registry.npmjs.org/es-abstract-get/-/es-abstract-get-1.0.0.tgz 0ms (cache hit)
2609 http cache string.prototype.includes@https://registry.npmjs.org/string.prototype.includes/-/string.prototype.includes-2.0.1.tgz 0ms (cache hit)
2610 http cache aria-query@https://registry.npmjs.org/aria-query/-/aria-query-5.3.2.tgz 0ms (cache hit)
2611 http cache has-tostringtag@https://registry.npmjs.org/has-tostringtag/-/has-tostringtag-1.0.2.tgz 0ms (cache hit)
2612 http cache possible-typed-array-names@https://registry.npmjs.org/possible-typed-array-names/-/possible-typed-array-names-1.1.0.tgz 0ms (cache hit)
2613 http cache typed-array-length@https://registry.npmjs.org/typed-array-length/-/typed-array-length-1.0.8.tgz 0ms (cache hit)
2614 http cache unbox-primitive@https://registry.npmjs.org/unbox-primitive/-/unbox-primitive-1.1.0.tgz 0ms (cache hit)
2615 http cache typed-array-byte-offset@https://registry.npmjs.org/typed-array-byte-offset/-/typed-array-byte-offset-1.0.4.tgz 0ms (cache hit)
2616 http cache string.prototype.trimstart@https://registry.npmjs.org/string.prototype.trimstart/-/string.prototype.trimstart-1.0.8.tgz 0ms (cache hit)
2617 http cache typed-array-buffer@https://registry.npmjs.org/typed-array-buffer/-/typed-array-buffer-1.0.3.tgz 0ms (cache hit)
2618 http cache which-typed-array@https://registry.npmjs.org/which-typed-array/-/which-typed-array-1.1.22.tgz 0ms (cache hit)
2619 http cache typed-array-byte-length@https://registry.npmjs.org/typed-array-byte-length/-/typed-array-byte-length-1.0.3.tgz 0ms (cache hit)
2620 http cache stop-iteration-iterator@https://registry.npmjs.org/stop-iteration-iterator/-/stop-iteration-iterator-1.1.0.tgz 0ms (cache hit)
2621 http cache set-proto@https://registry.npmjs.org/set-proto/-/set-proto-1.0.0.tgz 0ms (cache hit)
2622 http cache safe-push-apply@https://registry.npmjs.org/safe-push-apply/-/safe-push-apply-1.0.0.tgz 0ms (cache hit)
2623 http cache safe-array-concat@https://registry.npmjs.org/safe-array-concat/-/safe-array-concat-1.1.4.tgz 0ms (cache hit)
2624 http cache own-keys@https://registry.npmjs.org/own-keys/-/own-keys-1.0.1.tgz 0ms (cache hit)
2625 http cache regexp.prototype.flags@https://registry.npmjs.org/regexp.prototype.flags/-/regexp.prototype.flags-1.5.4.tgz 0ms (cache hit)
2626 http cache object.assign@https://registry.npmjs.org/object.assign/-/object.assign-4.1.7.tgz 0ms (cache hit)
2627 http cache string.prototype.trim@https://registry.npmjs.org/string.prototype.trim/-/string.prototype.trim-1.2.11.tgz 0ms (cache hit)
2628 http cache object-inspect@https://registry.npmjs.org/object-inspect/-/object-inspect-1.13.4.tgz 0ms (cache hit)
2629 http cache safe-regex-test@https://registry.npmjs.org/safe-regex-test/-/safe-regex-test-1.1.0.tgz 0ms (cache hit)
2630 http cache is-weakref@https://registry.npmjs.org/is-weakref/-/is-weakref-1.1.1.tgz 0ms (cache hit)
2631 http cache is-shared-array-buffer@https://registry.npmjs.org/is-shared-array-buffer/-/is-shared-array-buffer-1.0.4.tgz 0ms (cache hit)
2632 http cache is-regex@https://registry.npmjs.org/is-regex/-/is-regex-1.2.1.tgz 0ms (cache hit)
2633 http cache is-negative-zero@https://registry.npmjs.org/is-negative-zero/-/is-negative-zero-2.0.3.tgz 0ms (cache hit)
2634 http cache is-typed-array@https://registry.npmjs.org/is-typed-array/-/is-typed-array-1.1.15.tgz 0ms (cache hit)
2635 http cache is-data-view@https://registry.npmjs.org/is-data-view/-/is-data-view-1.0.2.tgz 0ms (cache hit)
2636 http cache is-callable@https://registry.npmjs.org/is-callable/-/is-callable-1.2.7.tgz 0ms (cache hit)
2637 http cache is-array-buffer@https://registry.npmjs.org/is-array-buffer/-/is-array-buffer-3.0.5.tgz 0ms (cache hit)
2638 http cache internal-slot@https://registry.npmjs.org/internal-slot/-/internal-slot-1.1.0.tgz 0ms (cache hit)
2639 http cache has-symbols@https://registry.npmjs.org/has-symbols/-/has-symbols-1.1.0.tgz 0ms (cache hit)
2640 http cache is-set@https://registry.npmjs.org/is-set/-/is-set-2.0.3.tgz 0ms (cache hit)
2641 http cache has-proto@https://registry.npmjs.org/has-proto/-/has-proto-1.2.0.tgz 0ms (cache hit)
2642 http cache globalthis@https://registry.npmjs.org/globalthis/-/globalthis-1.0.4.tgz 0ms (cache hit)
2643 http cache get-symbol-description@https://registry.npmjs.org/get-symbol-description/-/get-symbol-description-1.1.0.tgz 0ms (cache hit)
2644 http cache es-to-primitive@https://registry.npmjs.org/es-to-primitive/-/es-to-primitive-1.3.1.tgz 0ms (cache hit)
2645 http cache function.prototype.name@https://registry.npmjs.org/function.prototype.name/-/function.prototype.name-1.2.0.tgz 0ms (cache hit)
2646 http cache es-set-tostringtag@https://registry.npmjs.org/es-set-tostringtag/-/es-set-tostringtag-2.1.0.tgz 0ms (cache hit)
2647 http cache data-view-byte-offset@https://registry.npmjs.org/data-view-byte-offset/-/data-view-byte-offset-1.0.1.tgz 0ms (cache hit)
2648 http cache data-view-byte-length@https://registry.npmjs.org/data-view-byte-length/-/data-view-byte-length-1.0.2.tgz 0ms (cache hit)
2649 http cache data-view-buffer@https://registry.npmjs.org/data-view-buffer/-/data-view-buffer-1.0.2.tgz 0ms (cache hit)
2650 http cache available-typed-arrays@https://registry.npmjs.org/available-typed-arrays/-/available-typed-arrays-1.0.7.tgz 0ms (cache hit)
2651 http cache array-buffer-byte-length@https://registry.npmjs.org/array-buffer-byte-length/-/array-buffer-byte-length-1.0.2.tgz 0ms (cache hit)
2652 http cache gopd@https://registry.npmjs.org/gopd/-/gopd-1.2.0.tgz 0ms (cache hit)
2653 http cache arraybuffer.prototype.slice@https://registry.npmjs.org/arraybuffer.prototype.slice/-/arraybuffer.prototype.slice-1.0.4.tgz 0ms (cache hit)
2654 http cache object-keys@https://registry.npmjs.org/object-keys/-/object-keys-1.1.1.tgz 0ms (cache hit)
2655 http cache has-property-descriptors@https://registry.npmjs.org/has-property-descriptors/-/has-property-descriptors-1.0.2.tgz 0ms (cache hit)
2656 http cache define-data-property@https://registry.npmjs.org/define-data-property/-/define-data-property-1.1.4.tgz 0ms (cache hit)
2657 http cache function-bind@https://registry.npmjs.org/function-bind/-/function-bind-1.1.2.tgz 0ms (cache hit)
2658 http cache set-function-length@https://registry.npmjs.org/set-function-length/-/set-function-length-1.2.2.tgz 0ms (cache hit)
2659 http cache es-define-property@https://registry.npmjs.org/es-define-property/-/es-define-property-1.0.1.tgz 0ms (cache hit)
2660 http cache call-bind-apply-helpers@https://registry.npmjs.org/call-bind-apply-helpers/-/call-bind-apply-helpers-1.0.2.tgz 0ms (cache hit)
2661 http cache es-shim-unscopables@https://registry.npmjs.org/es-shim-unscopables/-/es-shim-unscopables-1.1.0.tgz 0ms (cache hit)
2662 http cache math-intrinsics@https://registry.npmjs.org/math-intrinsics/-/math-intrinsics-1.1.0.tgz 0ms (cache hit)
2663 http cache is-string@https://registry.npmjs.org/is-string/-/is-string-1.1.1.tgz 0ms (cache hit)
2664 http cache es-errors@https://registry.npmjs.org/es-errors/-/es-errors-1.3.0.tgz 0ms (cache hit)
2665 http cache get-intrinsic@https://registry.npmjs.org/get-intrinsic/-/get-intrinsic-1.3.0.tgz 0ms (cache hit)
2666 http cache get-proto@https://registry.npmjs.org/get-proto/-/get-proto-1.0.1.tgz 0ms (cache hit)
2667 http cache es-abstract@https://registry.npmjs.org/es-abstract/-/es-abstract-1.24.2.tgz 0ms (cache hit)
2668 http cache define-properties@https://registry.npmjs.org/define-properties/-/define-properties-1.2.1.tgz 0ms (cache hit)
2669 http cache call-bound@https://registry.npmjs.org/call-bound/-/call-bound-1.0.4.tgz 0ms (cache hit)
2670 http cache call-bind@https://registry.npmjs.org/call-bind/-/call-bind-1.0.9.tgz 0ms (cache hit)
2671 http cache tsconfig-paths@https://registry.npmjs.org/tsconfig-paths/-/tsconfig-paths-3.15.0.tgz 0ms (cache hit)
2672 http cache string.prototype.trimend@https://registry.npmjs.org/string.prototype.trimend/-/string.prototype.trimend-1.0.10.tgz 0ms (cache hit)
2673 http cache object.values@https://registry.npmjs.org/object.values/-/object.values-1.2.1.tgz 0ms (cache hit)
2674 http cache object.groupby@https://registry.npmjs.org/object.groupby/-/object.groupby-1.0.3.tgz 0ms (cache hit)
2675 http cache object.fromentries@https://registry.npmjs.org/object.fromentries/-/object.fromentries-2.0.8.tgz 0ms (cache hit)
2676 http cache hasown@https://registry.npmjs.org/hasown/-/hasown-2.0.4.tgz 0ms (cache hit)
2677 http cache eslint-module-utils@https://registry.npmjs.org/eslint-module-utils/-/eslint-module-utils-2.13.0.tgz 0ms (cache hit)
2678 http cache array.prototype.flatmap@https://registry.npmjs.org/array.prototype.flatmap/-/array.prototype.flatmap-1.3.3.tgz 0ms (cache hit)
2679 http cache array.prototype.flat@https://registry.npmjs.org/array.prototype.flat/-/array.prototype.flat-1.3.3.tgz 0ms (cache hit)
2680 http cache array.prototype.findlastindex@https://registry.npmjs.org/array.prototype.findlastindex/-/array.prototype.findlastindex-1.2.6.tgz 0ms (cache hit)
2681 http cache @rtsao/scc@https://registry.npmjs.org/@rtsao/scc/-/scc-1.1.0.tgz 0ms (cache hit)
2682 http cache unrs-resolver@https://registry.npmjs.org/unrs-resolver/-/unrs-resolver-1.12.2.tgz 0ms (cache hit)
2683 http cache stable-hash@https://registry.npmjs.org/stable-hash/-/stable-hash-0.0.5.tgz 0ms (cache hit)
2684 http cache is-bun-module@https://registry.npmjs.org/is-bun-module/-/is-bun-module-2.0.0.tgz 0ms (cache hit)
2685 http cache get-tsconfig@https://registry.npmjs.org/get-tsconfig/-/get-tsconfig-4.14.0.tgz 0ms (cache hit)
2686 http cache es-object-atoms@https://registry.npmjs.org/es-object-atoms/-/es-object-atoms-1.1.2.tgz 0ms (cache hit)
2687 http cache @nolyfill/is-core-module@https://registry.npmjs.org/@nolyfill/is-core-module/-/is-core-module-1.0.39.tgz 0ms (cache hit)
2688 http cache resolve@https://registry.npmjs.org/resolve/-/resolve-2.0.0-next.7.tgz 0ms (cache hit)
2689 http cache array-includes@https://registry.npmjs.org/array-includes/-/array-includes-3.1.9.tgz 0ms (cache hit)
2690 http cache is-core-module@https://registry.npmjs.org/is-core-module/-/is-core-module-2.16.2.tgz 0ms (cache hit)
2691 http cache semver@https://registry.npmjs.org/semver/-/semver-7.8.5.tgz 0ms (cache hit)
2692 http cache tinyglobby@https://registry.npmjs.org/tinyglobby/-/tinyglobby-0.2.17.tgz 0ms (cache hit)
2693 http cache @typescript-eslint/project-service@https://registry.npmjs.org/@typescript-eslint/project-service/-/project-service-8.62.0.tgz 0ms (cache hit)
2694 http cache @typescript-eslint/types@https://registry.npmjs.org/@typescript-eslint/types/-/types-8.62.0.tgz 0ms (cache hit)
2695 http cache @typescript-eslint/typescript-estree@https://registry.npmjs.org/@typescript-eslint/typescript-estree/-/typescript-estree-8.62.0.tgz 0ms (cache hit)
2696 http cache ts-api-utils@https://registry.npmjs.org/ts-api-utils/-/ts-api-utils-2.5.0.tgz 0ms (cache hit)
2697 http cache @typescript-eslint/utils@https://registry.npmjs.org/@typescript-eslint/utils/-/utils-8.62.0.tgz 0ms (cache hit)
2698 http cache @typescript-eslint/type-utils@https://registry.npmjs.org/@typescript-eslint/type-utils/-/type-utils-8.62.0.tgz 0ms (cache hit)
2699 http cache @typescript-eslint/visitor-keys@https://registry.npmjs.org/@typescript-eslint/visitor-keys/-/visitor-keys-8.62.0.tgz 0ms (cache hit)
2700 http cache @typescript-eslint/tsconfig-utils@https://registry.npmjs.org/@typescript-eslint/tsconfig-utils/-/tsconfig-utils-8.62.0.tgz 0ms (cache hit)
2701 http cache @typescript-eslint/scope-manager@https://registry.npmjs.org/@typescript-eslint/scope-manager/-/scope-manager-8.62.0.tgz 0ms (cache hit)
2702 http cache fast-glob@https://registry.npmjs.org/fast-glob/-/fast-glob-3.3.1.tgz 0ms (cache hit)
2703 http cache eslint-plugin-jsx-a11y@https://registry.npmjs.org/eslint-plugin-jsx-a11y/-/eslint-plugin-jsx-a11y-6.10.2.tgz 0ms (cache hit)
2704 http cache eslint-plugin-react@https://registry.npmjs.org/eslint-plugin-react/-/eslint-plugin-react-7.37.5.tgz 0ms (cache hit)
2705 http cache eslint-plugin-import@https://registry.npmjs.org/eslint-plugin-import/-/eslint-plugin-import-2.32.0.tgz 0ms (cache hit)
2706 http cache eslint-import-resolver-typescript@https://registry.npmjs.org/eslint-import-resolver-typescript/-/eslint-import-resolver-typescript-3.10.1.tgz 0ms (cache hit)
2707 http cache eslint-import-resolver-node@https://registry.npmjs.org/eslint-import-resolver-node/-/eslint-import-resolver-node-0.3.10.tgz 0ms (cache hit)
2708 http cache @typescript-eslint/parser@https://registry.npmjs.org/@typescript-eslint/parser/-/parser-8.62.0.tgz 0ms (cache hit)
2709 http cache @typescript-eslint/eslint-plugin@https://registry.npmjs.org/@typescript-eslint/eslint-plugin/-/eslint-plugin-8.62.0.tgz 0ms (cache hit)
2710 http cache eslint-plugin-react-hooks@https://registry.npmjs.org/eslint-plugin-react-hooks/-/eslint-plugin-react-hooks-5.2.0.tgz 0ms (cache hit)
2711 http cache @rushstack/eslint-patch@https://registry.npmjs.org/@rushstack/eslint-patch/-/eslint-patch-1.16.1.tgz 0ms (cache hit)
2712 http cache @next/eslint-plugin-next@https://registry.npmjs.org/@next/eslint-plugin-next/-/eslint-plugin-next-15.5.19.tgz 0ms (cache hit)
2713 http cache ms@https://registry.npmjs.org/ms/-/ms-2.1.3.tgz 0ms (cache hit)
2714 http cache path-key@https://registry.npmjs.org/path-key/-/path-key-3.1.1.tgz 0ms (cache hit)
2715 http cache color-name@https://registry.npmjs.org/color-name/-/color-name-1.1.4.tgz 0ms (cache hit)
2716 http cache shebang-command@https://registry.npmjs.org/shebang-command/-/shebang-command-2.0.0.tgz 0ms (cache hit)
2717 http cache color-convert@https://registry.npmjs.org/color-convert/-/color-convert-2.0.1.tgz 0ms (cache hit)
2718 http cache supports-color@https://registry.npmjs.org/supports-color/-/supports-color-7.2.0.tgz 0ms (cache hit)
2719 http cache uri-js@https://registry.npmjs.org/uri-js/-/uri-js-4.4.1.tgz 0ms (cache hit)
2720 http cache json-schema-traverse@https://registry.npmjs.org/json-schema-traverse/-/json-schema-traverse-0.4.1.tgz 0ms (cache hit)
2721 http cache ansi-styles@https://registry.npmjs.org/ansi-styles/-/ansi-styles-4.3.0.tgz 0ms (cache hit)
2722 http cache fast-json-stable-stringify@https://registry.npmjs.org/fast-json-stable-stringify/-/fast-json-stable-stringify-2.1.0.tgz 0ms (cache hit)
2723 http cache run-parallel@https://registry.npmjs.org/run-parallel/-/run-parallel-1.2.0.tgz 0ms (cache hit)
2724 http cache @nodelib/fs.stat@https://registry.npmjs.org/@nodelib/fs.stat/-/fs.stat-2.0.5.tgz 0ms (cache hit)
2725 http cache fastq@https://registry.npmjs.org/fastq/-/fastq-1.20.1.tgz 0ms (cache hit)
2726 http cache @nodelib/fs.scandir@https://registry.npmjs.org/@nodelib/fs.scandir/-/fs.scandir-2.1.5.tgz 0ms (cache hit)
2727 http cache @humanwhocodes/object-schema@https://registry.npmjs.org/@humanwhocodes/object-schema/-/object-schema-2.0.3.tgz 0ms (cache hit)
2728 http cache strip-json-comments@https://registry.npmjs.org/strip-json-comments/-/strip-json-comments-3.1.1.tgz 0ms (cache hit)
2729 http cache text-table@https://registry.npmjs.org/text-table/-/text-table-0.2.0.tgz 0ms (cache hit)
2730 http cache which@https://registry.npmjs.org/which/-/which-2.0.2.tgz 0ms (cache hit)
2731 http cache strip-ansi@https://registry.npmjs.org/strip-ansi/-/strip-ansi-6.0.1.tgz 0ms (cache hit)
2732 http cache natural-compare@https://registry.npmjs.org/natural-compare/-/natural-compare-1.4.0.tgz 0ms (cache hit)
2733 http cache import-fresh@https://registry.npmjs.org/import-fresh/-/import-fresh-3.3.1.tgz 0ms (cache hit)
2734 http cache minimatch@https://registry.npmjs.org/minimatch/-/minimatch-3.1.5.tgz 0ms (cache hit)
2735 http cache levn@https://registry.npmjs.org/levn/-/levn-0.4.1.tgz 0ms (cache hit)
2736 http cache lodash.merge@https://registry.npmjs.org/lodash.merge/-/lodash.merge-4.6.2.tgz 0ms (cache hit)
2737 http cache json-stable-stringify-without-jsonify@https://registry.npmjs.org/json-stable-stringify-without-jsonify/-/json-stable-stringify-without-jsonify-1.0.1.tgz 0ms (cache hit)
2738 http cache js-yaml@https://registry.npmjs.org/js-yaml/-/js-yaml-4.2.0.tgz 0ms (cache hit)
2739 http cache is-path-inside@https://registry.npmjs.org/is-path-inside/-/is-path-inside-3.0.3.tgz 0ms (cache hit)
2740 http cache imurmurhash@https://registry.npmjs.org/imurmurhash/-/imurmurhash-0.1.4.tgz 0ms (cache hit)
2741 http cache is-glob@https://registry.npmjs.org/is-glob/-/is-glob-4.0.3.tgz 0ms (cache hit)
2742 http cache ignore@https://registry.npmjs.org/ignore/-/ignore-5.3.2.tgz 0ms (cache hit)
2743 http cache graphemer@https://registry.npmjs.org/graphemer/-/graphemer-1.4.0.tgz 0ms (cache hit)
2744 http cache globals@https://registry.npmjs.org/globals/-/globals-13.24.0.tgz 0ms (cache hit)
2745 http cache optionator@https://registry.npmjs.org/optionator/-/optionator-0.9.4.tgz 0ms (cache hit)
2746 http cache glob-parent@https://registry.npmjs.org/glob-parent/-/glob-parent-6.0.2.tgz 0ms (cache hit)
2747 http cache file-entry-cache@https://registry.npmjs.org/file-entry-cache/-/file-entry-cache-6.0.1.tgz 0ms (cache hit)
2748 http cache esutils@https://registry.npmjs.org/esutils/-/esutils-2.0.3.tgz 0ms (cache hit)
2749 http cache esquery@https://registry.npmjs.org/esquery/-/esquery-1.7.0.tgz 0ms (cache hit)
2750 http cache espree@https://registry.npmjs.org/espree/-/espree-9.6.1.tgz 0ms (cache hit)
2751 http cache find-up@https://registry.npmjs.org/find-up/-/find-up-5.0.0.tgz 0ms (cache hit)
2752 http cache eslint-visitor-keys@https://registry.npmjs.org/eslint-visitor-keys/-/eslint-visitor-keys-3.4.3.tgz 0ms (cache hit)
2753 http cache eslint-scope@https://registry.npmjs.org/eslint-scope/-/eslint-scope-7.2.2.tgz 0ms (cache hit)
2754 http cache escape-string-regexp@https://registry.npmjs.org/escape-string-regexp/-/escape-string-regexp-4.0.0.tgz 0ms (cache hit)
2755 http cache doctrine@https://registry.npmjs.org/doctrine/-/doctrine-3.0.0.tgz 0ms (cache hit)
2756 http cache debug@https://registry.npmjs.org/debug/-/debug-4.4.3.tgz 0ms (cache hit)
2757 http cache cross-spawn@https://registry.npmjs.org/cross-spawn/-/cross-spawn-7.0.6.tgz 0ms (cache hit)
2758 http cache chalk@https://registry.npmjs.org/chalk/-/chalk-4.1.2.tgz 0ms (cache hit)
2759 http cache ajv@https://registry.npmjs.org/ajv/-/ajv-6.15.0.tgz 0ms (cache hit)
2760 http cache @ungap/structured-clone@https://registry.npmjs.org/@ungap/structured-clone/-/structured-clone-1.3.2.tgz 0ms (cache hit)
2761 http cache @nodelib/fs.walk@https://registry.npmjs.org/@nodelib/fs.walk/-/fs.walk-1.2.8.tgz 0ms (cache hit)
2762 http cache fast-deep-equal@https://registry.npmjs.org/fast-deep-equal/-/fast-deep-equal-3.1.3.tgz 0ms (cache hit)
2763 http cache @humanwhocodes/module-importer@https://registry.npmjs.org/@humanwhocodes/module-importer/-/module-importer-1.0.1.tgz 0ms (cache hit)
2764 http cache @humanwhocodes/config-array@https://registry.npmjs.org/@humanwhocodes/config-array/-/config-array-0.13.0.tgz 0ms (cache hit)
2765 http cache @eslint/js@https://registry.npmjs.org/@eslint/js/-/js-8.57.1.tgz 0ms (cache hit)
2766 http cache @eslint-community/regexpp@https://registry.npmjs.org/@eslint-community/regexpp/-/regexpp-4.12.2.tgz 0ms (cache hit)
2767 http cache update-browserslist-db@https://registry.npmjs.org/update-browserslist-db/-/update-browserslist-db-1.2.3.tgz 0ms (cache hit)
2768 http cache @eslint-community/eslint-utils@https://registry.npmjs.org/@eslint-community/eslint-utils/-/eslint-utils-4.9.1.tgz 0ms (cache hit)
2769 http cache node-releases@https://registry.npmjs.org/node-releases/-/node-releases-2.0.49.tgz 0ms (cache hit)
2770 http cache electron-to-chromium@https://registry.npmjs.org/electron-to-chromium/-/electron-to-chromium-1.5.378.tgz 0ms (cache hit)
2771 http cache baseline-browser-mapping@https://registry.npmjs.org/baseline-browser-mapping/-/baseline-browser-mapping-2.10.38.tgz 0ms (cache hit)
2772 http cache postcss-value-parser@https://registry.npmjs.org/postcss-value-parser/-/postcss-value-parser-4.2.0.tgz 0ms (cache hit)
2773 http cache @eslint/eslintrc@https://registry.npmjs.org/@eslint/eslintrc/-/eslintrc-2.1.4.tgz 0ms (cache hit)
2774 http cache fraction.js@https://registry.npmjs.org/fraction.js/-/fraction.js-5.3.4.tgz 0ms (cache hit)
2775 http cache caniuse-lite@https://registry.npmjs.org/caniuse-lite/-/caniuse-lite-1.0.30001799.tgz 0ms (cache hit)
2776 http cache browserslist@https://registry.npmjs.org/browserslist/-/browserslist-4.28.4.tgz 0ms (cache hit)
2777 http cache csstype@https://registry.npmjs.org/csstype/-/csstype-3.2.3.tgz 0ms (cache hit)
2778 http cache undici-types@https://registry.npmjs.org/undici-types/-/undici-types-6.21.0.tgz 0ms (cache hit)
2779 http cache iceberg-js@https://registry.npmjs.org/iceberg-js/-/iceberg-js-0.8.1.tgz 0ms (cache hit)
2780 http cache @supabase/phoenix@https://registry.npmjs.org/@supabase/phoenix/-/phoenix-0.4.4.tgz 0ms (cache hit)
2781 http cache tslib@https://registry.npmjs.org/tslib/-/tslib-2.8.1.tgz 0ms (cache hit)
2782 http cache @supabase/storage-js@https://registry.npmjs.org/@supabase/storage-js/-/storage-js-2.108.2.tgz 0ms (cache hit)
2783 http cache @supabase/realtime-js@https://registry.npmjs.org/@supabase/realtime-js/-/realtime-js-2.108.2.tgz 0ms (cache hit)
2784 http cache @supabase/postgrest-js@https://registry.npmjs.org/@supabase/postgrest-js/-/postgrest-js-2.108.2.tgz 0ms (cache hit)
2785 http cache @supabase/functions-js@https://registry.npmjs.org/@supabase/functions-js/-/functions-js-2.108.2.tgz 0ms (cache hit)
2786 http cache @supabase/auth-js@https://registry.npmjs.org/@supabase/auth-js/-/auth-js-2.108.2.tgz 0ms (cache hit)
2787 http cache picocolors@https://registry.npmjs.org/picocolors/-/picocolors-1.1.1.tgz 0ms (cache hit)
2788 http cache tailwindcss@https://registry.npmjs.org/tailwindcss/-/tailwindcss-3.4.19.tgz 0ms (cache hit)
2789 http cache react-dom@https://registry.npmjs.org/react-dom/-/react-dom-19.2.7.tgz 0ms (cache hit)
2790 http cache next@https://registry.npmjs.org/next/-/next-15.5.19.tgz 0ms (cache hit)
2791 http cache react@https://registry.npmjs.org/react/-/react-19.2.7.tgz 0ms (cache hit)
2792 http cache lucide-react@https://registry.npmjs.org/lucide-react/-/lucide-react-0.468.0.tgz 0ms (cache hit)
2793 http cache eslint-config-next@https://registry.npmjs.org/eslint-config-next/-/eslint-config-next-15.5.19.tgz 0ms (cache hit)
2794 http cache eslint@https://registry.npmjs.org/eslint/-/eslint-8.57.1.tgz 0ms (cache hit)
2795 http cache typescript@https://registry.npmjs.org/typescript/-/typescript-5.9.3.tgz 0ms (cache hit)
2796 http cache postcss@https://registry.npmjs.org/postcss/-/postcss-8.5.15.tgz 0ms (cache hit)
2797 http cache @types/react-dom@https://registry.npmjs.org/@types/react-dom/-/react-dom-19.2.3.tgz 0ms (cache hit)
2798 http cache date-fns@https://registry.npmjs.org/date-fns/-/date-fns-4.4.0.tgz 0ms (cache hit)
2799 http cache @types/react@https://registry.npmjs.org/@types/react/-/react-19.2.17.tgz 0ms (cache hit)
2800 http cache autoprefixer@https://registry.npmjs.org/autoprefixer/-/autoprefixer-10.5.1.tgz 0ms (cache hit)
2801 http cache @types/node@https://registry.npmjs.org/@types/node/-/node-22.20.0.tgz 0ms (cache hit)
2802 http cache @supabase/supabase-js@https://registry.npmjs.org/@supabase/supabase-js/-/supabase-js-2.108.2.tgz 0ms (cache hit)
2803 http cache glob-parent@https://registry.npmjs.org/glob-parent/-/glob-parent-5.1.2.tgz 0ms (cache hit)
2804 http cache semver@https://registry.npmjs.org/semver/-/semver-6.3.1.tgz 0ms (cache hit)
2805 http cache clsx@https://registry.npmjs.org/clsx/-/clsx-2.1.1.tgz 0ms (cache hit)
2806 http cache debug@https://registry.npmjs.org/debug/-/debug-3.2.7.tgz 0ms (cache hit)
2807 http cache picomatch@https://registry.npmjs.org/picomatch/-/picomatch-4.0.4.tgz 0ms (cache hit)
2808 http cache balanced-match@https://registry.npmjs.org/balanced-match/-/balanced-match-4.0.4.tgz 0ms (cache hit)
2809 http cache fdir@https://registry.npmjs.org/fdir/-/fdir-6.5.0.tgz 0ms (cache hit)
2810 http cache brace-expansion@https://registry.npmjs.org/brace-expansion/-/brace-expansion-5.0.6.tgz 0ms (cache hit)
2811 http cache minimatch@https://registry.npmjs.org/minimatch/-/minimatch-10.2.5.tgz 0ms (cache hit)
2812 http cache eslint-visitor-keys@https://registry.npmjs.org/eslint-visitor-keys/-/eslint-visitor-keys-5.0.1.tgz 0ms (cache hit)
2813 http cache resolve@https://registry.npmjs.org/resolve/-/resolve-1.22.12.tgz 0ms (cache hit)
2814 http cache glob-parent@https://registry.npmjs.org/glob-parent/-/glob-parent-5.1.2.tgz 0ms (cache hit)
2815 http cache semver@https://registry.npmjs.org/semver/-/semver-6.3.1.tgz 0ms (cache hit)
2816 http cache doctrine@https://registry.npmjs.org/doctrine/-/doctrine-2.1.0.tgz 0ms (cache hit)
2817 http cache doctrine@https://registry.npmjs.org/doctrine/-/doctrine-2.1.0.tgz 0ms (cache hit)
2818 http cache debug@https://registry.npmjs.org/debug/-/debug-3.2.7.tgz 0ms (cache hit)
2819 http cache debug@https://registry.npmjs.org/debug/-/debug-3.2.7.tgz 0ms (cache hit)
2820 http cache ignore@https://registry.npmjs.org/ignore/-/ignore-7.0.5.tgz 0ms (cache hit)
2821 http cache fast-glob@https://registry.npmjs.org/fast-glob/-/fast-glob-3.3.3.tgz 0ms (cache hit)
2822 http cache resolve@https://registry.npmjs.org/resolve/-/resolve-1.22.12.tgz 0ms (cache hit)
2823 http cache glob-parent@https://registry.npmjs.org/glob-parent/-/glob-parent-5.1.2.tgz 0ms (cache hit)
2824 http cache postcss@https://registry.npmjs.org/postcss/-/postcss-8.4.31.tgz 0ms (cache hit)
2825 http cache semver@https://registry.npmjs.org/semver/-/semver-6.3.1.tgz 0ms (cache hit)
2826 silly tarball no local data for is-weakset@https://registry.npmjs.org/is-weakset/-/is-weakset-2.0.4.tgz. Extracting by manifest.
2827 silly tarball no local data for is-weakmap@https://registry.npmjs.org/is-weakmap/-/is-weakmap-2.0.2.tgz. Extracting by manifest.
2828 silly tarball no local data for which-collection@https://registry.npmjs.org/which-collection/-/which-collection-1.0.2.tgz. Extracting by manifest.
2829 silly tarball no local data for is-generator-function@https://registry.npmjs.org/is-generator-function/-/is-generator-function-1.1.2.tgz. Extracting by manifest.
2830 silly tarball no local data for is-async-function@https://registry.npmjs.org/is-async-function/-/is-async-function-2.1.1.tgz. Extracting by manifest.
2831 silly tarball no local data for async-function@https://registry.npmjs.org/async-function/-/async-function-1.0.0.tgz. Extracting by manifest.
2832 silly tarball no local data for is-boolean-object@https://registry.npmjs.org/is-boolean-object/-/is-boolean-object-1.2.2.tgz. Extracting by manifest.
2833 silly tarball no local data for is-number-object@https://registry.npmjs.org/is-number-object/-/is-number-object-1.1.1.tgz. Extracting by manifest.
2834 silly tarball no local data for is-map@https://registry.npmjs.org/is-map/-/is-map-2.0.3.tgz. Extracting by manifest.
2835 silly tarball no local data for generator-function@https://registry.npmjs.org/generator-function/-/generator-function-2.0.1.tgz. Extracting by manifest.
2836 silly tarball no local data for isexe@https://registry.npmjs.org/isexe/-/isexe-2.0.0.tgz. Extracting by manifest.
2837 silly tarball no local data for is-bigint@https://registry.npmjs.org/is-bigint/-/is-bigint-1.1.0.tgz. Extracting by manifest.
2838 silly tarball no local data for escalade@https://registry.npmjs.org/escalade/-/escalade-3.2.0.tgz. Extracting by manifest.
2839 silly tarball no local data for is-finalizationregistry@https://registry.npmjs.org/is-finalizationregistry/-/is-finalizationregistry-1.1.1.tgz. Extracting by manifest.
2840 silly tarball no local data for @unrs/resolver-binding-darwin-arm64@https://registry.npmjs.org/@unrs/resolver-binding-darwin-arm64/-/resolver-binding-darwin-arm64-1.12.2.tgz. Extracting by manifest.
2841 silly tarball no local data for which-boxed-primitive@https://registry.npmjs.org/which-boxed-primitive/-/which-boxed-primitive-1.1.1.tgz. Extracting by manifest.
2842 silly tarball no local data for napi-postinstall@https://registry.npmjs.org/napi-postinstall/-/napi-postinstall-0.3.4.tgz. Extracting by manifest.
2843 silly tarball no local data for punycode@https://registry.npmjs.org/punycode/-/punycode-2.3.1.tgz. Extracting by manifest.
2844 silly tarball no local data for which-builtin-type@https://registry.npmjs.org/which-builtin-type/-/which-builtin-type-1.2.1.tgz. Extracting by manifest.
2845 silly tarball no local data for has-bigints@https://registry.npmjs.org/has-bigints/-/has-bigints-1.1.0.tgz. Extracting by manifest.
2846 silly tarball no local data for strip-bom@https://registry.npmjs.org/strip-bom/-/strip-bom-3.0.0.tgz. Extracting by manifest.
2847 silly tarball no local data for minimist@https://registry.npmjs.org/minimist/-/minimist-1.2.8.tgz. Extracting by manifest.
2848 silly tarball no local data for reflect.getprototypeof@https://registry.npmjs.org/reflect.getprototypeof/-/reflect.getprototypeof-1.0.10.tgz. Extracting by manifest.
2849 silly tarball no local data for json5@https://registry.npmjs.org/json5/-/json5-1.0.2.tgz. Extracting by manifest.
2850 silly tarball no local data for @types/json5@https://registry.npmjs.org/@types/json5/-/json5-0.0.29.tgz. Extracting by manifest.
2851 silly tarball no local data for for-each@https://registry.npmjs.org/for-each/-/for-each-0.3.5.tgz. Extracting by manifest.
2852 silly tarball no local data for is-number@https://registry.npmjs.org/is-number/-/is-number-7.0.0.tgz. Extracting by manifest.
2853 silly tarball no local data for thenify-all@https://registry.npmjs.org/thenify-all/-/thenify-all-1.6.0.tgz. Extracting by manifest.
2854 silly tarball no local data for @jridgewell/resolve-uri@https://registry.npmjs.org/@jridgewell/resolve-uri/-/resolve-uri-3.1.2.tgz. Extracting by manifest.
2855 silly tarball no local data for @jridgewell/trace-mapping@https://registry.npmjs.org/@jridgewell/trace-mapping/-/trace-mapping-0.3.31.tgz. Extracting by manifest.
2856 silly tarball no local data for any-promise@https://registry.npmjs.org/any-promise/-/any-promise-1.3.0.tgz. Extracting by manifest.
2857 silly tarball no local data for @jridgewell/sourcemap-codec@https://registry.npmjs.org/@jridgewell/sourcemap-codec/-/sourcemap-codec-1.5.5.tgz. Extracting by manifest.
2858 silly tarball no local data for ts-interface-checker@https://registry.npmjs.org/ts-interface-checker/-/ts-interface-checker-0.1.13.tgz. Extracting by manifest.
2859 silly tarball no local data for thenify@https://registry.npmjs.org/thenify/-/thenify-3.3.1.tgz. Extracting by manifest.
2860 silly tarball no local data for pirates@https://registry.npmjs.org/pirates/-/pirates-4.0.7.tgz. Extracting by manifest.
2861 silly tarball no local data for mz@https://registry.npmjs.org/mz/-/mz-2.7.0.tgz. Extracting by manifest.
2862 silly tarball no local data for lines-and-columns@https://registry.npmjs.org/lines-and-columns/-/lines-and-columns-1.2.4.tgz. Extracting by manifest.
2863 silly tarball no local data for commander@https://registry.npmjs.org/commander/-/commander-4.1.1.tgz. Extracting by manifest.
2864 silly tarball no local data for @jridgewell/gen-mapping@https://registry.npmjs.org/@jridgewell/gen-mapping/-/gen-mapping-0.3.13.tgz. Extracting by manifest.
2865 silly tarball no local data for pify@https://registry.npmjs.org/pify/-/pify-2.3.0.tgz. Extracting by manifest.
2866 silly tarball no local data for util-deprecate@https://registry.npmjs.org/util-deprecate/-/util-deprecate-1.0.2.tgz. Extracting by manifest.
2867 silly tarball no local data for cssesc@https://registry.npmjs.org/cssesc/-/cssesc-3.0.0.tgz. Extracting by manifest.
2868 silly tarball no local data for camelcase-css@https://registry.npmjs.org/camelcase-css/-/camelcase-css-2.0.1.tgz. Extracting by manifest.
2869 silly tarball no local data for read-cache@https://registry.npmjs.org/read-cache/-/read-cache-1.0.0.tgz. Extracting by manifest.
2870 silly tarball no local data for binary-extensions@https://registry.npmjs.org/binary-extensions/-/binary-extensions-2.3.0.tgz. Extracting by manifest.
2871 silly tarball no local data for is-binary-path@https://registry.npmjs.org/is-binary-path/-/is-binary-path-2.1.0.tgz. Extracting by manifest.
2872 silly tarball no local data for fsevents@https://registry.npmjs.org/fsevents/-/fsevents-2.3.3.tgz. Extracting by manifest.
2873 silly tarball no local data for anymatch@https://registry.npmjs.org/anymatch/-/anymatch-3.1.3.tgz. Extracting by manifest.
2874 silly tarball no local data for readdirp@https://registry.npmjs.org/readdirp/-/readdirp-3.6.0.tgz. Extracting by manifest.
2875 silly tarball no local data for sucrase@https://registry.npmjs.org/sucrase/-/sucrase-3.35.1.tgz. Extracting by manifest.
2876 silly tarball no local data for postcss-selector-parser@https://registry.npmjs.org/postcss-selector-parser/-/postcss-selector-parser-6.1.4.tgz. Extracting by manifest.
2877 silly tarball no local data for postcss-nested@https://registry.npmjs.org/postcss-nested/-/postcss-nested-6.2.0.tgz. Extracting by manifest.
2878 silly tarball no local data for postcss-load-config@https://registry.npmjs.org/postcss-load-config/-/postcss-load-config-6.0.1.tgz. Extracting by manifest.
2879 silly tarball no local data for postcss-js@https://registry.npmjs.org/postcss-js/-/postcss-js-4.1.0.tgz. Extracting by manifest.
2880 silly tarball no local data for object-hash@https://registry.npmjs.org/object-hash/-/object-hash-3.0.0.tgz. Extracting by manifest.
2881 silly tarball no local data for postcss-import@https://registry.npmjs.org/postcss-import/-/postcss-import-15.1.0.tgz. Extracting by manifest.
2882 silly tarball no local data for normalize-path@https://registry.npmjs.org/normalize-path/-/normalize-path-3.0.0.tgz. Extracting by manifest.
2883 silly tarball no local data for jiti@https://registry.npmjs.org/jiti/-/jiti-1.21.7.tgz. Extracting by manifest.
2884 silly tarball no local data for lilconfig@https://registry.npmjs.org/lilconfig/-/lilconfig-3.1.3.tgz. Extracting by manifest.
2885 silly tarball no local data for dlv@https://registry.npmjs.org/dlv/-/dlv-1.1.3.tgz. Extracting by manifest.
2886 silly tarball no local data for didyoumean@https://registry.npmjs.org/didyoumean/-/didyoumean-1.2.2.tgz. Extracting by manifest.
2887 silly tarball no local data for arg@https://registry.npmjs.org/arg/-/arg-5.0.2.tgz. Extracting by manifest.
2888 silly tarball no local data for @alloc/quick-lru@https://registry.npmjs.org/@alloc/quick-lru/-/quick-lru-5.2.0.tgz. Extracting by manifest.
2889 silly tarball no local data for has-flag@https://registry.npmjs.org/has-flag/-/has-flag-4.0.0.tgz. Extracting by manifest.
2890 silly tarball no local data for client-only@https://registry.npmjs.org/client-only/-/client-only-0.0.1.tgz. Extracting by manifest.
2891 silly tarball no local data for chokidar@https://registry.npmjs.org/chokidar/-/chokidar-3.6.0.tgz. Extracting by manifest.
2892 silly tarball no local data for side-channel-list@https://registry.npmjs.org/side-channel-list/-/side-channel-list-1.0.1.tgz. Extracting by manifest.
2893 silly tarball no local data for side-channel-weakmap@https://registry.npmjs.org/side-channel-weakmap/-/side-channel-weakmap-1.0.2.tgz. Extracting by manifest.
2894 silly tarball no local data for shebang-regex@https://registry.npmjs.org/shebang-regex/-/shebang-regex-3.0.0.tgz. Extracting by manifest.
2895 silly tarball no local data for detect-libc@https://registry.npmjs.org/detect-libc/-/detect-libc-2.1.2.tgz. Extracting by manifest.
2896 silly tarball no local data for @img/sharp-libvips-darwin-arm64@https://registry.npmjs.org/@img/sharp-libvips-darwin-arm64/-/sharp-libvips-darwin-arm64-1.2.4.tgz. Extracting by manifest.
2897 silly tarball no local data for side-channel-map@https://registry.npmjs.org/side-channel-map/-/side-channel-map-1.0.1.tgz. Extracting by manifest.
2898 silly tarball no local data for @img/sharp-darwin-arm64@https://registry.npmjs.org/@img/sharp-darwin-arm64/-/sharp-darwin-arm64-0.34.5.tgz. Extracting by manifest.
2899 silly tarball no local data for @emnapi/runtime@https://registry.npmjs.org/@emnapi/runtime/-/runtime-1.11.1.tgz. Extracting by manifest.
2900 silly tarball no local data for @img/colour@https://registry.npmjs.org/@img/colour/-/colour-1.1.0.tgz. Extracting by manifest.
2901 silly tarball no local data for isarray@https://registry.npmjs.org/isarray/-/isarray-2.0.5.tgz. Extracting by manifest.
2902 silly tarball no local data for queue-microtask@https://registry.npmjs.org/queue-microtask/-/queue-microtask-1.2.3.tgz. Extracting by manifest.
2903 silly tarball no local data for once@https://registry.npmjs.org/once/-/once-1.4.0.tgz. Extracting by manifest.
2904 silly tarball no local data for path-is-absolute@https://registry.npmjs.org/path-is-absolute/-/path-is-absolute-1.0.1.tgz. Extracting by manifest.
2905 silly tarball no local data for wrappy@https://registry.npmjs.org/wrappy/-/wrappy-1.0.2.tgz. Extracting by manifest.
2906 silly tarball no local data for fs.realpath@https://registry.npmjs.org/fs.realpath/-/fs.realpath-1.0.0.tgz. Extracting by manifest.
2907 silly tarball no local data for inflight@https://registry.npmjs.org/inflight/-/inflight-1.0.6.tgz. Extracting by manifest.
2908 silly tarball no local data for inherits@https://registry.npmjs.org/inherits/-/inherits-2.0.4.tgz. Extracting by manifest.
2909 silly tarball no local data for glob@https://registry.npmjs.org/glob/-/glob-7.2.3.tgz. Extracting by manifest.
2910 silly tarball no local data for supports-preserve-symlinks-flag@https://registry.npmjs.org/supports-preserve-symlinks-flag/-/supports-preserve-symlinks-flag-1.0.0.tgz. Extracting by manifest.
2911 silly tarball no local data for ansi-regex@https://registry.npmjs.org/ansi-regex/-/ansi-regex-5.0.1.tgz. Extracting by manifest.
2912 silly tarball no local data for js-tokens@https://registry.npmjs.org/js-tokens/-/js-tokens-4.0.0.tgz. Extracting by manifest.
2913 silly tarball no local data for path-parse@https://registry.npmjs.org/path-parse/-/path-parse-1.0.7.tgz. Extracting by manifest.
2914 silly tarball no local data for object-assign@https://registry.npmjs.org/object-assign/-/object-assign-4.1.1.tgz. Extracting by manifest.
2915 silly tarball no local data for scheduler@https://registry.npmjs.org/scheduler/-/scheduler-0.27.0.tgz. Extracting by manifest.
2916 silly tarball no local data for loose-envify@https://registry.npmjs.org/loose-envify/-/loose-envify-1.4.0.tgz. Extracting by manifest.
2917 silly tarball no local data for node-exports-info@https://registry.npmjs.org/node-exports-info/-/node-exports-info-1.6.2.tgz. Extracting by manifest.
2918 silly tarball no local data for nanoid@https://registry.npmjs.org/nanoid/-/nanoid-3.3.15.tgz. Extracting by manifest.
2919 silly tarball no local data for react-is@https://registry.npmjs.org/react-is/-/react-is-16.13.1.tgz. Extracting by manifest.
2920 silly tarball no local data for yocto-queue@https://registry.npmjs.org/yocto-queue/-/yocto-queue-0.1.0.tgz. Extracting by manifest.
2921 silly tarball no local data for p-limit@https://registry.npmjs.org/p-limit/-/p-limit-3.1.0.tgz. Extracting by manifest.
2922 silly tarball no local data for callsites@https://registry.npmjs.org/callsites/-/callsites-3.1.0.tgz. Extracting by manifest.
2923 silly tarball no local data for fast-levenshtein@https://registry.npmjs.org/fast-levenshtein/-/fast-levenshtein-2.0.6.tgz. Extracting by manifest.
2924 silly tarball no local data for word-wrap@https://registry.npmjs.org/word-wrap/-/word-wrap-1.2.5.tgz. Extracting by manifest.
2925 silly tarball no local data for @swc/helpers@https://registry.npmjs.org/@swc/helpers/-/helpers-0.5.15.tgz. Extracting by manifest.
2926 silly tarball no local data for sharp@https://registry.npmjs.org/sharp/-/sharp-0.34.5.tgz. Extracting by manifest.
2927 silly tarball no local data for source-map-js@https://registry.npmjs.org/source-map-js/-/source-map-js-1.2.1.tgz. Extracting by manifest.
2928 silly tarball no local data for styled-jsx@https://registry.npmjs.org/styled-jsx/-/styled-jsx-5.1.6.tgz. Extracting by manifest.
2929 silly tarball no local data for deep-is@https://registry.npmjs.org/deep-is/-/deep-is-0.1.4.tgz. Extracting by manifest.
2930 silly tarball no local data for @next/env@https://registry.npmjs.org/@next/env/-/env-15.5.19.tgz. Extracting by manifest.
2931 silly tarball no local data for @next/swc-darwin-arm64@https://registry.npmjs.org/@next/swc-darwin-arm64/-/swc-darwin-arm64-15.5.19.tgz. Extracting by manifest.
2932 silly tarball no local data for brace-expansion@https://registry.npmjs.org/brace-expansion/-/brace-expansion-1.1.15.tgz. Extracting by manifest.
2933 silly tarball no local data for concat-map@https://registry.npmjs.org/concat-map/-/concat-map-0.0.1.tgz. Extracting by manifest.
2934 silly tarball no local data for fill-range@https://registry.npmjs.org/fill-range/-/fill-range-7.1.1.tgz. Extracting by manifest.
2935 silly tarball no local data for p-locate@https://registry.npmjs.org/p-locate/-/p-locate-5.0.0.tgz. Extracting by manifest.
2936 silly tarball no local data for picomatch@https://registry.npmjs.org/picomatch/-/picomatch-2.3.2.tgz. Extracting by manifest.
2937 silly tarball no local data for braces@https://registry.npmjs.org/braces/-/braces-3.0.3.tgz. Extracting by manifest.
2938 silly tarball no local data for type-check@https://registry.npmjs.org/type-check/-/type-check-0.4.0.tgz. Extracting by manifest.
2939 silly tarball no local data for prelude-ls@https://registry.npmjs.org/prelude-ls/-/prelude-ls-1.2.1.tgz. Extracting by manifest.
2940 silly tarball no local data for language-subtag-registry@https://registry.npmjs.org/language-subtag-registry/-/language-subtag-registry-0.3.23.tgz. Extracting by manifest.
2941 silly tarball no local data for set-function-name@https://registry.npmjs.org/set-function-name/-/set-function-name-2.0.2.tgz. Extracting by manifest.
2942 silly tarball no local data for is-extglob@https://registry.npmjs.org/is-extglob/-/is-extglob-2.1.1.tgz. Extracting by manifest.
2943 silly tarball no local data for balanced-match@https://registry.npmjs.org/balanced-match/-/balanced-match-1.0.2.tgz. Extracting by manifest.
2944 silly tarball no local data for side-channel@https://registry.npmjs.org/side-channel/-/side-channel-1.1.1.tgz. Extracting by manifest.
2945 silly tarball no local data for json-buffer@https://registry.npmjs.org/json-buffer/-/json-buffer-3.0.1.tgz. Extracting by manifest.
2946 silly tarball no local data for argparse@https://registry.npmjs.org/argparse/-/argparse-2.0.1.tgz. Extracting by manifest.
2947 silly tarball no local data for resolve-from@https://registry.npmjs.org/resolve-from/-/resolve-from-4.0.0.tgz. Extracting by manifest.
2948 silly tarball no local data for parent-module@https://registry.npmjs.org/parent-module/-/parent-module-1.0.1.tgz. Extracting by manifest.
2949 silly tarball no local data for resolve-pkg-maps@https://registry.npmjs.org/resolve-pkg-maps/-/resolve-pkg-maps-1.0.0.tgz. Extracting by manifest.
2950 silly tarball no local data for type-fest@https://registry.npmjs.org/type-fest/-/type-fest-0.20.2.tgz. Extracting by manifest.
2951 silly tarball no local data for to-regex-range@https://registry.npmjs.org/to-regex-range/-/to-regex-range-5.0.1.tgz. Extracting by manifest.
2952 silly tarball no local data for rimraf@https://registry.npmjs.org/rimraf/-/rimraf-3.0.2.tgz. Extracting by manifest.
2953 silly tarball no local data for functions-have-names@https://registry.npmjs.org/functions-have-names/-/functions-have-names-1.2.3.tgz. Extracting by manifest.
2954 silly tarball no local data for keyv@https://registry.npmjs.org/keyv/-/keyv-4.5.4.tgz. Extracting by manifest.
2955 silly tarball no local data for is-document.all@https://registry.npmjs.org/is-document.all/-/is-document.all-1.0.0.tgz. Extracting by manifest.
2956 silly tarball no local data for flatted@https://registry.npmjs.org/flatted/-/flatted-3.4.2.tgz. Extracting by manifest.
2957 silly tarball no local data for path-exists@https://registry.npmjs.org/path-exists/-/path-exists-4.0.0.tgz. Extracting by manifest.
2958 silly tarball no local data for locate-path@https://registry.npmjs.org/locate-path/-/locate-path-6.0.0.tgz. Extracting by manifest.
2959 silly tarball no local data for dunder-proto@https://registry.npmjs.org/dunder-proto/-/dunder-proto-1.0.1.tgz. Extracting by manifest.
2960 silly tarball no local data for flat-cache@https://registry.npmjs.org/flat-cache/-/flat-cache-3.2.0.tgz. Extracting by manifest.
2961 silly tarball no local data for reusify@https://registry.npmjs.org/reusify/-/reusify-1.1.0.tgz. Extracting by manifest.
2962 silly tarball no local data for merge2@https://registry.npmjs.org/merge2/-/merge2-1.4.1.tgz. Extracting by manifest.
2963 silly tarball no local data for acorn-jsx@https://registry.npmjs.org/acorn-jsx/-/acorn-jsx-5.3.2.tgz. Extracting by manifest.
2964 silly tarball no local data for micromatch@https://registry.npmjs.org/micromatch/-/micromatch-4.0.8.tgz. Extracting by manifest.
2965 silly tarball no local data for acorn@https://registry.npmjs.org/acorn/-/acorn-8.17.0.tgz. Extracting by manifest.
2966 silly tarball no local data for string.prototype.repeat@https://registry.npmjs.org/string.prototype.repeat/-/string.prototype.repeat-1.0.0.tgz. Extracting by manifest.
2967 silly tarball no local data for iterator.prototype@https://registry.npmjs.org/iterator.prototype/-/iterator.prototype-1.1.5.tgz. Extracting by manifest.
2968 silly tarball no local data for string.prototype.matchall@https://registry.npmjs.org/string.prototype.matchall/-/string.prototype.matchall-4.0.12.tgz. Extracting by manifest.
2969 silly tarball no local data for prop-types@https://registry.npmjs.org/prop-types/-/prop-types-15.8.1.tgz. Extracting by manifest.
2970 silly tarball no local data for object.entries@https://registry.npmjs.org/object.entries/-/object.entries-1.1.9.tgz. Extracting by manifest.
2971 silly tarball no local data for es-iterator-helpers@https://registry.npmjs.org/es-iterator-helpers/-/es-iterator-helpers-1.3.3.tgz. Extracting by manifest.
2972 silly tarball no local data for array.prototype.tosorted@https://registry.npmjs.org/array.prototype.tosorted/-/array.prototype.tosorted-1.1.4.tgz. Extracting by manifest.
2973 silly tarball no local data for estraverse@https://registry.npmjs.org/estraverse/-/estraverse-5.3.0.tgz. Extracting by manifest.
2974 silly tarball no local data for array.prototype.findlast@https://registry.npmjs.org/array.prototype.findlast/-/array.prototype.findlast-1.2.5.tgz. Extracting by manifest.
2975 silly tarball no local data for esrecurse@https://registry.npmjs.org/esrecurse/-/esrecurse-4.3.0.tgz. Extracting by manifest.
2976 silly tarball no local data for language-tags@https://registry.npmjs.org/language-tags/-/language-tags-1.0.9.tgz. Extracting by manifest.
2977 silly tarball no local data for jsx-ast-utils@https://registry.npmjs.org/jsx-ast-utils/-/jsx-ast-utils-3.3.5.tgz. Extracting by manifest.
2978 silly tarball no local data for damerau-levenshtein@https://registry.npmjs.org/damerau-levenshtein/-/damerau-levenshtein-1.0.8.tgz. Extracting by manifest.
2979 silly tarball no local data for emoji-regex@https://registry.npmjs.org/emoji-regex/-/emoji-regex-9.2.2.tgz. Extracting by manifest.
2980 silly tarball no local data for axe-core@https://registry.npmjs.org/axe-core/-/axe-core-4.12.1.tgz. Extracting by manifest.
2981 silly tarball no local data for axobject-query@https://registry.npmjs.org/axobject-query/-/axobject-query-4.1.0.tgz. Extracting by manifest.
2982 silly tarball no local data for is-symbol@https://registry.npmjs.org/is-symbol/-/is-symbol-1.1.1.tgz. Extracting by manifest.
2983 silly tarball no local data for is-date-object@https://registry.npmjs.org/is-date-object/-/is-date-object-1.1.0.tgz. Extracting by manifest.
2984 silly tarball no local data for ast-types-flow@https://registry.npmjs.org/ast-types-flow/-/ast-types-flow-0.0.8.tgz. Extracting by manifest.
2985 silly tarball no local data for es-abstract-get@https://registry.npmjs.org/es-abstract-get/-/es-abstract-get-1.0.0.tgz. Extracting by manifest.
2986 silly tarball no local data for string.prototype.includes@https://registry.npmjs.org/string.prototype.includes/-/string.prototype.includes-2.0.1.tgz. Extracting by manifest.
2987 silly tarball no local data for aria-query@https://registry.npmjs.org/aria-query/-/aria-query-5.3.2.tgz. Extracting by manifest.
2988 silly tarball no local data for has-tostringtag@https://registry.npmjs.org/has-tostringtag/-/has-tostringtag-1.0.2.tgz. Extracting by manifest.
2989 silly tarball no local data for possible-typed-array-names@https://registry.npmjs.org/possible-typed-array-names/-/possible-typed-array-names-1.1.0.tgz. Extracting by manifest.
2990 silly tarball no local data for typed-array-length@https://registry.npmjs.org/typed-array-length/-/typed-array-length-1.0.8.tgz. Extracting by manifest.
2991 silly tarball no local data for unbox-primitive@https://registry.npmjs.org/unbox-primitive/-/unbox-primitive-1.1.0.tgz. Extracting by manifest.
2992 silly tarball no local data for typed-array-byte-offset@https://registry.npmjs.org/typed-array-byte-offset/-/typed-array-byte-offset-1.0.4.tgz. Extracting by manifest.
2993 silly tarball no local data for string.prototype.trimstart@https://registry.npmjs.org/string.prototype.trimstart/-/string.prototype.trimstart-1.0.8.tgz. Extracting by manifest.
2994 silly tarball no local data for typed-array-buffer@https://registry.npmjs.org/typed-array-buffer/-/typed-array-buffer-1.0.3.tgz. Extracting by manifest.
2995 silly tarball no local data for which-typed-array@https://registry.npmjs.org/which-typed-array/-/which-typed-array-1.1.22.tgz. Extracting by manifest.
2996 silly tarball no local data for typed-array-byte-length@https://registry.npmjs.org/typed-array-byte-length/-/typed-array-byte-length-1.0.3.tgz. Extracting by manifest.
2997 silly tarball no local data for stop-iteration-iterator@https://registry.npmjs.org/stop-iteration-iterator/-/stop-iteration-iterator-1.1.0.tgz. Extracting by manifest.
2998 silly tarball no local data for set-proto@https://registry.npmjs.org/set-proto/-/set-proto-1.0.0.tgz. Extracting by manifest.
2999 silly tarball no local data for safe-push-apply@https://registry.npmjs.org/safe-push-apply/-/safe-push-apply-1.0.0.tgz. Extracting by manifest.
3000 silly tarball no local data for safe-array-concat@https://registry.npmjs.org/safe-array-concat/-/safe-array-concat-1.1.4.tgz. Extracting by manifest.
3001 silly tarball no local data for own-keys@https://registry.npmjs.org/own-keys/-/own-keys-1.0.1.tgz. Extracting by manifest.
3002 silly tarball no local data for regexp.prototype.flags@https://registry.npmjs.org/regexp.prototype.flags/-/regexp.prototype.flags-1.5.4.tgz. Extracting by manifest.
3003 silly tarball no local data for object.assign@https://registry.npmjs.org/object.assign/-/object.assign-4.1.7.tgz. Extracting by manifest.
3004 silly tarball no local data for string.prototype.trim@https://registry.npmjs.org/string.prototype.trim/-/string.prototype.trim-1.2.11.tgz. Extracting by manifest.
3005 silly tarball no local data for object-inspect@https://registry.npmjs.org/object-inspect/-/object-inspect-1.13.4.tgz. Extracting by manifest.
3006 silly tarball no local data for safe-regex-test@https://registry.npmjs.org/safe-regex-test/-/safe-regex-test-1.1.0.tgz. Extracting by manifest.
3007 silly tarball no local data for is-weakref@https://registry.npmjs.org/is-weakref/-/is-weakref-1.1.1.tgz. Extracting by manifest.
3008 silly tarball no local data for is-shared-array-buffer@https://registry.npmjs.org/is-shared-array-buffer/-/is-shared-array-buffer-1.0.4.tgz. Extracting by manifest.
3009 silly tarball no local data for is-regex@https://registry.npmjs.org/is-regex/-/is-regex-1.2.1.tgz. Extracting by manifest.
3010 silly tarball no local data for is-negative-zero@https://registry.npmjs.org/is-negative-zero/-/is-negative-zero-2.0.3.tgz. Extracting by manifest.
3011 silly tarball no local data for is-typed-array@https://registry.npmjs.org/is-typed-array/-/is-typed-array-1.1.15.tgz. Extracting by manifest.
3012 silly tarball no local data for is-data-view@https://registry.npmjs.org/is-data-view/-/is-data-view-1.0.2.tgz. Extracting by manifest.
3013 silly tarball no local data for is-callable@https://registry.npmjs.org/is-callable/-/is-callable-1.2.7.tgz. Extracting by manifest.
3014 silly tarball no local data for is-array-buffer@https://registry.npmjs.org/is-array-buffer/-/is-array-buffer-3.0.5.tgz. Extracting by manifest.
3015 silly tarball no local data for internal-slot@https://registry.npmjs.org/internal-slot/-/internal-slot-1.1.0.tgz. Extracting by manifest.
3016 silly tarball no local data for has-symbols@https://registry.npmjs.org/has-symbols/-/has-symbols-1.1.0.tgz. Extracting by manifest.
3017 silly tarball no local data for is-set@https://registry.npmjs.org/is-set/-/is-set-2.0.3.tgz. Extracting by manifest.
3018 silly tarball no local data for has-proto@https://registry.npmjs.org/has-proto/-/has-proto-1.2.0.tgz. Extracting by manifest.
3019 silly tarball no local data for globalthis@https://registry.npmjs.org/globalthis/-/globalthis-1.0.4.tgz. Extracting by manifest.
3020 silly tarball no local data for get-symbol-description@https://registry.npmjs.org/get-symbol-description/-/get-symbol-description-1.1.0.tgz. Extracting by manifest.
3021 silly tarball no local data for es-to-primitive@https://registry.npmjs.org/es-to-primitive/-/es-to-primitive-1.3.1.tgz. Extracting by manifest.
3022 silly tarball no local data for function.prototype.name@https://registry.npmjs.org/function.prototype.name/-/function.prototype.name-1.2.0.tgz. Extracting by manifest.
3023 silly tarball no local data for es-set-tostringtag@https://registry.npmjs.org/es-set-tostringtag/-/es-set-tostringtag-2.1.0.tgz. Extracting by manifest.
3024 silly tarball no local data for data-view-byte-offset@https://registry.npmjs.org/data-view-byte-offset/-/data-view-byte-offset-1.0.1.tgz. Extracting by manifest.
3025 silly tarball no local data for data-view-byte-length@https://registry.npmjs.org/data-view-byte-length/-/data-view-byte-length-1.0.2.tgz. Extracting by manifest.
3026 silly tarball no local data for data-view-buffer@https://registry.npmjs.org/data-view-buffer/-/data-view-buffer-1.0.2.tgz. Extracting by manifest.
3027 silly tarball no local data for available-typed-arrays@https://registry.npmjs.org/available-typed-arrays/-/available-typed-arrays-1.0.7.tgz. Extracting by manifest.
3028 silly tarball no local data for array-buffer-byte-length@https://registry.npmjs.org/array-buffer-byte-length/-/array-buffer-byte-length-1.0.2.tgz. Extracting by manifest.
3029 silly tarball no local data for gopd@https://registry.npmjs.org/gopd/-/gopd-1.2.0.tgz. Extracting by manifest.
3030 silly tarball no local data for arraybuffer.prototype.slice@https://registry.npmjs.org/arraybuffer.prototype.slice/-/arraybuffer.prototype.slice-1.0.4.tgz. Extracting by manifest.
3031 silly tarball no local data for object-keys@https://registry.npmjs.org/object-keys/-/object-keys-1.1.1.tgz. Extracting by manifest.
3032 silly tarball no local data for has-property-descriptors@https://registry.npmjs.org/has-property-descriptors/-/has-property-descriptors-1.0.2.tgz. Extracting by manifest.
3033 silly tarball no local data for define-data-property@https://registry.npmjs.org/define-data-property/-/define-data-property-1.1.4.tgz. Extracting by manifest.
3034 silly tarball no local data for function-bind@https://registry.npmjs.org/function-bind/-/function-bind-1.1.2.tgz. Extracting by manifest.
3035 silly tarball no local data for set-function-length@https://registry.npmjs.org/set-function-length/-/set-function-length-1.2.2.tgz. Extracting by manifest.
3036 silly tarball no local data for es-define-property@https://registry.npmjs.org/es-define-property/-/es-define-property-1.0.1.tgz. Extracting by manifest.
3037 silly tarball no local data for call-bind-apply-helpers@https://registry.npmjs.org/call-bind-apply-helpers/-/call-bind-apply-helpers-1.0.2.tgz. Extracting by manifest.
3038 silly tarball no local data for es-shim-unscopables@https://registry.npmjs.org/es-shim-unscopables/-/es-shim-unscopables-1.1.0.tgz. Extracting by manifest.
3039 silly tarball no local data for math-intrinsics@https://registry.npmjs.org/math-intrinsics/-/math-intrinsics-1.1.0.tgz. Extracting by manifest.
3040 silly tarball no local data for is-string@https://registry.npmjs.org/is-string/-/is-string-1.1.1.tgz. Extracting by manifest.
3041 silly tarball no local data for es-errors@https://registry.npmjs.org/es-errors/-/es-errors-1.3.0.tgz. Extracting by manifest.
3042 silly tarball no local data for get-intrinsic@https://registry.npmjs.org/get-intrinsic/-/get-intrinsic-1.3.0.tgz. Extracting by manifest.
3043 silly tarball no local data for get-proto@https://registry.npmjs.org/get-proto/-/get-proto-1.0.1.tgz. Extracting by manifest.
3044 silly tarball no local data for es-abstract@https://registry.npmjs.org/es-abstract/-/es-abstract-1.24.2.tgz. Extracting by manifest.
3045 silly tarball no local data for define-properties@https://registry.npmjs.org/define-properties/-/define-properties-1.2.1.tgz. Extracting by manifest.
3046 silly tarball no local data for call-bound@https://registry.npmjs.org/call-bound/-/call-bound-1.0.4.tgz. Extracting by manifest.
3047 silly tarball no local data for call-bind@https://registry.npmjs.org/call-bind/-/call-bind-1.0.9.tgz. Extracting by manifest.
3048 silly tarball no local data for tsconfig-paths@https://registry.npmjs.org/tsconfig-paths/-/tsconfig-paths-3.15.0.tgz. Extracting by manifest.
3049 silly tarball no local data for string.prototype.trimend@https://registry.npmjs.org/string.prototype.trimend/-/string.prototype.trimend-1.0.10.tgz. Extracting by manifest.
3050 silly tarball no local data for object.values@https://registry.npmjs.org/object.values/-/object.values-1.2.1.tgz. Extracting by manifest.
3051 silly tarball no local data for object.groupby@https://registry.npmjs.org/object.groupby/-/object.groupby-1.0.3.tgz. Extracting by manifest.
3052 silly tarball no local data for object.fromentries@https://registry.npmjs.org/object.fromentries/-/object.fromentries-2.0.8.tgz. Extracting by manifest.
3053 silly tarball no local data for hasown@https://registry.npmjs.org/hasown/-/hasown-2.0.4.tgz. Extracting by manifest.
3054 silly tarball no local data for eslint-module-utils@https://registry.npmjs.org/eslint-module-utils/-/eslint-module-utils-2.13.0.tgz. Extracting by manifest.
3055 silly tarball no local data for array.prototype.flatmap@https://registry.npmjs.org/array.prototype.flatmap/-/array.prototype.flatmap-1.3.3.tgz. Extracting by manifest.
3056 silly tarball no local data for array.prototype.flat@https://registry.npmjs.org/array.prototype.flat/-/array.prototype.flat-1.3.3.tgz. Extracting by manifest.
3057 silly tarball no local data for array.prototype.findlastindex@https://registry.npmjs.org/array.prototype.findlastindex/-/array.prototype.findlastindex-1.2.6.tgz. Extracting by manifest.
3058 silly tarball no local data for @rtsao/scc@https://registry.npmjs.org/@rtsao/scc/-/scc-1.1.0.tgz. Extracting by manifest.
3059 silly tarball no local data for unrs-resolver@https://registry.npmjs.org/unrs-resolver/-/unrs-resolver-1.12.2.tgz. Extracting by manifest.
3060 silly tarball no local data for stable-hash@https://registry.npmjs.org/stable-hash/-/stable-hash-0.0.5.tgz. Extracting by manifest.
3061 silly tarball no local data for is-bun-module@https://registry.npmjs.org/is-bun-module/-/is-bun-module-2.0.0.tgz. Extracting by manifest.
3062 silly tarball no local data for get-tsconfig@https://registry.npmjs.org/get-tsconfig/-/get-tsconfig-4.14.0.tgz. Extracting by manifest.
3063 silly tarball no local data for es-object-atoms@https://registry.npmjs.org/es-object-atoms/-/es-object-atoms-1.1.2.tgz. Extracting by manifest.
3064 silly tarball no local data for @nolyfill/is-core-module@https://registry.npmjs.org/@nolyfill/is-core-module/-/is-core-module-1.0.39.tgz. Extracting by manifest.
3065 silly tarball no local data for resolve@https://registry.npmjs.org/resolve/-/resolve-2.0.0-next.7.tgz. Extracting by manifest.
3066 silly tarball no local data for array-includes@https://registry.npmjs.org/array-includes/-/array-includes-3.1.9.tgz. Extracting by manifest.
3067 silly tarball no local data for is-core-module@https://registry.npmjs.org/is-core-module/-/is-core-module-2.16.2.tgz. Extracting by manifest.
3068 silly tarball no local data for semver@https://registry.npmjs.org/semver/-/semver-7.8.5.tgz. Extracting by manifest.
3069 silly tarball no local data for tinyglobby@https://registry.npmjs.org/tinyglobby/-/tinyglobby-0.2.17.tgz. Extracting by manifest.
3070 silly tarball no local data for @typescript-eslint/project-service@https://registry.npmjs.org/@typescript-eslint/project-service/-/project-service-8.62.0.tgz. Extracting by manifest.
3071 silly tarball no local data for @typescript-eslint/types@https://registry.npmjs.org/@typescript-eslint/types/-/types-8.62.0.tgz. Extracting by manifest.
3072 silly tarball no local data for @typescript-eslint/typescript-estree@https://registry.npmjs.org/@typescript-eslint/typescript-estree/-/typescript-estree-8.62.0.tgz. Extracting by manifest.
3073 silly tarball no local data for ts-api-utils@https://registry.npmjs.org/ts-api-utils/-/ts-api-utils-2.5.0.tgz. Extracting by manifest.
3074 silly tarball no local data for @typescript-eslint/utils@https://registry.npmjs.org/@typescript-eslint/utils/-/utils-8.62.0.tgz. Extracting by manifest.
3075 silly tarball no local data for @typescript-eslint/type-utils@https://registry.npmjs.org/@typescript-eslint/type-utils/-/type-utils-8.62.0.tgz. Extracting by manifest.
3076 silly tarball no local data for @typescript-eslint/visitor-keys@https://registry.npmjs.org/@typescript-eslint/visitor-keys/-/visitor-keys-8.62.0.tgz. Extracting by manifest.
3077 silly tarball no local data for @typescript-eslint/tsconfig-utils@https://registry.npmjs.org/@typescript-eslint/tsconfig-utils/-/tsconfig-utils-8.62.0.tgz. Extracting by manifest.
3078 silly tarball no local data for @typescript-eslint/scope-manager@https://registry.npmjs.org/@typescript-eslint/scope-manager/-/scope-manager-8.62.0.tgz. Extracting by manifest.
3079 silly tarball no local data for fast-glob@https://registry.npmjs.org/fast-glob/-/fast-glob-3.3.1.tgz. Extracting by manifest.
3080 silly tarball no local data for eslint-plugin-jsx-a11y@https://registry.npmjs.org/eslint-plugin-jsx-a11y/-/eslint-plugin-jsx-a11y-6.10.2.tgz. Extracting by manifest.
3081 silly tarball no local data for eslint-plugin-react@https://registry.npmjs.org/eslint-plugin-react/-/eslint-plugin-react-7.37.5.tgz. Extracting by manifest.
3082 silly tarball no local data for eslint-plugin-import@https://registry.npmjs.org/eslint-plugin-import/-/eslint-plugin-import-2.32.0.tgz. Extracting by manifest.
3083 silly tarball no local data for eslint-import-resolver-typescript@https://registry.npmjs.org/eslint-import-resolver-typescript/-/eslint-import-resolver-typescript-3.10.1.tgz. Extracting by manifest.
3084 silly tarball no local data for eslint-import-resolver-node@https://registry.npmjs.org/eslint-import-resolver-node/-/eslint-import-resolver-node-0.3.10.tgz. Extracting by manifest.
3085 silly tarball no local data for @typescript-eslint/parser@https://registry.npmjs.org/@typescript-eslint/parser/-/parser-8.62.0.tgz. Extracting by manifest.
3086 silly tarball no local data for @typescript-eslint/eslint-plugin@https://registry.npmjs.org/@typescript-eslint/eslint-plugin/-/eslint-plugin-8.62.0.tgz. Extracting by manifest.
3087 silly tarball no local data for eslint-plugin-react-hooks@https://registry.npmjs.org/eslint-plugin-react-hooks/-/eslint-plugin-react-hooks-5.2.0.tgz. Extracting by manifest.
3088 silly tarball no local data for @rushstack/eslint-patch@https://registry.npmjs.org/@rushstack/eslint-patch/-/eslint-patch-1.16.1.tgz. Extracting by manifest.
3089 silly tarball no local data for @next/eslint-plugin-next@https://registry.npmjs.org/@next/eslint-plugin-next/-/eslint-plugin-next-15.5.19.tgz. Extracting by manifest.
3090 silly tarball no local data for ms@https://registry.npmjs.org/ms/-/ms-2.1.3.tgz. Extracting by manifest.
3091 silly tarball no local data for path-key@https://registry.npmjs.org/path-key/-/path-key-3.1.1.tgz. Extracting by manifest.
3092 silly tarball no local data for color-name@https://registry.npmjs.org/color-name/-/color-name-1.1.4.tgz. Extracting by manifest.
3093 silly tarball no local data for shebang-command@https://registry.npmjs.org/shebang-command/-/shebang-command-2.0.0.tgz. Extracting by manifest.
3094 silly tarball no local data for color-convert@https://registry.npmjs.org/color-convert/-/color-convert-2.0.1.tgz. Extracting by manifest.
3095 silly tarball no local data for supports-color@https://registry.npmjs.org/supports-color/-/supports-color-7.2.0.tgz. Extracting by manifest.
3096 silly tarball no local data for uri-js@https://registry.npmjs.org/uri-js/-/uri-js-4.4.1.tgz. Extracting by manifest.
3097 silly tarball no local data for json-schema-traverse@https://registry.npmjs.org/json-schema-traverse/-/json-schema-traverse-0.4.1.tgz. Extracting by manifest.
3098 silly tarball no local data for ansi-styles@https://registry.npmjs.org/ansi-styles/-/ansi-styles-4.3.0.tgz. Extracting by manifest.
3099 silly tarball no local data for fast-json-stable-stringify@https://registry.npmjs.org/fast-json-stable-stringify/-/fast-json-stable-stringify-2.1.0.tgz. Extracting by manifest.
3100 silly tarball no local data for run-parallel@https://registry.npmjs.org/run-parallel/-/run-parallel-1.2.0.tgz. Extracting by manifest.
3101 silly tarball no local data for @nodelib/fs.stat@https://registry.npmjs.org/@nodelib/fs.stat/-/fs.stat-2.0.5.tgz. Extracting by manifest.
3102 silly tarball no local data for fastq@https://registry.npmjs.org/fastq/-/fastq-1.20.1.tgz. Extracting by manifest.
3103 silly tarball no local data for @nodelib/fs.scandir@https://registry.npmjs.org/@nodelib/fs.scandir/-/fs.scandir-2.1.5.tgz. Extracting by manifest.
3104 silly tarball no local data for @humanwhocodes/object-schema@https://registry.npmjs.org/@humanwhocodes/object-schema/-/object-schema-2.0.3.tgz. Extracting by manifest.
3105 silly tarball no local data for strip-json-comments@https://registry.npmjs.org/strip-json-comments/-/strip-json-comments-3.1.1.tgz. Extracting by manifest.
3106 silly tarball no local data for text-table@https://registry.npmjs.org/text-table/-/text-table-0.2.0.tgz. Extracting by manifest.
3107 silly tarball no local data for which@https://registry.npmjs.org/which/-/which-2.0.2.tgz. Extracting by manifest.
3108 silly tarball no local data for strip-ansi@https://registry.npmjs.org/strip-ansi/-/strip-ansi-6.0.1.tgz. Extracting by manifest.
3109 silly tarball no local data for natural-compare@https://registry.npmjs.org/natural-compare/-/natural-compare-1.4.0.tgz. Extracting by manifest.
3110 silly tarball no local data for import-fresh@https://registry.npmjs.org/import-fresh/-/import-fresh-3.3.1.tgz. Extracting by manifest.
3111 silly tarball no local data for minimatch@https://registry.npmjs.org/minimatch/-/minimatch-3.1.5.tgz. Extracting by manifest.
3112 silly tarball no local data for levn@https://registry.npmjs.org/levn/-/levn-0.4.1.tgz. Extracting by manifest.
3113 silly tarball no local data for lodash.merge@https://registry.npmjs.org/lodash.merge/-/lodash.merge-4.6.2.tgz. Extracting by manifest.
3114 silly tarball no local data for json-stable-stringify-without-jsonify@https://registry.npmjs.org/json-stable-stringify-without-jsonify/-/json-stable-stringify-without-jsonify-1.0.1.tgz. Extracting by manifest.
3115 silly tarball no local data for js-yaml@https://registry.npmjs.org/js-yaml/-/js-yaml-4.2.0.tgz. Extracting by manifest.
3116 silly tarball no local data for is-path-inside@https://registry.npmjs.org/is-path-inside/-/is-path-inside-3.0.3.tgz. Extracting by manifest.
3117 silly tarball no local data for imurmurhash@https://registry.npmjs.org/imurmurhash/-/imurmurhash-0.1.4.tgz. Extracting by manifest.
3118 silly tarball no local data for is-glob@https://registry.npmjs.org/is-glob/-/is-glob-4.0.3.tgz. Extracting by manifest.
3119 silly tarball no local data for ignore@https://registry.npmjs.org/ignore/-/ignore-5.3.2.tgz. Extracting by manifest.
3120 silly tarball no local data for graphemer@https://registry.npmjs.org/graphemer/-/graphemer-1.4.0.tgz. Extracting by manifest.
3121 silly tarball no local data for globals@https://registry.npmjs.org/globals/-/globals-13.24.0.tgz. Extracting by manifest.
3122 silly tarball no local data for optionator@https://registry.npmjs.org/optionator/-/optionator-0.9.4.tgz. Extracting by manifest.
3123 silly tarball no local data for glob-parent@https://registry.npmjs.org/glob-parent/-/glob-parent-6.0.2.tgz. Extracting by manifest.
3124 silly tarball no local data for file-entry-cache@https://registry.npmjs.org/file-entry-cache/-/file-entry-cache-6.0.1.tgz. Extracting by manifest.
3125 silly tarball no local data for esutils@https://registry.npmjs.org/esutils/-/esutils-2.0.3.tgz. Extracting by manifest.
3126 silly tarball no local data for esquery@https://registry.npmjs.org/esquery/-/esquery-1.7.0.tgz. Extracting by manifest.
3127 silly tarball no local data for espree@https://registry.npmjs.org/espree/-/espree-9.6.1.tgz. Extracting by manifest.
3128 silly tarball no local data for find-up@https://registry.npmjs.org/find-up/-/find-up-5.0.0.tgz. Extracting by manifest.
3129 silly tarball no local data for eslint-visitor-keys@https://registry.npmjs.org/eslint-visitor-keys/-/eslint-visitor-keys-3.4.3.tgz. Extracting by manifest.
3130 silly tarball no local data for eslint-scope@https://registry.npmjs.org/eslint-scope/-/eslint-scope-7.2.2.tgz. Extracting by manifest.
3131 silly tarball no local data for escape-string-regexp@https://registry.npmjs.org/escape-string-regexp/-/escape-string-regexp-4.0.0.tgz. Extracting by manifest.
3132 silly tarball no local data for doctrine@https://registry.npmjs.org/doctrine/-/doctrine-3.0.0.tgz. Extracting by manifest.
3133 silly tarball no local data for debug@https://registry.npmjs.org/debug/-/debug-4.4.3.tgz. Extracting by manifest.
3134 silly tarball no local data for cross-spawn@https://registry.npmjs.org/cross-spawn/-/cross-spawn-7.0.6.tgz. Extracting by manifest.
3135 silly tarball no local data for chalk@https://registry.npmjs.org/chalk/-/chalk-4.1.2.tgz. Extracting by manifest.
3136 silly tarball no local data for ajv@https://registry.npmjs.org/ajv/-/ajv-6.15.0.tgz. Extracting by manifest.
3137 silly tarball no local data for @ungap/structured-clone@https://registry.npmjs.org/@ungap/structured-clone/-/structured-clone-1.3.2.tgz. Extracting by manifest.
3138 silly tarball no local data for @nodelib/fs.walk@https://registry.npmjs.org/@nodelib/fs.walk/-/fs.walk-1.2.8.tgz. Extracting by manifest.
3139 silly tarball no local data for fast-deep-equal@https://registry.npmjs.org/fast-deep-equal/-/fast-deep-equal-3.1.3.tgz. Extracting by manifest.
3140 silly tarball no local data for @humanwhocodes/module-importer@https://registry.npmjs.org/@humanwhocodes/module-importer/-/module-importer-1.0.1.tgz. Extracting by manifest.
3141 silly tarball no local data for @humanwhocodes/config-array@https://registry.npmjs.org/@humanwhocodes/config-array/-/config-array-0.13.0.tgz. Extracting by manifest.
3142 silly tarball no local data for @eslint/js@https://registry.npmjs.org/@eslint/js/-/js-8.57.1.tgz. Extracting by manifest.
3143 silly tarball no local data for @eslint-community/regexpp@https://registry.npmjs.org/@eslint-community/regexpp/-/regexpp-4.12.2.tgz. Extracting by manifest.
3144 silly tarball no local data for update-browserslist-db@https://registry.npmjs.org/update-browserslist-db/-/update-browserslist-db-1.2.3.tgz. Extracting by manifest.
3145 silly tarball no local data for @eslint-community/eslint-utils@https://registry.npmjs.org/@eslint-community/eslint-utils/-/eslint-utils-4.9.1.tgz. Extracting by manifest.
3146 silly tarball no local data for node-releases@https://registry.npmjs.org/node-releases/-/node-releases-2.0.49.tgz. Extracting by manifest.
3147 silly tarball no local data for electron-to-chromium@https://registry.npmjs.org/electron-to-chromium/-/electron-to-chromium-1.5.378.tgz. Extracting by manifest.
3148 silly tarball no local data for baseline-browser-mapping@https://registry.npmjs.org/baseline-browser-mapping/-/baseline-browser-mapping-2.10.38.tgz. Extracting by manifest.
3149 silly tarball no local data for postcss-value-parser@https://registry.npmjs.org/postcss-value-parser/-/postcss-value-parser-4.2.0.tgz. Extracting by manifest.
3150 silly tarball no local data for @eslint/eslintrc@https://registry.npmjs.org/@eslint/eslintrc/-/eslintrc-2.1.4.tgz. Extracting by manifest.
3151 silly tarball no local data for fraction.js@https://registry.npmjs.org/fraction.js/-/fraction.js-5.3.4.tgz. Extracting by manifest.
3152 silly tarball no local data for caniuse-lite@https://registry.npmjs.org/caniuse-lite/-/caniuse-lite-1.0.30001799.tgz. Extracting by manifest.
3153 silly tarball no local data for browserslist@https://registry.npmjs.org/browserslist/-/browserslist-4.28.4.tgz. Extracting by manifest.
3154 silly tarball no local data for csstype@https://registry.npmjs.org/csstype/-/csstype-3.2.3.tgz. Extracting by manifest.
3155 silly tarball no local data for undici-types@https://registry.npmjs.org/undici-types/-/undici-types-6.21.0.tgz. Extracting by manifest.
3156 silly tarball no local data for iceberg-js@https://registry.npmjs.org/iceberg-js/-/iceberg-js-0.8.1.tgz. Extracting by manifest.
3157 silly tarball no local data for @supabase/phoenix@https://registry.npmjs.org/@supabase/phoenix/-/phoenix-0.4.4.tgz. Extracting by manifest.
3158 silly tarball no local data for tslib@https://registry.npmjs.org/tslib/-/tslib-2.8.1.tgz. Extracting by manifest.
3159 silly tarball no local data for @supabase/storage-js@https://registry.npmjs.org/@supabase/storage-js/-/storage-js-2.108.2.tgz. Extracting by manifest.
3160 silly tarball no local data for @supabase/realtime-js@https://registry.npmjs.org/@supabase/realtime-js/-/realtime-js-2.108.2.tgz. Extracting by manifest.
3161 silly tarball no local data for @supabase/postgrest-js@https://registry.npmjs.org/@supabase/postgrest-js/-/postgrest-js-2.108.2.tgz. Extracting by manifest.
3162 silly tarball no local data for @supabase/functions-js@https://registry.npmjs.org/@supabase/functions-js/-/functions-js-2.108.2.tgz. Extracting by manifest.
3163 silly tarball no local data for @supabase/auth-js@https://registry.npmjs.org/@supabase/auth-js/-/auth-js-2.108.2.tgz. Extracting by manifest.
3164 silly tarball no local data for picocolors@https://registry.npmjs.org/picocolors/-/picocolors-1.1.1.tgz. Extracting by manifest.
3165 silly tarball no local data for tailwindcss@https://registry.npmjs.org/tailwindcss/-/tailwindcss-3.4.19.tgz. Extracting by manifest.
3166 silly tarball no local data for react-dom@https://registry.npmjs.org/react-dom/-/react-dom-19.2.7.tgz. Extracting by manifest.
3167 silly tarball no local data for next@https://registry.npmjs.org/next/-/next-15.5.19.tgz. Extracting by manifest.
3168 silly tarball no local data for react@https://registry.npmjs.org/react/-/react-19.2.7.tgz. Extracting by manifest.
3169 silly tarball no local data for lucide-react@https://registry.npmjs.org/lucide-react/-/lucide-react-0.468.0.tgz. Extracting by manifest.
3170 silly tarball no local data for eslint-config-next@https://registry.npmjs.org/eslint-config-next/-/eslint-config-next-15.5.19.tgz. Extracting by manifest.
3171 silly tarball no local data for eslint@https://registry.npmjs.org/eslint/-/eslint-8.57.1.tgz. Extracting by manifest.
3172 silly tarball no local data for typescript@https://registry.npmjs.org/typescript/-/typescript-5.9.3.tgz. Extracting by manifest.
3173 silly tarball no local data for postcss@https://registry.npmjs.org/postcss/-/postcss-8.5.15.tgz. Extracting by manifest.
3174 silly tarball no local data for @types/react-dom@https://registry.npmjs.org/@types/react-dom/-/react-dom-19.2.3.tgz. Extracting by manifest.
3175 silly tarball no local data for date-fns@https://registry.npmjs.org/date-fns/-/date-fns-4.4.0.tgz. Extracting by manifest.
3176 silly tarball no local data for @types/react@https://registry.npmjs.org/@types/react/-/react-19.2.17.tgz. Extracting by manifest.
3177 silly tarball no local data for autoprefixer@https://registry.npmjs.org/autoprefixer/-/autoprefixer-10.5.1.tgz. Extracting by manifest.
3178 silly tarball no local data for @types/node@https://registry.npmjs.org/@types/node/-/node-22.20.0.tgz. Extracting by manifest.
3179 silly tarball no local data for @supabase/supabase-js@https://registry.npmjs.org/@supabase/supabase-js/-/supabase-js-2.108.2.tgz. Extracting by manifest.
3180 silly tarball no local data for glob-parent@https://registry.npmjs.org/glob-parent/-/glob-parent-5.1.2.tgz. Extracting by manifest.
3181 silly tarball no local data for semver@https://registry.npmjs.org/semver/-/semver-6.3.1.tgz. Extracting by manifest.
3182 silly tarball no local data for clsx@https://registry.npmjs.org/clsx/-/clsx-2.1.1.tgz. Extracting by manifest.
3183 silly tarball no local data for debug@https://registry.npmjs.org/debug/-/debug-3.2.7.tgz. Extracting by manifest.
3184 silly tarball no local data for picomatch@https://registry.npmjs.org/picomatch/-/picomatch-4.0.4.tgz. Extracting by manifest.
3185 silly tarball no local data for balanced-match@https://registry.npmjs.org/balanced-match/-/balanced-match-4.0.4.tgz. Extracting by manifest.
3186 silly tarball no local data for fdir@https://registry.npmjs.org/fdir/-/fdir-6.5.0.tgz. Extracting by manifest.
3187 silly tarball no local data for brace-expansion@https://registry.npmjs.org/brace-expansion/-/brace-expansion-5.0.6.tgz. Extracting by manifest.
3188 silly tarball no local data for minimatch@https://registry.npmjs.org/minimatch/-/minimatch-10.2.5.tgz. Extracting by manifest.
3189 silly tarball no local data for eslint-visitor-keys@https://registry.npmjs.org/eslint-visitor-keys/-/eslint-visitor-keys-5.0.1.tgz. Extracting by manifest.
3190 silly tarball no local data for resolve@https://registry.npmjs.org/resolve/-/resolve-1.22.12.tgz. Extracting by manifest.
3191 silly tarball no local data for glob-parent@https://registry.npmjs.org/glob-parent/-/glob-parent-5.1.2.tgz. Extracting by manifest.
3192 silly tarball no local data for semver@https://registry.npmjs.org/semver/-/semver-6.3.1.tgz. Extracting by manifest.
3193 silly tarball no local data for doctrine@https://registry.npmjs.org/doctrine/-/doctrine-2.1.0.tgz. Extracting by manifest.
3194 silly tarball no local data for doctrine@https://registry.npmjs.org/doctrine/-/doctrine-2.1.0.tgz. Extracting by manifest.
3195 silly tarball no local data for debug@https://registry.npmjs.org/debug/-/debug-3.2.7.tgz. Extracting by manifest.
3196 silly tarball no local data for debug@https://registry.npmjs.org/debug/-/debug-3.2.7.tgz. Extracting by manifest.
3197 silly tarball no local data for ignore@https://registry.npmjs.org/ignore/-/ignore-7.0.5.tgz. Extracting by manifest.
3198 silly tarball no local data for fast-glob@https://registry.npmjs.org/fast-glob/-/fast-glob-3.3.3.tgz. Extracting by manifest.
3199 silly tarball no local data for resolve@https://registry.npmjs.org/resolve/-/resolve-1.22.12.tgz. Extracting by manifest.
3200 silly tarball no local data for glob-parent@https://registry.npmjs.org/glob-parent/-/glob-parent-5.1.2.tgz. Extracting by manifest.
3201 silly tarball no local data for postcss@https://registry.npmjs.org/postcss/-/postcss-8.4.31.tgz. Extracting by manifest.
3202 silly tarball no local data for semver@https://registry.npmjs.org/semver/-/semver-6.3.1.tgz. Extracting by manifest.
3203 http fetch GET 200 https://registry.npmjs.org/is-weakset/-/is-weakset-2.0.4.tgz 243ms (cache miss)
3204 http fetch GET 200 https://registry.npmjs.org/is-weakmap/-/is-weakmap-2.0.2.tgz 246ms (cache miss)
3205 http fetch GET 200 https://registry.npmjs.org/async-function/-/async-function-1.0.0.tgz 253ms (cache miss)
3206 http fetch POST 200 https://registry.npmjs.org/-/npm/v1/security/advisories/bulk 306ms
3207 silly audit report {
3207 silly audit report   postcss: [
3207 silly audit report     {
3207 silly audit report       id: 1117015,
3207 silly audit report       url: 'https://github.com/advisories/GHSA-qx2v-qp2m-jg93',
3207 silly audit report       title: 'PostCSS has XSS via Unescaped </style> in its CSS Stringify Output',
3207 silly audit report       severity: 'moderate',
3207 silly audit report       vulnerable_versions: '<8.5.10',
3207 silly audit report       cwe: [Array],
3207 silly audit report       cvss: [Object]
3207 silly audit report     }
3207 silly audit report   ]
3207 silly audit report }
3208 silly packumentCache corgi:https://registry.npmjs.org/postcss cache-miss
3209 http fetch GET 200 https://registry.npmjs.org/which-collection/-/which-collection-1.0.2.tgz 261ms (cache miss)
3210 http fetch GET 200 https://registry.npmjs.org/is-async-function/-/is-async-function-2.1.1.tgz 260ms (cache miss)
3211 http fetch GET 200 https://registry.npmjs.org/is-generator-function/-/is-generator-function-1.1.2.tgz 265ms (cache miss)
3212 http fetch GET 200 https://registry.npmjs.org/which-boxed-primitive/-/which-boxed-primitive-1.1.1.tgz 339ms (cache miss)
3213 http fetch GET 200 https://registry.npmjs.org/punycode/-/punycode-2.3.1.tgz 372ms (cache miss)
3214 http fetch GET 200 https://registry.npmjs.org/napi-postinstall/-/napi-postinstall-0.3.4.tgz 372ms (cache miss)
3215 http fetch GET 200 https://registry.npmjs.org/which-builtin-type/-/which-builtin-type-1.2.1.tgz 377ms (cache miss)
3216 http fetch GET 200 https://registry.npmjs.org/has-bigints/-/has-bigints-1.1.0.tgz 378ms (cache miss)
3217 http fetch GET 200 https://registry.npmjs.org/strip-bom/-/strip-bom-3.0.0.tgz 381ms (cache miss)
3218 http fetch GET 200 https://registry.npmjs.org/minimist/-/minimist-1.2.8.tgz 456ms (cache miss)
3219 http fetch GET 200 https://registry.npmjs.org/json5/-/json5-1.0.2.tgz 485ms (cache miss)
3220 http fetch GET 200 https://registry.npmjs.org/is-number/-/is-number-7.0.0.tgz 491ms (cache miss)
3221 http fetch GET 200 https://registry.npmjs.org/for-each/-/for-each-0.3.5.tgz 492ms (cache miss)
3222 http fetch GET 200 https://registry.npmjs.org/reflect.getprototypeof/-/reflect.getprototypeof-1.0.10.tgz 492ms (cache miss)
3223 http fetch GET 200 https://registry.npmjs.org/@types/json5/-/json5-0.0.29.tgz 512ms (cache miss)
3224 http fetch GET 200 https://registry.npmjs.org/isexe/-/isexe-2.0.0.tgz 525ms (cache miss)
3225 http fetch GET 200 https://registry.npmjs.org/escalade/-/escalade-3.2.0.tgz 525ms (cache miss)
3226 http fetch GET 200 https://registry.npmjs.org/is-boolean-object/-/is-boolean-object-1.2.2.tgz 526ms (cache miss)
3227 http fetch GET 200 https://registry.npmjs.org/is-bigint/-/is-bigint-1.1.0.tgz 534ms (cache miss)
3228 http fetch GET 200 https://registry.npmjs.org/generator-function/-/generator-function-2.0.1.tgz 545ms (cache miss)
3229 http fetch GET 200 https://registry.npmjs.org/is-map/-/is-map-2.0.3.tgz 677ms (cache miss)
3230 http fetch GET 200 https://registry.npmjs.org/is-number-object/-/is-number-object-1.1.1.tgz 678ms (cache miss)
3231 http fetch GET 200 https://registry.npmjs.org/any-promise/-/any-promise-1.3.0.tgz 674ms (cache miss)
3232 http fetch GET 200 https://registry.npmjs.org/thenify-all/-/thenify-all-1.6.0.tgz 674ms (cache miss)
3233 http fetch GET 200 https://registry.npmjs.org/ts-interface-checker/-/ts-interface-checker-0.1.13.tgz 674ms (cache miss)
3234 http fetch GET 200 https://registry.npmjs.org/thenify/-/thenify-3.3.1.tgz 674ms (cache miss)
3235 http fetch GET 200 https://registry.npmjs.org/@jridgewell/resolve-uri/-/resolve-uri-3.1.2.tgz 675ms (cache miss)
3236 http fetch GET 200 https://registry.npmjs.org/mz/-/mz-2.7.0.tgz 674ms (cache miss)
3237 http fetch GET 200 https://registry.npmjs.org/pirates/-/pirates-4.0.7.tgz 675ms (cache miss)
3238 http fetch GET 200 https://registry.npmjs.org/lines-and-columns/-/lines-and-columns-1.2.4.tgz 675ms (cache miss)
3239 http fetch GET 200 https://registry.npmjs.org/is-finalizationregistry/-/is-finalizationregistry-1.1.1.tgz 681ms (cache miss)
3240 http fetch GET 200 https://registry.npmjs.org/@unrs/resolver-binding-darwin-arm64/-/resolver-binding-darwin-arm64-1.12.2.tgz 682ms (cache miss)
3241 http fetch GET 200 https://registry.npmjs.org/@jridgewell/sourcemap-codec/-/sourcemap-codec-1.5.5.tgz 682ms (cache miss)
3242 http fetch GET 200 https://registry.npmjs.org/@jridgewell/trace-mapping/-/trace-mapping-0.3.31.tgz 685ms (cache miss)
3243 http fetch GET 200 https://registry.npmjs.org/commander/-/commander-4.1.1.tgz 762ms (cache miss)
3244 http fetch GET 200 https://registry.npmjs.org/anymatch/-/anymatch-3.1.3.tgz 780ms (cache miss)
3245 http fetch GET 200 https://registry.npmjs.org/is-binary-path/-/is-binary-path-2.1.0.tgz 781ms (cache miss)
3246 http fetch GET 200 https://registry.npmjs.org/readdirp/-/readdirp-3.6.0.tgz 794ms (cache miss)
3247 http fetch GET 200 https://registry.npmjs.org/read-cache/-/read-cache-1.0.0.tgz 795ms (cache miss)
3248 http fetch GET 200 https://registry.npmjs.org/fsevents/-/fsevents-2.3.3.tgz 794ms (cache miss)
3249 http fetch GET 200 https://registry.npmjs.org/util-deprecate/-/util-deprecate-1.0.2.tgz 796ms (cache miss)
3250 http fetch GET 200 https://registry.npmjs.org/pify/-/pify-2.3.0.tgz 796ms (cache miss)
3251 http fetch GET 200 https://registry.npmjs.org/camelcase-css/-/camelcase-css-2.0.1.tgz 796ms (cache miss)
3252 http fetch GET 200 https://registry.npmjs.org/cssesc/-/cssesc-3.0.0.tgz 817ms (cache miss)
3253 http fetch GET 200 https://registry.npmjs.org/binary-extensions/-/binary-extensions-2.3.0.tgz 819ms (cache miss)
3254 http fetch GET 200 https://registry.npmjs.org/postcss-nested/-/postcss-nested-6.2.0.tgz 824ms (cache miss)
3255 http fetch GET 200 https://registry.npmjs.org/postcss-selector-parser/-/postcss-selector-parser-6.1.4.tgz 834ms (cache miss)
3256 http fetch GET 200 https://registry.npmjs.org/@jridgewell/gen-mapping/-/gen-mapping-0.3.13.tgz 837ms (cache miss)
3257 http fetch GET 200 https://registry.npmjs.org/sucrase/-/sucrase-3.35.1.tgz 855ms (cache miss)
3258 http fetch GET 200 https://registry.npmjs.org/postcss-js/-/postcss-js-4.1.0.tgz 881ms (cache miss)
3259 http fetch GET 200 https://registry.npmjs.org/postcss-load-config/-/postcss-load-config-6.0.1.tgz 896ms (cache miss)
3260 http fetch GET 200 https://registry.npmjs.org/normalize-path/-/normalize-path-3.0.0.tgz 901ms (cache miss)
3261 http fetch GET 200 https://registry.npmjs.org/postcss-import/-/postcss-import-15.1.0.tgz 902ms (cache miss)
3262 http fetch GET 200 https://registry.npmjs.org/lilconfig/-/lilconfig-3.1.3.tgz 909ms (cache miss)
3263 http fetch GET 200 https://registry.npmjs.org/dlv/-/dlv-1.1.3.tgz 936ms (cache miss)
3264 http fetch GET 200 https://registry.npmjs.org/object-hash/-/object-hash-3.0.0.tgz 938ms (cache miss)
3265 http fetch GET 200 https://registry.npmjs.org/didyoumean/-/didyoumean-1.2.2.tgz 986ms (cache miss)
3266 http fetch GET 200 https://registry.npmjs.org/has-flag/-/has-flag-4.0.0.tgz 997ms (cache miss)
3267 http fetch GET 200 https://registry.npmjs.org/side-channel-list/-/side-channel-list-1.0.1.tgz 997ms (cache miss)
3268 http fetch GET 200 https://registry.npmjs.org/client-only/-/client-only-0.0.1.tgz 997ms (cache miss)
3269 http fetch GET 200 https://registry.npmjs.org/@alloc/quick-lru/-/quick-lru-5.2.0.tgz 998ms (cache miss)
3270 http fetch GET 200 https://registry.npmjs.org/arg/-/arg-5.0.2.tgz 998ms (cache miss)
3271 http fetch GET 200 https://registry.npmjs.org/chokidar/-/chokidar-3.6.0.tgz 999ms (cache miss)
3272 http fetch GET 200 https://registry.npmjs.org/side-channel-weakmap/-/side-channel-weakmap-1.0.2.tgz 998ms (cache miss)
3273 http fetch GET 200 https://registry.npmjs.org/jiti/-/jiti-1.21.7.tgz 1001ms (cache miss)
3274 http fetch GET 200 https://registry.npmjs.org/detect-libc/-/detect-libc-2.1.2.tgz 1030ms (cache miss)
3275 http fetch GET 200 https://registry.npmjs.org/shebang-regex/-/shebang-regex-3.0.0.tgz 1030ms (cache miss)
3276 http fetch GET 200 https://registry.npmjs.org/side-channel-map/-/side-channel-map-1.0.1.tgz 1035ms (cache miss)
3277 http fetch GET 200 https://registry.npmjs.org/path-is-absolute/-/path-is-absolute-1.0.1.tgz 1201ms (cache miss)
3278 http fetch GET 200 https://registry.npmjs.org/once/-/once-1.4.0.tgz 1202ms (cache miss)
3279 http fetch GET 200 https://registry.npmjs.org/inherits/-/inherits-2.0.4.tgz 1202ms (cache miss)
3280 http fetch GET 200 https://registry.npmjs.org/queue-microtask/-/queue-microtask-1.2.3.tgz 1203ms (cache miss)
3281 http fetch GET 200 https://registry.npmjs.org/wrappy/-/wrappy-1.0.2.tgz 1202ms (cache miss)
3282 http fetch GET 200 https://registry.npmjs.org/isarray/-/isarray-2.0.5.tgz 1203ms (cache miss)
3283 http fetch GET 200 https://registry.npmjs.org/fs.realpath/-/fs.realpath-1.0.0.tgz 1202ms (cache miss)
3284 http fetch GET 200 https://registry.npmjs.org/ansi-regex/-/ansi-regex-5.0.1.tgz 1202ms (cache miss)
3285 http fetch GET 200 https://registry.npmjs.org/glob/-/glob-7.2.3.tgz 1203ms (cache miss)
3286 warn deprecated glob@7.2.3: Old versions of glob are not supported, and contain widely publicized security vulnerabilities, which have been fixed in the current version. Please update. Support for old versions may be purchased (at exorbitant rates) by contacting i@izs.me
3287 http fetch GET 200 https://registry.npmjs.org/inflight/-/inflight-1.0.6.tgz 1204ms (cache miss)
3288 warn deprecated inflight@1.0.6: This module is not supported, and leaks memory. Do not use it. Check out lru-cache if you want a good and tested way to coalesce async requests by a key value, which is much more comprehensive and powerful.
3289 http fetch GET 200 https://registry.npmjs.org/supports-preserve-symlinks-flag/-/supports-preserve-symlinks-flag-1.0.0.tgz 1205ms (cache miss)
3290 http fetch GET 200 https://registry.npmjs.org/@img/colour/-/colour-1.1.0.tgz 1207ms (cache miss)
3291 http fetch GET 200 https://registry.npmjs.org/path-parse/-/path-parse-1.0.7.tgz 1359ms (cache miss)
3292 http fetch GET 200 https://registry.npmjs.org/nanoid/-/nanoid-3.3.15.tgz 1368ms (cache miss)
3293 http fetch GET 200 https://registry.npmjs.org/js-tokens/-/js-tokens-4.0.0.tgz 1369ms (cache miss)
3294 http fetch GET 200 https://registry.npmjs.org/object-assign/-/object-assign-4.1.1.tgz 1370ms (cache miss)
3295 http fetch GET 200 https://registry.npmjs.org/callsites/-/callsites-3.1.0.tgz 1369ms (cache miss)
3296 http fetch GET 200 https://registry.npmjs.org/yocto-queue/-/yocto-queue-0.1.0.tgz 1369ms (cache miss)
3297 http fetch GET 200 https://registry.npmjs.org/fast-levenshtein/-/fast-levenshtein-2.0.6.tgz 1370ms (cache miss)
3298 http fetch GET 200 https://registry.npmjs.org/p-limit/-/p-limit-3.1.0.tgz 1370ms (cache miss)
3299 http fetch GET 200 https://registry.npmjs.org/@emnapi/runtime/-/runtime-1.11.1.tgz 1375ms (cache miss)
3300 http fetch GET 200 https://registry.npmjs.org/scheduler/-/scheduler-0.27.0.tgz 1372ms (cache miss)
3301 http fetch GET 200 https://registry.npmjs.org/loose-envify/-/loose-envify-1.4.0.tgz 1377ms (cache miss)
3302 http fetch GET 200 https://registry.npmjs.org/react-is/-/react-is-16.13.1.tgz 1379ms (cache miss)
3303 http fetch GET 200 https://registry.npmjs.org/node-exports-info/-/node-exports-info-1.6.2.tgz 1381ms (cache miss)
3304 http fetch GET 200 https://registry.npmjs.org/brace-expansion/-/brace-expansion-1.1.15.tgz 1562ms (cache miss)
3305 http fetch GET 200 https://registry.npmjs.org/word-wrap/-/word-wrap-1.2.5.tgz 1563ms (cache miss)
3306 http fetch GET 200 https://registry.npmjs.org/concat-map/-/concat-map-0.0.1.tgz 1563ms (cache miss)
3307 http fetch GET 200 https://registry.npmjs.org/p-locate/-/p-locate-5.0.0.tgz 1563ms (cache miss)
3308 http fetch GET 200 https://registry.npmjs.org/fill-range/-/fill-range-7.1.1.tgz 1563ms (cache miss)
3309 http fetch GET 200 https://registry.npmjs.org/deep-is/-/deep-is-0.1.4.tgz 1564ms (cache miss)
3310 http fetch GET 200 https://registry.npmjs.org/@next/env/-/env-15.5.19.tgz 1587ms (cache miss)
3311 http fetch GET 200 https://registry.npmjs.org/sharp/-/sharp-0.34.5.tgz 1589ms (cache miss)
3312 http fetch GET 200 https://registry.npmjs.org/picomatch/-/picomatch-2.3.2.tgz 1596ms (cache miss)
3313 http fetch GET 200 https://registry.npmjs.org/@img/sharp-darwin-arm64/-/sharp-darwin-arm64-0.34.5.tgz 1606ms (cache miss)
3314 http fetch GET 200 https://registry.npmjs.org/@swc/helpers/-/helpers-0.5.15.tgz 1634ms (cache miss)
3315 http fetch GET 200 https://registry.npmjs.org/source-map-js/-/source-map-js-1.2.1.tgz 1763ms (cache miss)
3316 http fetch GET 200 https://registry.npmjs.org/is-extglob/-/is-extglob-2.1.1.tgz 1758ms (cache miss)
3317 http fetch GET 200 https://registry.npmjs.org/prelude-ls/-/prelude-ls-1.2.1.tgz 1758ms (cache miss)
3318 http fetch GET 200 https://registry.npmjs.org/set-function-name/-/set-function-name-2.0.2.tgz 1759ms (cache miss)
3319 http fetch GET 200 https://registry.npmjs.org/type-check/-/type-check-0.4.0.tgz 1761ms (cache miss)
3320 http fetch GET 200 https://registry.npmjs.org/braces/-/braces-3.0.3.tgz 1764ms (cache miss)
3321 http fetch GET 200 https://registry.npmjs.org/side-channel/-/side-channel-1.1.1.tgz 1899ms (cache miss)
3322 http fetch GET 200 https://registry.npmjs.org/json-buffer/-/json-buffer-3.0.1.tgz 1899ms (cache miss)
3323 http fetch GET 200 https://registry.npmjs.org/resolve-from/-/resolve-from-4.0.0.tgz 1902ms (cache miss)
3324 http fetch GET 200 https://registry.npmjs.org/@img/sharp-libvips-darwin-arm64/-/sharp-libvips-darwin-arm64-1.2.4.tgz 1929ms (cache miss)
3325 http fetch GET 200 https://registry.npmjs.org/rimraf/-/rimraf-3.0.2.tgz 1942ms (cache miss)
3326 warn deprecated rimraf@3.0.2: Rimraf versions prior to v4 are no longer supported
3327 http fetch GET 200 https://registry.npmjs.org/resolve-pkg-maps/-/resolve-pkg-maps-1.0.0.tgz 1943ms (cache miss)
3328 http fetch GET 200 https://registry.npmjs.org/parent-module/-/parent-module-1.0.1.tgz 1948ms (cache miss)
3329 http fetch GET 200 https://registry.npmjs.org/functions-have-names/-/functions-have-names-1.2.3.tgz 1947ms (cache miss)
3330 http fetch GET 200 https://registry.npmjs.org/to-regex-range/-/to-regex-range-5.0.1.tgz 1977ms (cache miss)
3331 http fetch GET 200 https://registry.npmjs.org/type-fest/-/type-fest-0.20.2.tgz 1993ms (cache miss)
3332 http fetch GET 200 https://registry.npmjs.org/argparse/-/argparse-2.0.1.tgz 2236ms (cache miss)
3333 http fetch GET 200 https://registry.npmjs.org/balanced-match/-/balanced-match-1.0.2.tgz 2236ms (cache miss)
3334 http fetch GET 200 https://registry.npmjs.org/path-exists/-/path-exists-4.0.0.tgz 2234ms (cache miss)
3335 http fetch GET 200 https://registry.npmjs.org/merge2/-/merge2-1.4.1.tgz 2234ms (cache miss)
3336 http fetch GET 200 https://registry.npmjs.org/keyv/-/keyv-4.5.4.tgz 2235ms (cache miss)
3337 http fetch GET 200 https://registry.npmjs.org/locate-path/-/locate-path-6.0.0.tgz 2236ms (cache miss)
3338 http fetch GET 200 https://registry.npmjs.org/dunder-proto/-/dunder-proto-1.0.1.tgz 2236ms (cache miss)
3339 http fetch GET 200 https://registry.npmjs.org/reusify/-/reusify-1.1.0.tgz 2235ms (cache miss)
3340 http fetch GET 200 https://registry.npmjs.org/flat-cache/-/flat-cache-3.2.0.tgz 2236ms (cache miss)
3341 http fetch GET 200 https://registry.npmjs.org/flatted/-/flatted-3.4.2.tgz 2239ms (cache miss)
3342 http fetch GET 200 https://registry.npmjs.org/is-document.all/-/is-document.all-1.0.0.tgz 2240ms (cache miss)
3343 http fetch GET 200 https://registry.npmjs.org/styled-jsx/-/styled-jsx-5.1.6.tgz 2278ms (cache miss)
3344 http fetch GET 200 https://registry.npmjs.org/acorn-jsx/-/acorn-jsx-5.3.2.tgz 2299ms (cache miss)
3345 http fetch GET 200 https://registry.npmjs.org/object.entries/-/object.entries-1.1.9.tgz 2331ms (cache miss)
3346 http fetch GET 200 https://registry.npmjs.org/iterator.prototype/-/iterator.prototype-1.1.5.tgz 2332ms (cache miss)
3347 http fetch GET 200 https://registry.npmjs.org/string.prototype.repeat/-/string.prototype.repeat-1.0.0.tgz 2333ms (cache miss)
3348 http fetch GET 200 https://registry.npmjs.org/string.prototype.matchall/-/string.prototype.matchall-4.0.12.tgz 2343ms (cache miss)
3349 http fetch GET 200 https://registry.npmjs.org/estraverse/-/estraverse-5.3.0.tgz 2359ms (cache miss)
3350 http fetch GET 200 https://registry.npmjs.org/array.prototype.tosorted/-/array.prototype.tosorted-1.1.4.tgz 2361ms (cache miss)
3351 http fetch GET 200 https://registry.npmjs.org/acorn/-/acorn-8.17.0.tgz 2368ms (cache miss)
3352 http fetch GET 200 https://registry.npmjs.org/array.prototype.findlast/-/array.prototype.findlast-1.2.5.tgz 2366ms (cache miss)
3353 http fetch GET 200 https://registry.npmjs.org/micromatch/-/micromatch-4.0.8.tgz 2368ms (cache miss)
3354 http fetch GET 200 https://registry.npmjs.org/prop-types/-/prop-types-15.8.1.tgz 2367ms (cache miss)
3355 http fetch GET 200 https://registry.npmjs.org/es-iterator-helpers/-/es-iterator-helpers-1.3.3.tgz 2371ms (cache miss)
3356 http fetch GET 200 https://registry.npmjs.org/esrecurse/-/esrecurse-4.3.0.tgz 2381ms (cache miss)
3357 http fetch GET 200 https://registry.npmjs.org/language-subtag-registry/-/language-subtag-registry-0.3.23.tgz 2387ms (cache miss)
3358 http fetch GET 200 https://registry.npmjs.org/language-tags/-/language-tags-1.0.9.tgz 2407ms (cache miss)
3359 http fetch GET 200 https://registry.npmjs.org/damerau-levenshtein/-/damerau-levenshtein-1.0.8.tgz 2437ms (cache miss)
3360 http fetch GET 200 https://registry.npmjs.org/emoji-regex/-/emoji-regex-9.2.2.tgz 2441ms (cache miss)
3361 http fetch GET 200 https://registry.npmjs.org/jsx-ast-utils/-/jsx-ast-utils-3.3.5.tgz 2449ms (cache miss)
3362 http fetch GET 200 https://registry.npmjs.org/has-tostringtag/-/has-tostringtag-1.0.2.tgz 2513ms (cache miss)
3363 http fetch GET 200 https://registry.npmjs.org/ast-types-flow/-/ast-types-flow-0.0.8.tgz 2514ms (cache miss)
3364 http fetch GET 200 https://registry.npmjs.org/es-abstract-get/-/es-abstract-get-1.0.0.tgz 2515ms (cache miss)
3365 http fetch GET 200 https://registry.npmjs.org/is-symbol/-/is-symbol-1.1.1.tgz 2515ms (cache miss)
3366 http fetch GET 200 https://registry.npmjs.org/possible-typed-array-names/-/possible-typed-array-names-1.1.0.tgz 2514ms (cache miss)
3367 http fetch GET 200 https://registry.npmjs.org/is-date-object/-/is-date-object-1.1.0.tgz 2516ms (cache miss)
3368 http fetch GET 200 https://registry.npmjs.org/string.prototype.includes/-/string.prototype.includes-2.0.1.tgz 2521ms (cache miss)
3369 http fetch GET 200 https://registry.npmjs.org/axe-core/-/axe-core-4.12.1.tgz 2524ms (cache miss)
3370 http fetch GET 200 https://registry.npmjs.org/typed-array-length/-/typed-array-length-1.0.8.tgz 2522ms (cache miss)
3371 http fetch GET 200 https://registry.npmjs.org/unbox-primitive/-/unbox-primitive-1.1.0.tgz 2528ms (cache miss)
3372 http fetch GET 200 https://registry.npmjs.org/typed-array-byte-offset/-/typed-array-byte-offset-1.0.4.tgz 2548ms (cache miss)
3373 http fetch GET 200 https://registry.npmjs.org/string.prototype.trimstart/-/string.prototype.trimstart-1.0.8.tgz 2548ms (cache miss)
3374 http fetch GET 200 https://registry.npmjs.org/axobject-query/-/axobject-query-4.1.0.tgz 2555ms (cache miss)
3375 http fetch GET 200 https://registry.npmjs.org/aria-query/-/aria-query-5.3.2.tgz 2565ms (cache miss)
3376 http fetch GET 200 https://registry.npmjs.org/typed-array-buffer/-/typed-array-buffer-1.0.3.tgz 2623ms (cache miss)
3377 http fetch GET 200 https://registry.npmjs.org/typed-array-byte-length/-/typed-array-byte-length-1.0.3.tgz 2623ms (cache miss)
3378 http fetch GET 200 https://registry.npmjs.org/safe-array-concat/-/safe-array-concat-1.1.4.tgz 2624ms (cache miss)
3379 http fetch GET 200 https://registry.npmjs.org/which-typed-array/-/which-typed-array-1.1.22.tgz 2624ms (cache miss)
3380 http fetch GET 200 https://registry.npmjs.org/regexp.prototype.flags/-/regexp.prototype.flags-1.5.4.tgz 2624ms (cache miss)
3381 http fetch GET 200 https://registry.npmjs.org/stop-iteration-iterator/-/stop-iteration-iterator-1.1.0.tgz 2633ms (cache miss)
3382 http fetch GET 200 https://registry.npmjs.org/set-proto/-/set-proto-1.0.0.tgz 2633ms (cache miss)
3383 http fetch GET 200 https://registry.npmjs.org/own-keys/-/own-keys-1.0.1.tgz 2632ms (cache miss)
3384 http fetch GET 200 https://registry.npmjs.org/safe-push-apply/-/safe-push-apply-1.0.0.tgz 2729ms (cache miss)
3385 http fetch GET 200 https://registry.npmjs.org/safe-regex-test/-/safe-regex-test-1.1.0.tgz 2729ms (cache miss)
3386 http fetch GET 200 https://registry.npmjs.org/is-weakref/-/is-weakref-1.1.1.tgz 2730ms (cache miss)
3387 http fetch GET 200 https://registry.npmjs.org/string.prototype.trim/-/string.prototype.trim-1.2.11.tgz 2731ms (cache miss)
3388 http fetch GET 200 https://registry.npmjs.org/object.assign/-/object.assign-4.1.7.tgz 2733ms (cache miss)
3389 http fetch GET 200 https://registry.npmjs.org/object-inspect/-/object-inspect-1.13.4.tgz 2743ms (cache miss)
3390 http fetch GET 200 https://registry.npmjs.org/is-shared-array-buffer/-/is-shared-array-buffer-1.0.4.tgz 2744ms (cache miss)
3391 http fetch GET 200 https://registry.npmjs.org/is-negative-zero/-/is-negative-zero-2.0.3.tgz 2745ms (cache miss)
3392 http fetch GET 200 https://registry.npmjs.org/is-regex/-/is-regex-1.2.1.tgz 2753ms (cache miss)
3393 http fetch GET 200 https://registry.npmjs.org/is-typed-array/-/is-typed-array-1.1.15.tgz 2753ms (cache miss)
3394 http fetch GET 200 https://registry.npmjs.org/is-data-view/-/is-data-view-1.0.2.tgz 2753ms (cache miss)
3395 http fetch GET 200 https://registry.npmjs.org/has-proto/-/has-proto-1.2.0.tgz 2848ms (cache miss)
3396 http fetch GET 200 https://registry.npmjs.org/is-set/-/is-set-2.0.3.tgz 2848ms (cache miss)
3397 http fetch GET 200 https://registry.npmjs.org/is-array-buffer/-/is-array-buffer-3.0.5.tgz 2850ms (cache miss)
3398 http fetch GET 200 https://registry.npmjs.org/is-callable/-/is-callable-1.2.7.tgz 2863ms (cache miss)
3399 http fetch GET 200 https://registry.npmjs.org/get-symbol-description/-/get-symbol-description-1.1.0.tgz 2863ms (cache miss)
3400 http fetch GET 200 https://registry.npmjs.org/es-set-tostringtag/-/es-set-tostringtag-2.1.0.tgz 2863ms (cache miss)
3401 http fetch GET 200 https://registry.npmjs.org/data-view-byte-offset/-/data-view-byte-offset-1.0.1.tgz 2864ms (cache miss)
3402 http fetch GET 200 https://registry.npmjs.org/data-view-buffer/-/data-view-buffer-1.0.2.tgz 2864ms (cache miss)
3403 http fetch GET 200 https://registry.npmjs.org/internal-slot/-/internal-slot-1.1.0.tgz 2865ms (cache miss)
3404 http fetch GET 200 https://registry.npmjs.org/globalthis/-/globalthis-1.0.4.tgz 2867ms (cache miss)
3405 http fetch GET 200 https://registry.npmjs.org/has-symbols/-/has-symbols-1.1.0.tgz 2868ms (cache miss)
3406 http fetch GET 200 https://registry.npmjs.org/es-to-primitive/-/es-to-primitive-1.3.1.tgz 2870ms (cache miss)
3407 http fetch GET 200 https://registry.npmjs.org/function.prototype.name/-/function.prototype.name-1.2.0.tgz 2869ms (cache miss)
3408 http fetch GET 200 https://registry.npmjs.org/data-view-byte-length/-/data-view-byte-length-1.0.2.tgz 2874ms (cache miss)
3409 http fetch GET 200 https://registry.npmjs.org/available-typed-arrays/-/available-typed-arrays-1.0.7.tgz 2953ms (cache miss)
3410 http fetch GET 200 https://registry.npmjs.org/gopd/-/gopd-1.2.0.tgz 2962ms (cache miss)
3411 http fetch GET 200 https://registry.npmjs.org/call-bind-apply-helpers/-/call-bind-apply-helpers-1.0.2.tgz 2961ms (cache miss)
3412 http fetch GET 200 https://registry.npmjs.org/define-data-property/-/define-data-property-1.1.4.tgz 2983ms (cache miss)
3413 http fetch GET 200 https://registry.npmjs.org/es-shim-unscopables/-/es-shim-unscopables-1.1.0.tgz 2984ms (cache miss)
3414 http fetch GET 200 https://registry.npmjs.org/has-property-descriptors/-/has-property-descriptors-1.0.2.tgz 2985ms (cache miss)
3415 http fetch GET 200 https://registry.npmjs.org/array-buffer-byte-length/-/array-buffer-byte-length-1.0.2.tgz 2986ms (cache miss)
3416 http fetch GET 200 https://registry.npmjs.org/object-keys/-/object-keys-1.1.1.tgz 2986ms (cache miss)
3417 http fetch GET 200 https://registry.npmjs.org/set-function-length/-/set-function-length-1.2.2.tgz 2986ms (cache miss)
3418 http fetch GET 200 https://registry.npmjs.org/es-define-property/-/es-define-property-1.0.1.tgz 2986ms (cache miss)
3419 http fetch GET 200 https://registry.npmjs.org/arraybuffer.prototype.slice/-/arraybuffer.prototype.slice-1.0.4.tgz 2990ms (cache miss)
3420 http fetch GET 200 https://registry.npmjs.org/function-bind/-/function-bind-1.1.2.tgz 2991ms (cache miss)
3421 http fetch GET 200 https://registry.npmjs.org/is-string/-/is-string-1.1.1.tgz 2997ms (cache miss)
3422 http fetch GET 200 https://registry.npmjs.org/math-intrinsics/-/math-intrinsics-1.1.0.tgz 2999ms (cache miss)
3423 http fetch GET 200 https://registry.npmjs.org/es-errors/-/es-errors-1.3.0.tgz 3262ms (cache miss)
3424 http fetch GET 200 https://registry.npmjs.org/get-proto/-/get-proto-1.0.1.tgz 3273ms (cache miss)
3425 http fetch GET 200 https://registry.npmjs.org/call-bound/-/call-bound-1.0.4.tgz 3273ms (cache miss)
3426 http fetch GET 200 https://registry.npmjs.org/call-bind/-/call-bind-1.0.9.tgz 3287ms (cache miss)
3427 http fetch GET 200 https://registry.npmjs.org/object.groupby/-/object.groupby-1.0.3.tgz 3287ms (cache miss)
3428 http fetch GET 200 https://registry.npmjs.org/define-properties/-/define-properties-1.2.1.tgz 3288ms (cache miss)
3429 http fetch GET 200 https://registry.npmjs.org/object.fromentries/-/object.fromentries-2.0.8.tgz 3288ms (cache miss)
3430 http fetch GET 200 https://registry.npmjs.org/string.prototype.trimend/-/string.prototype.trimend-1.0.10.tgz 3290ms (cache miss)
3431 http fetch GET 200 https://registry.npmjs.org/object.values/-/object.values-1.2.1.tgz 3316ms (cache miss)
3432 http fetch GET 200 https://registry.npmjs.org/get-intrinsic/-/get-intrinsic-1.3.0.tgz 3318ms (cache miss)
3433 http fetch GET 200 https://registry.npmjs.org/hasown/-/hasown-2.0.4.tgz 3317ms (cache miss)
3434 http fetch GET 200 https://registry.npmjs.org/eslint-module-utils/-/eslint-module-utils-2.13.0.tgz 3328ms (cache miss)
3435 http fetch GET 200 https://registry.npmjs.org/tsconfig-paths/-/tsconfig-paths-3.15.0.tgz 3387ms (cache miss)
3436 http fetch GET 200 https://registry.npmjs.org/array.prototype.flatmap/-/array.prototype.flatmap-1.3.3.tgz 3388ms (cache miss)
3437 http fetch GET 200 https://registry.npmjs.org/array.prototype.findlastindex/-/array.prototype.findlastindex-1.2.6.tgz 3434ms (cache miss)
3438 http fetch GET 200 https://registry.npmjs.org/array.prototype.flat/-/array.prototype.flat-1.3.3.tgz 3443ms (cache miss)
3439 http fetch GET 200 https://registry.npmjs.org/stable-hash/-/stable-hash-0.0.5.tgz 3461ms (cache miss)
3440 http fetch GET 200 https://registry.npmjs.org/unrs-resolver/-/unrs-resolver-1.12.2.tgz 3484ms (cache miss)
3441 http fetch GET 200 https://registry.npmjs.org/es-object-atoms/-/es-object-atoms-1.1.2.tgz 3484ms (cache miss)
3442 http fetch GET 200 https://registry.npmjs.org/is-core-module/-/is-core-module-2.16.2.tgz 3484ms (cache miss)
3443 http fetch GET 200 https://registry.npmjs.org/is-bun-module/-/is-bun-module-2.0.0.tgz 3491ms (cache miss)
3444 http fetch GET 200 https://registry.npmjs.org/@rtsao/scc/-/scc-1.1.0.tgz 3499ms (cache miss)
3445 http fetch GET 200 https://registry.npmjs.org/@nolyfill/is-core-module/-/is-core-module-1.0.39.tgz 3498ms (cache miss)
3446 http fetch GET 200 https://registry.npmjs.org/array-includes/-/array-includes-3.1.9.tgz 3569ms (cache miss)
3447 http fetch GET 200 https://registry.npmjs.org/tinyglobby/-/tinyglobby-0.2.17.tgz 3578ms (cache miss)
3448 http fetch GET 200 https://registry.npmjs.org/semver/-/semver-7.8.5.tgz 3604ms (cache miss)
3449 http fetch GET 200 https://registry.npmjs.org/resolve/-/resolve-2.0.0-next.7.tgz 3662ms (cache miss)
3450 http fetch GET 200 https://registry.npmjs.org/get-tsconfig/-/get-tsconfig-4.14.0.tgz 3778ms (cache miss)
3451 http fetch GET 200 https://registry.npmjs.org/@typescript-eslint/project-service/-/project-service-8.62.0.tgz 3787ms (cache miss)
3452 http fetch GET 200 https://registry.npmjs.org/ts-api-utils/-/ts-api-utils-2.5.0.tgz 3793ms (cache miss)
3453 http fetch GET 200 https://registry.npmjs.org/@typescript-eslint/types/-/types-8.62.0.tgz 3823ms (cache miss)
3454 http fetch GET 200 https://registry.npmjs.org/@typescript-eslint/visitor-keys/-/visitor-keys-8.62.0.tgz 3842ms (cache miss)
3455 http fetch GET 200 https://registry.npmjs.org/@typescript-eslint/tsconfig-utils/-/tsconfig-utils-8.62.0.tgz 3842ms (cache miss)
3456 http fetch GET 200 https://registry.npmjs.org/eslint-import-resolver-typescript/-/eslint-import-resolver-typescript-3.10.1.tgz 3908ms (cache miss)
3457 http fetch GET 200 https://registry.npmjs.org/eslint-import-resolver-node/-/eslint-import-resolver-node-0.3.10.tgz 3938ms (cache miss)
3458 http fetch GET 200 https://registry.npmjs.org/@typescript-eslint/type-utils/-/type-utils-8.62.0.tgz 3940ms (cache miss)
3459 http fetch GET 200 https://registry.npmjs.org/es-abstract/-/es-abstract-1.24.2.tgz 3953ms (cache miss)
3460 http fetch GET 200 https://registry.npmjs.org/eslint-plugin-react-hooks/-/eslint-plugin-react-hooks-5.2.0.tgz 3957ms (cache miss)
3461 http fetch GET 200 https://registry.npmjs.org/fast-glob/-/fast-glob-3.3.1.tgz 3994ms (cache miss)
3462 http fetch GET 200 https://registry.npmjs.org/@typescript-eslint/typescript-estree/-/typescript-estree-8.62.0.tgz 4021ms (cache miss)
3463 http fetch GET 200 https://registry.npmjs.org/path-key/-/path-key-3.1.1.tgz 4023ms (cache miss)
3464 http fetch GET 200 https://registry.npmjs.org/@typescript-eslint/parser/-/parser-8.62.0.tgz 4026ms (cache miss)
3465 http fetch GET 200 https://registry.npmjs.org/color-name/-/color-name-1.1.4.tgz 4030ms (cache miss)
3466 http fetch GET 200 https://registry.npmjs.org/ms/-/ms-2.1.3.tgz 4037ms (cache miss)
3467 http fetch GET 200 https://registry.npmjs.org/shebang-command/-/shebang-command-2.0.0.tgz 4088ms (cache miss)
3468 http fetch GET 200 https://registry.npmjs.org/@typescript-eslint/utils/-/utils-8.62.0.tgz 4097ms (cache miss)
3469 http fetch GET 200 https://registry.npmjs.org/color-convert/-/color-convert-2.0.1.tgz 4096ms (cache miss)
3470 http fetch GET 200 https://registry.npmjs.org/supports-color/-/supports-color-7.2.0.tgz 4126ms (cache miss)
3471 http fetch GET 200 https://registry.npmjs.org/@next/eslint-plugin-next/-/eslint-plugin-next-15.5.19.tgz 4231ms (cache miss)
3472 http fetch GET 200 https://registry.npmjs.org/ansi-styles/-/ansi-styles-4.3.0.tgz 4427ms (cache miss)
3473 http fetch GET 200 https://registry.npmjs.org/json-schema-traverse/-/json-schema-traverse-0.4.1.tgz 4431ms (cache miss)
3474 http fetch GET 200 https://registry.npmjs.org/fast-json-stable-stringify/-/fast-json-stable-stringify-2.1.0.tgz 4436ms (cache miss)
3475 http fetch GET 200 https://registry.npmjs.org/@nodelib/fs.stat/-/fs.stat-2.0.5.tgz 4438ms (cache miss)
3476 http fetch GET 200 https://registry.npmjs.org/strip-json-comments/-/strip-json-comments-3.1.1.tgz 4439ms (cache miss)
3477 http fetch GET 200 https://registry.npmjs.org/text-table/-/text-table-0.2.0.tgz 4440ms (cache miss)
3478 http fetch GET 200 https://registry.npmjs.org/@humanwhocodes/object-schema/-/object-schema-2.0.3.tgz 4440ms (cache miss)
3479 http fetch GET 200 https://registry.npmjs.org/run-parallel/-/run-parallel-1.2.0.tgz 4441ms (cache miss)
3480 http fetch GET 200 https://registry.npmjs.org/fastq/-/fastq-1.20.1.tgz 4442ms (cache miss)
3481 http fetch GET 200 https://registry.npmjs.org/@nodelib/fs.scandir/-/fs.scandir-2.1.5.tgz 4443ms (cache miss)
3482 warn deprecated @humanwhocodes/object-schema@2.0.3: Use @eslint/object-schema instead
3483 http fetch GET 200 https://registry.npmjs.org/which/-/which-2.0.2.tgz 4515ms (cache miss)
3484 http fetch GET 200 https://registry.npmjs.org/@rushstack/eslint-patch/-/eslint-patch-1.16.1.tgz 4566ms (cache miss)
3485 http fetch GET 200 https://registry.npmjs.org/strip-ansi/-/strip-ansi-6.0.1.tgz 4744ms (cache miss)
3486 http fetch GET 200 https://registry.npmjs.org/natural-compare/-/natural-compare-1.4.0.tgz 4746ms (cache miss)
3487 http fetch GET 200 https://registry.npmjs.org/json-stable-stringify-without-jsonify/-/json-stable-stringify-without-jsonify-1.0.1.tgz 4746ms (cache miss)
3488 http fetch GET 200 https://registry.npmjs.org/import-fresh/-/import-fresh-3.3.1.tgz 4749ms (cache miss)
3489 http fetch GET 200 https://registry.npmjs.org/is-path-inside/-/is-path-inside-3.0.3.tgz 4749ms (cache miss)
3490 http fetch GET 200 https://registry.npmjs.org/minimatch/-/minimatch-3.1.5.tgz 4750ms (cache miss)
3491 http fetch GET 200 https://registry.npmjs.org/eslint-plugin-jsx-a11y/-/eslint-plugin-jsx-a11y-6.10.2.tgz 4820ms (cache miss)
3492 http fetch GET 200 https://registry.npmjs.org/levn/-/levn-0.4.1.tgz 4888ms (cache miss)
3493 http fetch GET 200 https://registry.npmjs.org/lodash.merge/-/lodash.merge-4.6.2.tgz 4889ms (cache miss)
3494 http fetch GET 200 https://registry.npmjs.org/is-glob/-/is-glob-4.0.3.tgz 4890ms (cache miss)
3495 http fetch GET 200 https://registry.npmjs.org/ignore/-/ignore-5.3.2.tgz 4889ms (cache miss)
3496 http fetch GET 200 https://registry.npmjs.org/imurmurhash/-/imurmurhash-0.1.4.tgz 4891ms (cache miss)
3497 http fetch GET 200 https://registry.npmjs.org/eslint-plugin-import/-/eslint-plugin-import-2.32.0.tgz 4910ms (cache miss)
3498 http fetch GET 200 https://registry.npmjs.org/graphemer/-/graphemer-1.4.0.tgz 4931ms (cache miss)
3499 http fetch GET 200 https://registry.npmjs.org/optionator/-/optionator-0.9.4.tgz 4942ms (cache miss)
3500 http fetch GET 200 https://registry.npmjs.org/js-yaml/-/js-yaml-4.2.0.tgz 4958ms (cache miss)
3501 http fetch GET 200 https://registry.npmjs.org/uri-js/-/uri-js-4.4.1.tgz 4962ms (cache miss)
3502 http fetch GET 200 https://registry.npmjs.org/globals/-/globals-13.24.0.tgz 4961ms (cache miss)
3503 http fetch GET 200 https://registry.npmjs.org/glob-parent/-/glob-parent-6.0.2.tgz 4962ms (cache miss)
3504 http fetch GET 200 https://registry.npmjs.org/file-entry-cache/-/file-entry-cache-6.0.1.tgz 4972ms (cache miss)
3505 http fetch GET 200 https://registry.npmjs.org/esutils/-/esutils-2.0.3.tgz 4992ms (cache miss)
3506 http fetch GET 200 https://registry.npmjs.org/find-up/-/find-up-5.0.0.tgz 5023ms (cache miss)
3507 http fetch GET 200 https://registry.npmjs.org/doctrine/-/doctrine-3.0.0.tgz 5053ms (cache miss)
3508 http fetch GET 200 https://registry.npmjs.org/debug/-/debug-4.4.3.tgz 5057ms (cache miss)
3509 http fetch GET 200 https://registry.npmjs.org/espree/-/espree-9.6.1.tgz 5058ms (cache miss)
3510 http fetch GET 200 https://registry.npmjs.org/eslint-visitor-keys/-/eslint-visitor-keys-3.4.3.tgz 5073ms (cache miss)
3511 http fetch GET 200 https://registry.npmjs.org/escape-string-regexp/-/escape-string-regexp-4.0.0.tgz 5073ms (cache miss)
3512 http fetch GET 200 https://registry.npmjs.org/cross-spawn/-/cross-spawn-7.0.6.tgz 5080ms (cache miss)
3513 http fetch GET 200 https://registry.npmjs.org/chalk/-/chalk-4.1.2.tgz 5084ms (cache miss)
3514 http fetch GET 200 https://registry.npmjs.org/eslint-scope/-/eslint-scope-7.2.2.tgz 5120ms (cache miss)
3515 http fetch GET 200 https://registry.npmjs.org/fast-deep-equal/-/fast-deep-equal-3.1.3.tgz 5126ms (cache miss)
3516 http fetch GET 200 https://registry.npmjs.org/@typescript-eslint/scope-manager/-/scope-manager-8.62.0.tgz 5167ms (cache miss)
3517 http fetch GET 200 https://registry.npmjs.org/@ungap/structured-clone/-/structured-clone-1.3.2.tgz 5161ms (cache miss)
3518 http fetch GET 200 https://registry.npmjs.org/@nodelib/fs.walk/-/fs.walk-1.2.8.tgz 5183ms (cache miss)
3519 http fetch GET 200 https://registry.npmjs.org/@humanwhocodes/module-importer/-/module-importer-1.0.1.tgz 5192ms (cache miss)
3520 http fetch GET 200 https://registry.npmjs.org/update-browserslist-db/-/update-browserslist-db-1.2.3.tgz 5208ms (cache miss)
3521 http fetch GET 200 https://registry.npmjs.org/node-releases/-/node-releases-2.0.49.tgz 5209ms (cache miss)
3522 http fetch GET 200 https://registry.npmjs.org/@eslint/js/-/js-8.57.1.tgz 5210ms (cache miss)
3523 http fetch GET 200 https://registry.npmjs.org/@eslint-community/regexpp/-/regexpp-4.12.2.tgz 5232ms (cache miss)
3524 http fetch GET 200 https://registry.npmjs.org/electron-to-chromium/-/electron-to-chromium-1.5.378.tgz 5233ms (cache miss)
3525 http fetch GET 200 https://registry.npmjs.org/ajv/-/ajv-6.15.0.tgz 5314ms (cache miss)
3526 http fetch GET 200 https://registry.npmjs.org/@humanwhocodes/config-array/-/config-array-0.13.0.tgz 5346ms (cache miss)
3527 warn deprecated @humanwhocodes/config-array@0.13.0: Use @eslint/config-array instead
3528 http fetch GET 200 https://registry.npmjs.org/postcss-value-parser/-/postcss-value-parser-4.2.0.tgz 5394ms (cache miss)
3529 http fetch GET 200 https://registry.npmjs.org/baseline-browser-mapping/-/baseline-browser-mapping-2.10.38.tgz 5395ms (cache miss)
3530 http fetch GET 200 https://registry.npmjs.org/esquery/-/esquery-1.7.0.tgz 5399ms (cache miss)
3531 http fetch GET 200 https://registry.npmjs.org/fraction.js/-/fraction.js-5.3.4.tgz 5427ms (cache miss)
3532 http fetch GET 200 https://registry.npmjs.org/@eslint/eslintrc/-/eslintrc-2.1.4.tgz 5534ms (cache miss)
3533 http fetch GET 200 https://registry.npmjs.org/browserslist/-/browserslist-4.28.4.tgz 5543ms (cache miss)
3534 http fetch GET 200 https://registry.npmjs.org/tslib/-/tslib-2.8.1.tgz 5560ms (cache miss)
3535 http fetch GET 200 https://registry.npmjs.org/iceberg-js/-/iceberg-js-0.8.1.tgz 5573ms (cache miss)
3536 http fetch GET 200 https://registry.npmjs.org/@eslint-community/eslint-utils/-/eslint-utils-4.9.1.tgz 5590ms (cache miss)
3537 http fetch GET 200 https://registry.npmjs.org/undici-types/-/undici-types-6.21.0.tgz 5598ms (cache miss)
3538 http fetch GET 200 https://registry.npmjs.org/picocolors/-/picocolors-1.1.1.tgz 5599ms (cache miss)
3539 http fetch GET 200 https://registry.npmjs.org/eslint-plugin-react/-/eslint-plugin-react-7.37.5.tgz 5769ms (cache miss)
3540 http fetch GET 200 https://registry.npmjs.org/react/-/react-19.2.7.tgz 5792ms (cache miss)
3541 http fetch GET 200 https://registry.npmjs.org/@supabase/functions-js/-/functions-js-2.108.2.tgz 5843ms (cache miss)
3542 http fetch GET 200 https://registry.npmjs.org/@supabase/phoenix/-/phoenix-0.4.4.tgz 5915ms (cache miss)
3543 http fetch GET 200 https://registry.npmjs.org/eslint-config-next/-/eslint-config-next-15.5.19.tgz 5934ms (cache miss)
3544 http fetch GET 200 https://registry.npmjs.org/csstype/-/csstype-3.2.3.tgz 5983ms (cache miss)
3545 http fetch GET 200 https://registry.npmjs.org/@types/react-dom/-/react-dom-19.2.3.tgz 6010ms (cache miss)
3546 http fetch GET 200 https://registry.npmjs.org/glob-parent/-/glob-parent-5.1.2.tgz 6232ms (cache miss)
3547 http fetch GET 200 https://registry.npmjs.org/semver/-/semver-6.3.1.tgz 6258ms (cache miss)
3548 http fetch GET 200 https://registry.npmjs.org/clsx/-/clsx-2.1.1.tgz 6263ms (cache miss)
3549 http fetch GET 200 https://registry.npmjs.org/debug/-/debug-3.2.7.tgz 6274ms (cache miss)
3550 http fetch GET 200 https://registry.npmjs.org/postcss/-/postcss-8.5.15.tgz 6304ms (cache miss)
3551 http fetch GET 200 https://registry.npmjs.org/@types/react/-/react-19.2.17.tgz 6318ms (cache miss)
3552 http fetch GET 200 https://registry.npmjs.org/@typescript-eslint/eslint-plugin/-/eslint-plugin-8.62.0.tgz 6480ms (cache miss)
3553 http fetch GET 200 https://registry.npmjs.org/balanced-match/-/balanced-match-4.0.4.tgz 6522ms (cache miss)
3554 http fetch GET 200 https://registry.npmjs.org/eslint-visitor-keys/-/eslint-visitor-keys-5.0.1.tgz 6522ms (cache miss)
3555 http fetch GET 200 https://registry.npmjs.org/glob-parent/-/glob-parent-5.1.2.tgz 6522ms (cache miss)
3556 http fetch GET 200 https://registry.npmjs.org/fdir/-/fdir-6.5.0.tgz 6530ms (cache miss)
3557 http fetch GET 200 https://registry.npmjs.org/picomatch/-/picomatch-4.0.4.tgz 6545ms (cache miss)
3558 http fetch GET 200 https://registry.npmjs.org/@supabase/supabase-js/-/supabase-js-2.108.2.tgz 6585ms (cache miss)
3559 http fetch GET 200 https://registry.npmjs.org/brace-expansion/-/brace-expansion-5.0.6.tgz 6595ms (cache miss)
3560 http fetch GET 200 https://registry.npmjs.org/semver/-/semver-6.3.1.tgz 6698ms (cache miss)
3561 http fetch GET 200 https://registry.npmjs.org/glob-parent/-/glob-parent-5.1.2.tgz 6704ms (cache miss)
3562 http fetch GET 200 https://registry.npmjs.org/semver/-/semver-6.3.1.tgz 6711ms (cache miss)
3563 http fetch GET 200 https://registry.npmjs.org/ignore/-/ignore-7.0.5.tgz 6713ms (cache miss)
3564 http fetch GET 200 https://registry.npmjs.org/debug/-/debug-3.2.7.tgz 6734ms (cache miss)
3565 http fetch GET 200 https://registry.npmjs.org/debug/-/debug-3.2.7.tgz 6746ms (cache miss)
3566 http fetch GET 200 https://registry.npmjs.org/doctrine/-/doctrine-2.1.0.tgz 6751ms (cache miss)
3567 http fetch GET 200 https://registry.npmjs.org/doctrine/-/doctrine-2.1.0.tgz 6751ms (cache miss)
3568 http fetch GET 200 https://registry.npmjs.org/@supabase/storage-js/-/storage-js-2.108.2.tgz 6785ms (cache miss)
3569 http fetch GET 200 https://registry.npmjs.org/@supabase/postgrest-js/-/postgrest-js-2.108.2.tgz 6786ms (cache miss)
3570 http fetch GET 200 https://registry.npmjs.org/postcss 6599ms (cache miss)
3571 silly packumentCache corgi:https://registry.npmjs.org/postcss set size:undefined disposed:false
3572 http fetch GET 200 https://registry.npmjs.org/react-dom/-/react-dom-19.2.7.tgz 6833ms (cache miss)
3573 silly packumentCache corgi:https://registry.npmjs.org/next cache-miss
3574 http fetch GET 200 https://registry.npmjs.org/@types/node/-/node-22.20.0.tgz 6884ms (cache miss)
3575 http fetch GET 200 https://registry.npmjs.org/postcss/-/postcss-8.4.31.tgz 6927ms (cache miss)
3576 http fetch GET 200 https://registry.npmjs.org/autoprefixer/-/autoprefixer-10.5.1.tgz 6934ms (cache miss)
3577 http fetch GET 200 https://registry.npmjs.org/minimatch/-/minimatch-10.2.5.tgz 6951ms (cache miss)
3578 http fetch GET 200 https://registry.npmjs.org/@supabase/realtime-js/-/realtime-js-2.108.2.tgz 6962ms (cache miss)
3579 http fetch GET 200 https://registry.npmjs.org/fast-glob/-/fast-glob-3.3.3.tgz 6985ms (cache miss)
3580 http fetch GET 200 https://registry.npmjs.org/resolve/-/resolve-1.22.12.tgz 7081ms (cache miss)
3581 http fetch GET 200 https://registry.npmjs.org/resolve/-/resolve-1.22.12.tgz 7107ms (cache miss)
3582 http fetch GET 200 https://registry.npmjs.org/@supabase/auth-js/-/auth-js-2.108.2.tgz 7244ms (cache miss)
3583 http fetch GET 200 https://registry.npmjs.org/tailwindcss/-/tailwindcss-3.4.19.tgz 7267ms (cache miss)
3584 http fetch GET 200 https://registry.npmjs.org/eslint/-/eslint-8.57.1.tgz 7568ms (cache miss)
3585 warn deprecated eslint@8.57.1: This version is no longer supported. Please see https://eslint.org/version-support for other options.
3586 http fetch GET 200 https://registry.npmjs.org/caniuse-lite/-/caniuse-lite-1.0.30001799.tgz 7875ms (cache miss)
3587 http fetch GET 200 https://registry.npmjs.org/@next/swc-darwin-arm64/-/swc-darwin-arm64-15.5.19.tgz 8038ms (cache miss)
3588 http fetch GET 200 https://registry.npmjs.org/date-fns/-/date-fns-4.4.0.tgz 9642ms (cache miss)
3589 http fetch GET 200 https://registry.npmjs.org/lucide-react/-/lucide-react-0.468.0.tgz 9848ms (cache miss)
3590 http fetch GET 200 https://registry.npmjs.org/next 3751ms (cache miss)
3591 silly packumentCache corgi:https://registry.npmjs.org/next set size:undefined disposed:false
3592 http fetch GET 200 https://registry.npmjs.org/typescript/-/typescript-5.9.3.tgz 11234ms (cache miss)
3593 http fetch GET 200 https://registry.npmjs.org/next/-/next-15.5.19.tgz 14340ms (cache miss)
3594 info run fsevents@2.3.3 install node_modules/fsevents node-gyp rebuild
3595 info run sharp@0.34.5 install node_modules/sharp node install/check.js || npm run build
3596 info run sharp@0.34.5 install { code: 0, signal: null }
3597 info run fsevents@2.3.3 install { code: 1, signal: null }
3598 verbose reify failed optional dependency /Users/derek/Documents/Codex/2026-06-24/adhd-web-app-derek-api-route/node_modules/fsevents
3599 silly reify mark deleted [
3599 silly reify   '/Users/derek/Documents/Codex/2026-06-24/adhd-web-app-derek-api-route/node_modules/fsevents'
3599 silly reify ]
3600 info run unrs-resolver@1.12.2 postinstall node_modules/unrs-resolver node postinstall.js
3601 info run unrs-resolver@1.12.2 postinstall { code: 0, signal: null }
3602 silly ADD node_modules/is-weakset
3603 silly ADD node_modules/is-weakmap
3604 silly ADD node_modules/is-map
3605 silly ADD node_modules/generator-function
3606 silly ADD node_modules/async-function
3607 silly ADD node_modules/which-collection
3608 silly ADD node_modules/is-generator-function
3609 silly ADD node_modules/is-finalizationregistry
3610 silly ADD node_modules/is-async-function
3611 silly ADD node_modules/is-number-object
3612 silly ADD node_modules/is-boolean-object
3613 silly ADD node_modules/is-bigint
3614 silly ADD node_modules/isexe
3615 silly ADD node_modules/punycode
3616 silly ADD node_modules/escalade
3617 silly ADD node_modules/napi-postinstall
3618 silly ADD node_modules/@unrs/resolver-binding-darwin-arm64
3619 silly ADD node_modules/which-boxed-primitive
3620 silly ADD node_modules/has-bigints
3621 silly ADD node_modules/which-builtin-type
3622 silly ADD node_modules/reflect.getprototypeof
3623 silly ADD node_modules/for-each
3624 silly ADD node_modules/strip-bom
3625 silly ADD node_modules/minimist
3626 silly ADD node_modules/json5
3627 silly ADD node_modules/@types/json5
3628 silly ADD node_modules/is-number
3629 silly ADD node_modules/thenify
3630 silly ADD node_modules/thenify-all
3631 silly ADD node_modules/any-promise
3632 silly ADD node_modules/@jridgewell/resolve-uri
3633 silly ADD node_modules/@jridgewell/trace-mapping
3634 silly ADD node_modules/@jridgewell/sourcemap-codec
3635 silly ADD node_modules/ts-interface-checker
3636 silly ADD node_modules/pirates
3637 silly ADD node_modules/mz
3638 silly ADD node_modules/lines-and-columns
3639 silly ADD node_modules/commander
3640 silly ADD node_modules/@jridgewell/gen-mapping
3641 silly ADD node_modules/pify
3642 silly ADD node_modules/util-deprecate
3643 silly ADD node_modules/cssesc
3644 silly ADD node_modules/camelcase-css
3645 silly ADD node_modules/read-cache
3646 silly ADD node_modules/binary-extensions
3647 silly ADD node_modules/readdirp
3648 silly ADD node_modules/is-binary-path
3649 silly ADD
3650 silly ADD node_modules/anymatch
3651 silly ADD node_modules/sucrase
3652 silly ADD node_modules/postcss-selector-parser
3653 silly ADD node_modules/postcss-nested
3654 silly ADD node_modules/postcss-load-config
3655 silly ADD node_modules/postcss-js
3656 silly ADD node_modules/postcss-import
3657 silly ADD node_modules/postcss-import/node_modules/resolve
3658 silly ADD node_modules/object-hash
3659 silly ADD node_modules/normalize-path
3660 silly ADD node_modules/lilconfig
3661 silly ADD node_modules/jiti
3662 silly ADD node_modules/dlv
3663 silly ADD node_modules/didyoumean
3664 silly ADD node_modules/chokidar
3665 silly ADD node_modules/chokidar/node_modules/glob-parent
3666 silly ADD node_modules/arg
3667 silly ADD node_modules/@alloc/quick-lru
3668 silly ADD node_modules/has-flag
3669 silly ADD node_modules/client-only
3670 silly ADD node_modules/ansi-regex
3671 silly ADD node_modules/side-channel-weakmap
3672 silly ADD node_modules/side-channel-map
3673 silly ADD node_modules/side-channel-list
3674 silly ADD node_modules/shebang-regex
3675 silly ADD node_modules/@emnapi/runtime
3676 silly ADD node_modules/detect-libc
3677 silly ADD node_modules/@img/sharp-libvips-darwin-arm64
3678 silly ADD node_modules/@img/sharp-darwin-arm64
3679 silly ADD node_modules/@img/colour
3680 silly ADD node_modules/isarray
3681 silly ADD node_modules/queue-microtask
3682 silly ADD node_modules/wrappy
3683 silly ADD node_modules/path-is-absolute
3684 silly ADD node_modules/once
3685 silly ADD node_modules/inherits
3686 silly ADD node_modules/inflight
3687 silly ADD node_modules/fs.realpath
3688 silly ADD node_modules/glob
3689 silly ADD node_modules/supports-preserve-symlinks-flag
3690 silly ADD node_modules/path-parse
3691 silly ADD node_modules/node-exports-info
3692 silly ADD node_modules/node-exports-info/node_modules/semver
3693 silly ADD node_modules/scheduler
3694 silly ADD node_modules/js-tokens
3695 silly ADD node_modules/react-is
3696 silly ADD node_modules/object-assign
3697 silly ADD node_modules/loose-envify
3698 silly ADD node_modules/source-map-js
3699 silly ADD node_modules/nanoid
3700 silly ADD node_modules/callsites
3701 silly ADD node_modules/yocto-queue
3702 silly ADD node_modules/p-limit
3703 silly ADD node_modules/word-wrap
3704 silly ADD node_modules/fast-levenshtein
3705 silly ADD node_modules/deep-is
3706 silly ADD node_modules/styled-jsx
3707 silly ADD node_modules/sharp
3708 silly ADD node_modules/@swc/helpers
3709 silly ADD node_modules/@next/swc-darwin-arm64
3710 silly ADD node_modules/@next/env
3711 silly ADD node_modules/concat-map
3712 silly ADD node_modules/balanced-match
3713 silly ADD node_modules/brace-expansion
3714 silly ADD node_modules/to-regex-range
3715 silly ADD node_modules/fill-range
3716 silly ADD node_modules/picomatch
3717 silly ADD node_modules/braces
3718 silly ADD node_modules/p-locate
3719 silly ADD node_modules/type-check
3720 silly ADD node_modules/prelude-ls
3721 silly ADD node_modules/language-subtag-registry
3722 silly ADD node_modules/json-buffer
3723 silly ADD node_modules/argparse
3724 silly ADD node_modules/set-function-name
3725 silly ADD node_modules/is-extglob
3726 silly ADD node_modules/side-channel
3727 silly ADD node_modules/resolve-from
3728 silly ADD node_modules/parent-module
3729 silly ADD node_modules/type-fest
3730 silly ADD node_modules/resolve-pkg-maps
3731 silly ADD node_modules/dunder-proto
3732 silly ADD node_modules/is-document.all
3733 silly ADD node_modules/functions-have-names
3734 silly ADD node_modules/rimraf
3735 silly ADD node_modules/keyv
3736 silly ADD node_modules/flatted
3737 silly ADD node_modules/path-exists
3738 silly ADD node_modules/locate-path
3739 silly ADD node_modules/flat-cache
3740 silly ADD node_modules/reusify
3741 silly ADD node_modules/micromatch
3742 silly ADD node_modules/merge2
3743 silly ADD node_modules/acorn-jsx
3744 silly ADD node_modules/acorn
3745 silly ADD node_modules/esrecurse
3746 silly ADD node_modules/iterator.prototype
3747 silly ADD node_modules/string.prototype.repeat
3748 silly ADD node_modules/string.prototype.matchall
3749 silly ADD node_modules/prop-types
3750 silly ADD node_modules/object.entries
3751 silly ADD node_modules/estraverse
3752 silly ADD node_modules/es-iterator-helpers
3753 silly ADD node_modules/array.prototype.tosorted
3754 silly ADD node_modules/array.prototype.findlast
3755 silly ADD node_modules/string.prototype.includes
3756 silly ADD node_modules/language-tags
3757 silly ADD node_modules/jsx-ast-utils
3758 silly ADD node_modules/emoji-regex
3759 silly ADD node_modules/damerau-levenshtein
3760 silly ADD node_modules/axobject-query
3761 silly ADD node_modules/axe-core
3762 silly ADD node_modules/ast-types-flow
3763 silly ADD node_modules/aria-query
3764 silly ADD node_modules/is-symbol
3765 silly ADD node_modules/is-date-object
3766 silly ADD node_modules/es-abstract-get
3767 silly ADD node_modules/has-tostringtag
3768 silly ADD node_modules/possible-typed-array-names
3769 silly ADD node_modules/which-typed-array
3770 silly ADD node_modules/unbox-primitive
3771 silly ADD node_modules/typed-array-length
3772 silly ADD node_modules/typed-array-byte-offset
3773 silly ADD node_modules/typed-array-byte-length
3774 silly ADD node_modules/typed-array-buffer
3775 silly ADD node_modules/string.prototype.trimstart
3776 silly ADD node_modules/string.prototype.trim
3777 silly ADD node_modules/stop-iteration-iterator
3778 silly ADD node_modules/set-proto
3779 silly ADD node_modules/safe-regex-test
3780 silly ADD node_modules/safe-push-apply
3781 silly ADD node_modules/safe-array-concat
3782 silly ADD node_modules/regexp.prototype.flags
3783 silly ADD node_modules/own-keys
3784 silly ADD node_modules/object.assign
3785 silly ADD node_modules/object-inspect
3786 silly ADD node_modules/is-weakref
3787 silly ADD node_modules/is-typed-array
3788 silly ADD node_modules/is-shared-array-buffer
3789 silly ADD node_modules/is-set
3790 silly ADD node_modules/is-regex
3791 silly ADD node_modules/is-negative-zero
3792 silly ADD node_modules/is-data-view
3793 silly ADD node_modules/is-callable
3794 silly ADD node_modules/is-array-buffer
3795 silly ADD node_modules/internal-slot
3796 silly ADD node_modules/has-symbols
3797 silly ADD node_modules/has-proto
3798 silly ADD node_modules/globalthis
3799 silly ADD node_modules/get-symbol-description
3800 silly ADD node_modules/get-proto
3801 silly ADD node_modules/function.prototype.name
3802 silly ADD node_modules/es-to-primitive
3803 silly ADD node_modules/es-set-tostringtag
3804 silly ADD node_modules/data-view-byte-offset
3805 silly ADD node_modules/data-view-byte-length
3806 silly ADD node_modules/data-view-buffer
3807 silly ADD node_modules/available-typed-arrays
3808 silly ADD node_modules/arraybuffer.prototype.slice
3809 silly ADD node_modules/array-buffer-byte-length
3810 silly ADD node_modules/gopd
3811 silly ADD node_modules/object-keys
3812 silly ADD node_modules/has-property-descriptors
3813 silly ADD node_modules/define-data-property
3814 silly ADD node_modules/function-bind
3815 silly ADD node_modules/set-function-length
3816 silly ADD node_modules/es-define-property
3817 silly ADD node_modules/call-bind-apply-helpers
3818 silly ADD node_modules/es-shim-unscopables
3819 silly ADD node_modules/es-errors
3820 silly ADD node_modules/math-intrinsics
3821 silly ADD node_modules/is-string
3822 silly ADD node_modules/get-intrinsic
3823 silly ADD node_modules/es-object-atoms
3824 silly ADD node_modules/es-abstract
3825 silly ADD node_modules/define-properties
3826 silly ADD node_modules/call-bound
3827 silly ADD node_modules/call-bind
3828 silly ADD node_modules/tsconfig-paths
3829 silly ADD node_modules/string.prototype.trimend
3830 silly ADD node_modules/object.values
3831 silly ADD node_modules/object.groupby
3832 silly ADD node_modules/object.fromentries
3833 silly ADD node_modules/hasown
3834 silly ADD node_modules/eslint-module-utils
3835 silly ADD node_modules/eslint-module-utils/node_modules/debug
3836 silly ADD node_modules/array.prototype.flatmap
3837 silly ADD node_modules/array.prototype.flat
3838 silly ADD node_modules/array.prototype.findlastindex
3839 silly ADD node_modules/array-includes
3840 silly ADD node_modules/@rtsao/scc
3841 silly ADD node_modules/unrs-resolver
3842 silly ADD node_modules/stable-hash
3843 silly ADD node_modules/is-bun-module
3844 silly ADD node_modules/get-tsconfig
3845 silly ADD node_modules/@nolyfill/is-core-module
3846 silly ADD node_modules/resolve
3847 silly ADD node_modules/is-core-module
3848 silly ADD node_modules/tinyglobby
3849 silly ADD node_modules/tinyglobby/node_modules/picomatch
3850 silly ADD node_modules/tinyglobby/node_modules/fdir
3851 silly ADD node_modules/semver
3852 silly ADD node_modules/@typescript-eslint/tsconfig-utils
3853 silly ADD node_modules/@typescript-eslint/project-service
3854 silly ADD node_modules/@typescript-eslint/typescript-estree
3855 silly ADD node_modules/@typescript-eslint/typescript-estree/node_modules/balanced-match
3856 silly ADD node_modules/@typescript-eslint/typescript-estree/node_modules/brace-expansion
3857 silly ADD node_modules/@typescript-eslint/typescript-estree/node_modules/minimatch
3858 silly ADD node_modules/@typescript-eslint/types
3859 silly ADD node_modules/ts-api-utils
3860 silly ADD node_modules/@typescript-eslint/visitor-keys
3861 silly ADD node_modules/@typescript-eslint/visitor-keys/node_modules/eslint-visitor-keys
3862 silly ADD node_modules/@typescript-eslint/utils
3863 silly ADD node_modules/@typescript-eslint/type-utils
3864 silly ADD node_modules/@typescript-eslint/scope-manager
3865 silly ADD node_modules/fast-glob
3866 silly ADD node_modules/fast-glob/node_modules/glob-parent
3867 silly ADD node_modules/eslint-plugin-react-hooks
3868 silly ADD node_modules/eslint-plugin-react
3869 silly ADD node_modules/eslint-plugin-react/node_modules/semver
3870 silly ADD node_modules/eslint-plugin-react/node_modules/doctrine
3871 silly ADD node_modules/eslint-plugin-jsx-a11y
3872 silly ADD node_modules/eslint-plugin-import
3873 silly ADD node_modules/eslint-plugin-import/node_modules/semver
3874 silly ADD node_modules/eslint-plugin-import/node_modules/doctrine
3875 silly ADD node_modules/eslint-plugin-import/node_modules/debug
3876 silly ADD node_modules/eslint-import-resolver-typescript
3877 silly ADD node_modules/eslint-import-resolver-node
3878 silly ADD node_modules/eslint-import-resolver-node/node_modules/debug
3879 silly ADD node_modules/@typescript-eslint/parser
3880 silly ADD node_modules/@typescript-eslint/eslint-plugin
3881 silly ADD node_modules/@typescript-eslint/eslint-plugin/node_modules/ignore
3882 silly ADD node_modules/@rushstack/eslint-patch
3883 silly ADD node_modules/@next/eslint-plugin-next
3884 silly ADD node_modules/ms
3885 silly ADD node_modules/which
3886 silly ADD node_modules/shebang-command
3887 silly ADD node_modules/path-key
3888 silly ADD node_modules/color-name
3889 silly ADD node_modules/color-convert
3890 silly ADD node_modules/supports-color
3891 silly ADD node_modules/ansi-styles
3892 silly ADD node_modules/uri-js
3893 silly ADD node_modules/json-schema-traverse
3894 silly ADD node_modules/fast-json-stable-stringify
3895 silly ADD node_modules/run-parallel
3896 silly ADD node_modules/@nodelib/fs.stat
3897 silly ADD node_modules/fastq
3898 silly ADD node_modules/@nodelib/fs.scandir
3899 silly ADD node_modules/@humanwhocodes/object-schema
3900 silly ADD node_modules/strip-json-comments
3901 silly ADD node_modules/import-fresh
3902 silly ADD node_modules/text-table
3903 silly ADD node_modules/strip-ansi
3904 silly ADD node_modules/optionator
3905 silly ADD node_modules/natural-compare
3906 silly ADD node_modules/minimatch
3907 silly ADD node_modules/lodash.merge
3908 silly ADD node_modules/levn
3909 silly ADD node_modules/json-stable-stringify-without-jsonify
3910 silly ADD node_modules/js-yaml
3911 silly ADD node_modules/is-path-inside
3912 silly ADD node_modules/is-glob
3913 silly ADD node_modules/imurmurhash
3914 silly ADD node_modules/ignore
3915 silly ADD node_modules/graphemer
3916 silly ADD node_modules/globals
3917 silly ADD node_modules/glob-parent
3918 silly ADD node_modules/find-up
3919 silly ADD node_modules/file-entry-cache
3920 silly ADD node_modules/fast-deep-equal
3921 silly ADD node_modules/esutils
3922 silly ADD node_modules/esquery
3923 silly ADD node_modules/espree
3924 silly ADD node_modules/eslint-visitor-keys
3925 silly ADD node_modules/eslint-scope
3926 silly ADD node_modules/escape-string-regexp
3927 silly ADD node_modules/doctrine
3928 silly ADD node_modules/debug
3929 silly ADD node_modules/cross-spawn
3930 silly ADD node_modules/chalk
3931 silly ADD node_modules/ajv
3932 silly ADD node_modules/@ungap/structured-clone
3933 silly ADD node_modules/@nodelib/fs.walk
3934 silly ADD node_modules/@humanwhocodes/module-importer
3935 silly ADD node_modules/@humanwhocodes/config-array
3936 silly ADD node_modules/@eslint/js
3937 silly ADD node_modules/@eslint/eslintrc
3938 silly ADD node_modules/@eslint-community/regexpp
3939 silly ADD node_modules/@eslint-community/eslint-utils
3940 silly ADD node_modules/update-browserslist-db
3941 silly ADD node_modules/node-releases
3942 silly ADD node_modules/electron-to-chromium
3943 silly ADD node_modules/baseline-browser-mapping
3944 silly ADD node_modules/postcss-value-parser
3945 silly ADD node_modules/picocolors
3946 silly ADD node_modules/fraction.js
3947 silly ADD node_modules/caniuse-lite
3948 silly ADD node_modules/browserslist
3949 silly ADD node_modules/csstype
3950 silly ADD node_modules/undici-types
3951 silly ADD node_modules/iceberg-js
3952 silly ADD node_modules/@supabase/phoenix
3953 silly ADD node_modules/tslib
3954 silly ADD node_modules/@supabase/storage-js
3955 silly ADD node_modules/@supabase/realtime-js
3956 silly ADD node_modules/@supabase/postgrest-js
3957 silly ADD node_modules/@supabase/functions-js
3958 silly ADD node_modules/@supabase/auth-js
3959 silly ADD node_modules/typescript
3960 silly ADD node_modules/tailwindcss
3961 silly ADD node_modules/tailwindcss/node_modules/resolve
3962 silly ADD node_modules/tailwindcss/node_modules/fast-glob
3963 silly ADD node_modules/tailwindcss/node_modules/fast-glob/node_modules/glob-parent
3964 silly ADD node_modules/react-dom
3965 silly ADD node_modules/next
3966 silly ADD node_modules/next/node_modules/postcss
3967 silly ADD node_modules/react
3968 silly ADD node_modules/lucide-react
3969 silly ADD node_modules/eslint-config-next
3970 silly ADD node_modules/eslint
3971 silly ADD node_modules/date-fns
3972 silly ADD node_modules/clsx
3973 silly ADD node_modules/postcss
3974 silly ADD node_modules/autoprefixer
3975 silly ADD node_modules/@types/react-dom
3976 silly ADD node_modules/@types/react
3977 silly ADD node_modules/@types/node
3978 silly ADD node_modules/@supabase/supabase-js
3979 verbose cwd /Users/derek/Documents/Codex/2026-06-24/adhd-web-app-derek-api-route
3980 verbose os Darwin 25.5.0
3981 verbose node v24.14.1
3982 verbose npm  v11.11.0
3983 notice
3983 notice New minor version of npm available! 11.11.0 -> 11.17.0
3983 notice Changelog: https://github.com/npm/cli/releases/tag/v11.17.0
3983 notice To update run: npm install -g npm@11.17.0
3983 notice  { force: true, Symbol(proc-log.meta): true }
3984 verbose exit 0
3985 info ok
